x1,y1,x2,y2,x3,y3,x4,y4,p1,p2,p3,p4,p5,p6,lesion_type,dist
-0.34257326079448225,0.3243259488739387,-0.5050734975993344,-0.2710939178209868,0.43158118559500985,-0.23646761121482623,0.41606557279880674,0.1832355801618744,0.5577028066067542,1.5730994808647472,0.303379917839804,-0.30337991784195983,-1.570796326789432,-1.349967557059072,0,0
-0.3540350529314995,0.4187012575567016,-0.3668526536777673,-0.3390103295135514,0.2704111529757175,-0.3319181657205818,0.45047655363354927,0.25222723767743155,0.6192998108307296,1.0786811515864225,0.2820977579942779,0.7232772384135334,0.8194758749903248,1.0346503047880173,0,0
-0.48484714878223517,0.12210972645316724,-0.48349671750594114,-0.12246501074706136,0.48487470860420034,-0.12710104762051883,0.48346915768397597,0.12745633191441297,0.24684985489403785,3.809443117139587,8.945662391069016e-07,-0.0,-1.5604874136434992,-1.570796326789742,0,0
-0.46011503983574376,0.2503783391995988,-0.4000414935640227,-0.26185282118589515,0.41912346340087675,-0.2460208398766003,0.4410330699988898,0.25749532186289664,0.4680095974545457,1.7351522709689795,0.16023068427869203,0.160230684279653,1.5079859741470605,1.5194130246619906,0,0
-0.3519641904173744,0.35583025050061107,-0.47616126523226576,-0.26836608299184767,0.33542820720765915,-0.2578214171793464,0.49269724844198104,0.17035724967058305,0.6047579319084181,1.552169504510478,0.15559482797786497,0.15559482797853066,1.2058035146072854,1.434947585540167,0,0
-0.3912055133199733,0.3182370519192602,-0.3996491074504864,-0.2969691322786245,0.37196430190782614,-0.3137186403866319,0.41889031886263356,0.29245072074599615,0.5172806498353755,1.295248126219763,0.06353598603937387,-0.24672082164481068,-1.3160957477429136,-1.3059789968838451,0,0
-0.44839667316695103,0.28096354760388476,-0.37812459496061246,-0.32995047520526305,0.4517051968641346,-0.22292303859861917,0.37481607126342886,0.2719099661999975,0.5498848543587274,1.4733691426694937,0.039626822255429184,0.282123732144653,1.2749299577668607,1.4141944498180163,0,0
-0.3179525454311644,-0.2634517506978054,-0.4663560778921834,0.14058971142164736,0.30013434289324903,0.42211994211975695,0.4841742804300989,-0.299257902843599,0.6856915414587745,1.3176594831111939,0.10220671810847246,0.0,-1.5707963267871448,-1.174185924680216,0,0
-0.44984999310534546,0.17865581114113546,-0.4612941679562657,-0.14421100007207704,0.3921348961428335,-0.25002526909842376,0.5190092649187777,0.21558045802936532,0.4564348926696524,2.105436801480734,0.23060345242353453,0.13335025417315946,1.5253730473778557,1.3639223778190952,0,0
-0.4620305629869501,0.24770271762175403,-0.38125957277988826,-0.30005056652549594,0.4649887497354415,-0.2278785244085524,0.37830138603139685,0.2802263733122944,0.5379279299570809,1.597546359470237,0.02257852164669647,-0.21256680956453816,-1.296904699688102,-1.2505099001909947,0,0
-0.8515925680726577,-0.01255538443171798,0.3058425456440426,-0.05711402535128981,0.20892676322524067,0.1304996724747724,0.3368232592033744,-0.06083026269176458,0.22737952318360966,6.211342863005801,2.198518499766806,0.3827435098500748,-1.4382447945637247,-0.38486364800725764,0,0
-0.4027783880162353,0.35605922184967725,-0.3466058494264275,-0.20654283429586698,0.12991933933343042,-0.3359118589161988,0.6194648981092323,0.1863954713623885,0.7073627915059005,1.4772919194745031,0.8525458406463261,0.31122462736695533,-1.5174119832965494,1.5235587660095167,0,0
-0.3792847522678685,0.3381922132604656,-0.39466914670691267,-0.30852159869608486,0.357730665505865,-0.3223792956446974,0.4162232334689161,0.29270868108031667,0.5356524031324463,1.2275618449239643,0.07102706644637904,-0.17623469773746395,-1.3999297955529362,-1.3612324341297892,0,0
-0.5029380373200737,-0.23079466584997313,-0.398546664300634,0.24868609506907366,0.42613841601029484,0.17187856869171758,0.4753462856104129,-0.1897699979108181,0.46906851155388424,2.0402994294397883,0.34960712379075504,-0.3496071237870495,-1.3426936985093059,-1.4774721474919819,0,0
-0.429394674326123,0.28426019391054935,-0.40266619662353237,-0.2550509754625767,0.35936378084146653,-0.29264582436306685,0.47269709010818894,0.2634366059150942,0.5204221679372198,1.5636719601813305,0.2505730103591014,-0.0,-1.4719812805795505,-1.4981968730607849,0,0
-0.31590949291209974,0.36621106974709483,-0.452150850628495,-0.2570251345714206,0.3160366213863618,-0.35907856452931197,0.4520237221542331,0.24989262935363782,0.6557884452156113,1.2466393149059518,0.004484274879181343,-0.0,1.4876550949100535,1.505905611724893,0,0
-0.48632914813633354,-0.24119207044470176,-0.4476033114951274,0.25016456587885216,0.45661931630313785,0.050331726947081885,0.477313143328323,-0.059304222381232334,0.47349203495319536,1.961187089432342,0.26520711745413367,-0.265207117448702,-1.1667371797786736,-1.5707963267889087,0,0
-0.4304310158725832,0.2641772166676338,-0.4096143034575282,-0.25869627071072077,0.4020787587754305,-0.28268229183125726,0.4379665605546809,0.27720134587434425,0.48620159406482477,1.551032246603866,0.10380223468790595,0.06933313368852853,-1.5707963267919205,1.5262575556114426,0,0
-0.5729490425209278,0.1032993530618008,0.4813673994591363,0.08973981662324977,0.491274968554151,-0.06865454676279655,-0.39969332549235953,-0.12438462292225401,0.24230675417927275,4.674127840905276,0.07532889082895608,0.07532889082881208,-1.5707963267532299,-0.9827937232280983,0,0
-0.215897440073591,0.4831404721586613,-0.4701497031435522,-0.25141568407535225,0.22061402932168298,-0.3837861404853289,0.46543311389546016,0.15206135240201976,0.811081642423553,1.0791949438322483,0.09533883515706171,-0.47276589732109625,-1.241920002264713,-0.9789252705851145,0,0
-0.26338591025220415,0.3806079700672842,-0.5311375146320018,-0.24814423360943566,0.35308978786187784,-0.304741239484554,0.4414336370223281,0.17227750302670541,0.6665508700192159,1.4190884560738184,0.2194618936207654,-0.11519028169362767,1.3473197256604381,-1.570796326787263,0,0
0.438644592830476,0.08749011636325658,-0.4345194312363359,0.27985855013940614,-0.47652076225556284,-0.2705831784160192,0.4723956006614228,-0.09676548808664352,0.5223231630585529,1.723917925712707,0.3980143156290936,0.39801431562479167,1.3134726118402156,-1.5707963267448966,0,0
-0.6272336979314774,0.11340077490564307,-0.25063128023833237,-0.23510291602597364,0.5903607858671638,-0.07523439709574178,0.2875041923026459,0.19693653821607235,0.5260488562684906,2.818248360985327,0.014581425580105818,0.7789466400108894,1.4281258771453957,1.5249101915910523,0,0
-0.4963049309430491,0.17981022435547214,-0.2806883898430649,-0.3296680069198157,0.48525717000550417,-0.24293078809544735,0.2917361507806097,0.39278857065979084,0.7091359961331402,1.3586451164124065,0.10485378468722464,0.010308913146349553,-1.2935129275954118,-1.4447082317233753,0,0
-0.3929971650080908,0.29119398309182426,-0.4212922868417921,-0.25545711962721,0.3718610900930085,-0.32064861129243616,0.4424283617568744,0.2849117478278219,0.5284610824618643,1.4116713294011318,0.06429425739199676,0.03029375991900446,-1.5707963267896883,1.4963075365859624,0,0
-0.3973942242640716,0.23111621049291178,-0.4934168639329199,-0.20900112018105677,0.44853427744308433,-0.23962388556591752,0.4422768107539071,0.21750879525406253,0.4434141707740641,2.0010004443264737,0.22849663929242228,-0.0,1.388485829494995,1.3721915776975895,0,0
-0.4727603551286528,0.13341687754653647,0.5061105732914412,0.1529779797048373,0.45062713672560967,-0.16366087413333036,-0.4839773548883981,-0.12273398311804345,0.3135003067778704,3.126868090186644,0.06374331253351058,-0.06374331253313792,1.44109378966036,-1.5707963267678695,0,0
-0.09321059266869008,0.4847285384329134,-0.4974372324360624,-0.08206920318756279,0.05099749857927307,-0.4535997463151741,0.5396503265254794,0.05094041106982348,0.9731285903339646,1.1052502368507076,0.1498889127618164,-0.8094898868285353,-0.7853981633911191,-0.7799337369075261,0,0
-0.36842490891193785,0.29352091800560887,-0.4394101098360437,-0.26993262989765465,0.40546533690007697,-0.3164102827523214,0.4023696818479045,0.2928219946443673,0.5153158957186549,1.385197946401557,0.13040330788960316,-0.1304033078901902,-1.5107592747940146,-1.5648083744049957,0,0
-0.27462456784814926,0.37481677806287733,-0.4790546608330927,-0.2198316122959324,0.2869105981948912,-0.3889998678863155,0.46676863048635076,0.23401470211937062,0.7224355740362437,1.238285780148286,0.05007715922479349,-0.16891750379271336,-1.5156376108606016,-1.5453241302778087,0,0
-0.4493054134501511,0.2126872792057871,-0.4486661167202535,-0.22038153886738604,0.46417501941437617,-0.21903400164260198,0.43379651075602854,0.22672826130420093,0.40842605379871355,2.0430785290636924,0.06656816377722119,-0.0,-1.5707963267902454,1.5563742498727182,0,0
-0.29047117512322845,0.38731540310158125,-0.4514787181345579,-0.24463235776673972,0.2843542029775719,-0.3887567848404963,0.45759569028021446,0.24607373950565475,0.7055073651406022,1.1713786713905814,0.016935052422943245,-0.23590861706956423,-1.3909428269984183,-1.3977478795451812,0,0
-0.5193787220548595,0.14286113575200796,-0.19164524148188825,-0.39278429008926846,0.5002927741472109,-0.18560061971175418,0.21073118938953686,0.43552377404901477,0.8446021230761236,1.2310292997845782,0.11285046867950435,0.08401231180837476,-1.3966523897464975,-1.4869596847181377,0,0
-0.5058042733769833,0.12944546003995588,-0.22223654996621925,-0.37374608291891526,0.5412186721209592,-0.1784067770323287,0.18682215122224335,0.4227073999112881,0.8339050715449745,1.3146065251385914,0.019534290044565642,0.23996617378110216,-1.5480729659456838,1.4434885849319135,0,0
-0.5042484295237698,-0.29586311862309705,0.389083164536184,-0.2858251797839154,0.3943155679277066,0.18471569627052895,-0.2791503029401207,0.3969726021364835,0.6225572348229036,1.296936590489804,0.3165524205797839,1.060308004888271,0.5328438876306082,0.8358603374248883,0,0
-0.26029952677204643,0.4290704558413332,-0.44875318084775967,-0.2445000536164594,0.2466833929909061,-0.40478464956818616,0.4623693146289,0.22021424734331238,0.7597441445066744,1.0926628494157784,0.05949362646051419,0.12102721980974486,1.403486269464969,1.4583025603988693,0,0
-0.4578407526651351,0.22865306299162277,-0.4177392140323567,-0.25216275658006543,0.4605726607308833,-0.22842521334030016,0.4150073059666085,0.2519349069287428,0.4629700558280821,1.8218957949603167,0.011363147275668653,-0.0,-1.5146055405874292,-1.5142528898438101,0,0
0.4941097316834257,-0.2638081534050444,0.37810184259375634,0.3159788582570367,-0.47057189911450725,0.14617020900983954,-0.40163967516267474,-0.19834091386183184,0.5593098799256365,1.6638551940521582,8.408269870082319e-07,0.0,1.5707963267849956,-1.300360201651091,0,0
-0.3950528745686116,0.35368190818693734,-0.35277697977376,-0.3512968131188066,0.3468395417460014,-0.30932201942587023,0.40099031259637014,0.30693692435773945,0.5611935081917179,1.129173353900059,0.14754093619378678,0.0038022630453652807,1.56696492792214,-1.4560483883837207,0,0
-0.2939053012131357,0.40569654813463474,-0.43429640502768463,-0.24566939888149708,0.2511834957943235,-0.3935572700484452,0.4770182104464969,0.23353012079530755,0.728371685983785,1.140206771293062,0.1333871890919337,0.004032236211109692,1.56696492792214,-1.567394979364254,0,0
-0.4938235741497743,0.16440694181344453,-0.2400316118028146,-0.36987575080431706,0.49443610208328664,-0.22267926831317864,0.23941908386930216,0.4281480773040512,0.7886547699926438,1.2383836690385883,0.07001212872351974,-0.12565033061115494,-1.199478052518005,-1.3469683553166514,0,0
-0.45834478431441183,0.22821940416300734,-0.36298671906793756,-0.2349351523402145,0.38523974491393487,-0.32242874682162803,0.43609175846841464,0.3291444949988352,0.5827909177836936,1.372733693427642,0.2809379296239937,0.024994793619232465,-1.2763342821532837,-1.5051015252358813,0,0
-0.5538448290553354,0.07101182759931449,-0.12313531782281954,-0.3711177563500508,0.5074853436753911,-0.16933777085524634,0.16949480320276383,0.4694436996059826,0.8921132352406078,1.2626443494528266,0.2856456221943019,0.2688404816815919,-1.3769978737235606,-1.5707963267875438,0,0
-0.4056974515770984,0.31866740421097967,-0.43375237226067637,-0.29941291955313765,0.40321593083481305,-0.2365666423534237,0.4362338930029617,0.21731215769558168,0.5377213925044846,1.4075618197411792,0.027259012368638227,0.008968369410858823,1.4415213227500314,-1.5053163018681672,0,0
-0.557911082552401,0.06169197662869506,0.07735140560332492,0.4407732887746629,0.49681292343010175,-0.015285528924117046,-0.016253246481025652,-0.487179736479241,0.97873433215938,1.1366135755567068,0.2056089275167909,0.20560892751772075,-1.5707963267886467,-1.5356349448348494,0,0
-0.4158465279206214,0.2565084758454774,-0.4522545931883865,-0.22398778158715726,0.39527298699306584,-0.267491662096025,0.472828134115942,0.23497096783770488,0.4847434767147694,1.76542458736452,0.07751428163107614,0.07751428163116655,1.468940092343487,1.441885555113507,0,0
-0.5055349957329767,0.21317216359337043,0.2319366083698024,0.36784143920653917,0.5003733106516414,-0.1503259130907499,-0.2267749232884671,-0.43068768970915966,0.8032470836663749,1.259701456038947,0.16126670933723666,0.16126670933786352,-1.460812506186552,-1.5302094905422423,0,0
-0.2778096697671467,0.3651772908975498,-0.46848898469749406,-0.2228488114903046,0.2975848057625525,-0.4030484660296855,0.44871384870208836,0.2607199866224404,0.704618840944199,1.193923563651691,0.08970459012222921,0.18799734032399185,1.3002524585055872,1.2120256565281033,0,0
-0.43503045736202023,0.2655731496403566,-0.3968530746956954,-0.2576780923099171,0.38743577411124464,-0.29434173197826563,0.444447757946471,0.28644667464782614,0.5107907513313775,1.5142833522066053,0.17068240003942847,0.006493415228267598,-1.4577433267792503,-1.5281864740943798,0,0
-0.505252793527774,0.19519002845026776,-0.3668100359171818,-0.28164187045383865,0.5368006446020458,-0.16707873498559936,0.3352621848429099,0.2535305769891702,0.5576782888503375,1.947135812220208,0.16426587031688264,-0.058413004765832006,-1.3559243940819747,-1.299112828335949,0,0
-0.37843046967638877,0.3554099342308283,-0.34742389868803925,-0.36472944984027733,0.3561887427731246,-0.3218189546731732,0.36966562559130334,0.3311384702826222,0.538733461272075,1.0388212501842922,0.06366659686238778,0.2035912674370923,1.3493243048770258,1.4426677652602347,0,0
-0.47208687839552194,0.16335788308620838,-0.4594915338127872,-0.16872973848708736,0.47322159412369624,-0.19327568683155033,0.45835681808461287,0.1986475422324293,0.37048834901127026,2.411973576500874,3.710359215137006e-07,-0.0,-1.506576077591484,-1.5707963267916811,0,0
-0.45073563496447594,0.25674883881249844,-0.39723169136194436,-0.2710293264505051,0.4201858181912741,-0.2574466058618515,0.42778150813514615,0.2717270934998582,0.4768208194537719,1.6186213756439125,0.11538354616280531,0.0042552934644942385,-1.4906360537419228,-1.4910687791047348,0,0
-0.3335146788756446,0.35300820541036804,-0.47078103906974894,-0.25194820735209067,0.3267684674956254,-0.31427610049471266,0.47752725044976824,0.21321610243643532,0.6327912387560654,1.4211458011638165,0.05525664778555185,0.15121769014714986,1.274444466523773,1.3671378008208235,0,0
-0.2934216527412065,0.39439422627016346,0.45671087512877934,0.23835973608197752,0.2871775066141419,-0.37710900758152344,-0.45046672900171464,-0.25564495477061744,0.6998904552645016,1.1758571634255637,0.04188444702645054,-0.05898660969547107,1.5660793806512079,-1.5437758776031305,0,0
-0.5368436889144873,0.1316402011241587,-0.17287457166232534,-0.3983667351196825,0.5156229517151529,-0.1554069692776774,0.19409530886165957,0.4221335032732012,0.8635491295371773,1.2827133879828116,0.09377406398553442,0.22347660114259765,-1.531753676831929,-1.5707963267876501,0,0
-0.39675287074553867,0.36363349579464604,-0.37934698588131543,-0.3418936104689993,0.34524230930329486,-0.2796595203893798,0.4308575473235593,0.25791963506373305,0.5839015833739364,1.1730384427778908,0.1826000920771824,0.12384426936184961,1.3859392947803837,-1.542928978399456,0,0
-0.5517785152072209,0.2194158513055264,-0.21017289090923943,-0.40254972592479304,0.447515381530328,-0.1587021080755425,0.31443602458613235,0.34183598269480914,0.7438600954422239,1.342441002246875,0.24239525008436252,0.4149057576930703,1.303094302831706,1.5177487970378378,0,0
-0.38730230453804604,0.25173795705334623,-0.39438183590344095,-0.18176285285928295,0.31979778971352946,-0.4091481284610296,0.4618863507279576,0.3391730242669663,0.6407635964643189,1.144252281937886,0.17131307804282295,-0.4209905742578126,-0.857896576402916,-1.2687368812551627,0,0
-0.36267955400604146,0.262856332987417,-0.48082328164739424,-0.23105292353369178,0.42592499836291425,-0.2974194881914542,0.4175778372905214,0.26561607873772897,0.5105315318976658,1.6104635892821964,0.24961382306471336,0.01098856868279399,1.3980796808524312,1.3214811774112154,0,0
-0.28671364404544986,0.38958751026477834,0.4831821038401493,0.21879599855866638,0.26890706680679116,-0.3774364998368506,-0.46537552660149056,-0.23094700898659404,0.7275664775138456,1.2366726698893795,0.021387112852986476,-0.0,1.4440902394077255,1.5087642143883264,0,0
0.26644172992996096,0.1990560887169224,-0.46047732902178634,0.07425639361167438,-0.45776219970072496,-0.14357133615387663,0.6517977987925504,-0.12974114617472016,0.38109596279086505,3.2463108527689033,0.15756156958601553,-1.4132347572183532,0.0,-0.8519663271631583,0,0
-0.4639304042544508,-0.013305679106746801,0.13123727745914668,-0.453675170745785,0.611135896020215,0.20615785129022168,-0.2784427692249109,0.2608229985623101,0.7681329034310757,1.5046452831583002,0.5756376258812315,0.5100857994662208,1.0525156385577614,1.0185779640515862,0,0
-0.3416113484392711,-0.35317026983980226,-0.49535836007097184,0.2835196096082201,0.3949627437827174,0.2335938388323682,0.44200696472752565,-0.163943178600786,0.5968110156447116,1.472247879314723,0.11915122538701399,0.0,-1.2778362261704732,-1.5707963267914244,0,0
-0.12879591039415603,0.4348229004118233,-0.5624525286944306,-0.1318982159576761,0.15540682534772138,-0.37887328493731265,0.5358416137408654,0.07594860048316543,0.8936777540909011,1.3497594829746515,0.04341338856041755,-1.112693947465755,-0.7799037131914998,-0.6161641705332034,0,0
-0.45394831548887876,0.20565277131359588,0.4040735819984167,0.2916962046635533,0.4596591628351149,-0.2626011273415137,-0.4097844293446528,-0.23474784863563544,0.5064101877348668,1.64822636800215,0.1319718222172721,-0.0,-1.570796326781198,-1.5707963267776552,0,0
-0.38708633919836466,0.24555247792325705,-0.4827880368914564,-0.2136322614900411,0.4236619815945284,-0.27290435228378335,0.44621239449529265,0.2409841358505673,0.481646618917747,1.791856866878892,0.16162135518378695,-0.0,1.4306174835643017,1.3708033701952056,0,0
-0.38680750324022417,0.2443150961551505,0.4759923087911587,0.11414971580423035,0.446147606710088,-0.1545923543933261,-0.5353324122610226,-0.2038724575660547,0.45326315274615736,2.2564765858743034,0.19990263199280195,-0.3165012587814073,-1.215160442481583,-1.4245609046075225,0,0
-0.259062381647197,0.31133315346386187,-0.5230785916841207,-0.19775109422320014,0.3575828754372511,-0.37980504498246526,0.4245580978940667,0.2662229857418036,0.6549479144167099,1.3711247500260682,0.3751212979963209,-0.6834797959216223,-1.161888497839294,-1.2998494764500292,0,0
-0.4913253134879987,0.06596322795524566,-0.49530913099940355,-0.0651462651289486,0.49044002070768644,-0.09509867086284438,0.49619442377971573,0.0942817080365473,0.18777131888416337,5.235513628926973,1.378176168176267e-06,-0.0,-1.5707963267899705,1.5117517371270501,0,0
-0.47781397124262703,0.1468005576622057,-0.4834222315877124,-0.14528254786164047,0.4781390877843711,-0.12986820371879432,0.4830971150459683,0.12835019391822913,0.2823039723136443,3.309055978777836,6.89490753487319e-07,-0.0,1.5355686157192465,-1.5707963267904914,0,0
-0.30686283345717785,0.3772106306891783,-0.4805197786248906,-0.2463985449225099,0.2999607541539444,-0.3260047942598903,0.4874218579281239,0.19519270849322193,0.680671489274525,1.3764510876921094,0.07367669253811392,0.26916749278791047,1.131683670863033,1.2553087385321977,0,0
-0.3596765004849674,0.3419840409482068,-0.44237229363638814,-0.26148646289337446,0.32978482994408487,-0.3182596686022894,0.4722639641772707,0.2377620905474571,0.6038828357482741,1.3853009799008262,0.11466439632403215,-0.10881220481815224,-1.5247762106724772,-1.4735431285372909,0,0
-0.3996632579770133,0.30927361142349347,-0.4123856652901778,-0.2820506736027796,0.3738806917227787,-0.29896728112907517,0.4381682315444123,0.2717443433083612,0.5173416613747365,1.3983832840720734,0.09065988720211353,-0.0,-1.570796326786632,-1.5475447039766859,0,0
-0.450799888038801,0.2502071534592967,-0.38343786113890155,-0.29819664361352594,0.4570361295869556,-0.2461121120484628,0.3772016195907469,0.294101602202692,0.5377096807285168,1.53273460463269,0.024500558509519675,-0.1370661743113545,-1.3734007669395214,-1.3644724327596092,0,0
-0.3669404939993897,0.270684674404381,0.5176725425900647,0.08723091483854173,0.3933532794364092,-0.14994955508874186,-0.5440853280270841,-0.20796603415418088,0.508211157088528,2.2182310641816274,0.2662939374766701,-0.2782996590061044,-1.5707963267827014,-1.442473099102756,0,0
-0.3308137431173669,0.33595952422694747,-0.4718051068315956,-0.20845652792561667,0.28644835764276005,-0.3421631868617651,0.5161704923062024,0.21466019056043428,0.6699686917768187,1.456927460151899,0.13787562856164756,0.07130746478592485,1.4206197925746145,1.3883250319408573,0,0
-0.4682826609324391,0.03404125360789379,0.09540439601028691,-0.4876375195049738,0.6100574339633364,0.20070813355316425,-0.23717916904118427,0.25288813234391583,0.7985385016874876,1.45618195967075,0.6852024433606168,0.1984696732939539,1.2676194876299731,1.438244794511323,0,0
-0.5406684685225678,0.09299364271536006,0.35929730418664113,0.3295972312966846,0.5108299395701861,-0.24678534223617957,-0.32945877523425937,-0.17580553177586522,0.6060653585222113,1.8243063832546624,0.3413558852542394,-0.0,-1.5707963267773528,-1.1618884978159076,0,0
-0.5178262048924127,0.17811264268846766,-0.2176072490956809,-0.40526904783243173,0.512716991363808,-0.16051543096887694,0.22271646262428563,0.387671836112841,0.8171598329831944,1.2996469435763724,0.011317220936118266,0.19270075866391376,1.5300026439338226,-1.5639937106332853,0,0
-0.5465299196200817,0.08805463594797497,-0.11943337746842758,-0.4139667366427695,0.529981551015848,-0.11582505462223322,0.1359817460726612,0.4417371553170278,0.9211750551625301,1.258042040886857,0.08975817419101416,0.0897581741908433,-1.386012710816042,-1.4337301524762491,0,0
-0.33507245327283547,0.17410734625425864,0.30671218868740774,0.3452035770838627,0.5170417454546397,-0.29960250712086123,-0.48868148086921187,-0.21970841621726012,0.648496455359624,1.5597297403982586,0.3398079455087254,-0.7556197345374119,-0.7604033697744682,-1.4476136646442403,0,0
-0.4703747687575046,0.09635611377090386,0.4911766334381694,0.09243843623554546,0.49040708963658114,-0.0964377320528905,-0.511208954317246,-0.09235681795355882,0.19325377246171102,5.199261332602672,2.610894362320793e-07,-0.0,-1.5707963267645937,1.3617733840176303,0,0
-0.5076952795535975,0.15295833172518924,0.2205841952142612,0.4469256163507165,0.48333371510079437,-0.20401444516745812,-0.19622263076145807,-0.3958695029084475,0.8352343997390377,1.1758836424272707,0.10848331155577219,-0.0,-1.5707963267849956,-1.4382447944873056,0,0
-0.5293380358912542,0.15382538610956994,-0.23054376012074512,-0.3724869416433949,0.5485201402166368,-0.15027229966428562,0.21136165579536256,0.36893385519811067,0.7991464678120443,1.4537738632361372,0.05959380159420842,0.22252993055090894,-1.5548402342428276,-1.5596236073505714,0,0
-0.4459688910270526,0.28714734615737575,-0.40129400587008,-0.29461326167672036,0.4095062113475185,-0.23234983905637266,0.43775668554961417,0.23981575457571727,0.5141167285877787,1.5190536531285452,0.1364026044015058,-0.0,-1.5707963267892469,-1.4406461620898756,0,0
-0.4326177827046763,0.24572810745345322,-0.4356572372018867,-0.2253960297941034,0.4012390911254374,-0.26759261963585346,0.46703592878112565,0.2472605419765036,0.46475443047222215,1.753302170964753,0.12065688786116864,-0.027020449187508098,-1.4998496123496565,-1.5519306407685105,0,0
0.48508687264552514,0.10728100384674068,-0.4976395822106997,0.051080176538543146,-0.4881759252103374,-0.05326589728549427,0.500728634775512,-0.10509528309978954,0.21202973492895943,4.700940163049229,0.10948945214469365,1.5707963267913505,-0.03332099587713732,-0.016391974307736597,0,0
-0.43997748159076705,0.23741799039966965,-0.40859905834735083,-0.26059678505875195,0.44565279299179933,-0.26586875505271707,0.4029237469463185,0.28904754971179936,0.4914506793589418,1.5959709004376637,0.013925406434995359,-0.009615088299748739,-1.4920860360547723,-1.5594331795277654,0,0
0.04812879086594063,0.41813658647037905,0.588843827449611,-0.05623338497935228,-0.08993502282502974,-0.40469337712804393,-0.5470375954905219,0.042790175637017154,0.9346372698899544,1.3804570484680267,0.05463307924061024,-0.05463307923978545,1.249045772405231,1.3374225585508617,0,0
-0.06201684182632124,0.4596248984067999,-0.5305624339615133,-0.055886499981956536,0.023354285536800388,-0.41891090893946537,0.5692249902510341,0.015172510514622033,0.9662026326398399,1.251841319404615,0.16127354117673007,-0.1575615695871073,-1.5707963267851879,-1.5374753309083253,0,0
-0.3121361525134354,0.3592101533953449,-0.45438401594278743,-0.28475615074942867,0.3649196247180887,-0.34444610893812655,0.40160054373813414,0.2699921062922103,0.6023188958802396,1.216481122248948,0.15777470171004698,-0.6405130698803061,-1.07495948221062,-1.023329175000186,0,0
-0.33969984792004365,0.3637574508278758,-0.43686147398582725,-0.2769408211536976,0.32636240676987366,-0.336478542836886,0.4501989151359972,0.24966191316270783,0.621151613017371,1.2668020455208204,0.0577096706278469,-0.26857943052005395,-1.3748691946671,-1.3092686519401153,0,0
-0.25088573379883816,0.3842652118335638,-0.48910187271771993,-0.18239903911144734,0.2360478835764105,-0.4065944354414842,0.5039397229401475,0.20472826271936773,0.7853565260714319,1.2556483303699322,0.015058175968949353,-0.16444046223628783,-1.5044602354180163,-1.5707963267914837,0,0
0.23237238374954305,0.4356856517151469,-0.49745768726761996,-0.07228876619506568,-0.3042356297316181,-0.07977450007947222,0.569320933249695,-0.28362238544060897,0.7673424356040349,1.4830622840466323,0.8372995618556353,-0.7769476603335991,1.4237179714246149,-0.623878293276263,0,0
0.4884923912290505,-0.030504253163547414,-0.6330710183626413,-0.01000464632916034,-0.3449650259844027,0.01349708036950174,0.48954365311799347,0.027011819123206014,0.06456838659505015,19.518277706511352,0.03446910102513201,0.0,0.09966865248126104,1.5707963262948965,0,0
-0.48490560948798134,0.22767079268238122,-0.42902554398710707,-0.2407120184253326,0.45338805165064033,-0.15669956976006622,0.4605431018244481,0.1697407955030176,0.4428319251626811,2.018538445244108,0.14065789786620725,0.14065789786665198,1.4539599875650702,-1.5315152328571928,0,0
-0.4519995773128108,0.2388989441100845,-0.2981234676121675,-0.3698270693128468,0.45424120200079354,-0.25897529376788075,0.2958818429241849,0.3899034189706431,0.688498749770335,1.192845085579144,0.00822543142052448,-0.14189705460541394,-1.3275875733172442,-1.3805333136012248,0,0
-0.3861422547919252,0.3339089403418359,-0.37875857832104914,-0.305020479788769,0.3444477011627586,-0.3362058643335085,0.4204531319502157,0.3073174037804417,0.5405115100387436,1.2036674628206703,0.12911946293709953,-0.009008765290457492,-1.5071374380655547,-1.5172760583320204,0,0
-0.4337195882569566,0.24880633888032483,-0.423711118260076,-0.2507490178086538,0.42713876627751507,-0.2635810904368866,0.4302919402395175,0.26552376936521555,0.45715269865252695,1.6329684229693808,0.0259914561509798,0.1607627406272582,1.4451459961902309,1.4107194571228305,0,0
-0.41043562960769764,0.3013077522243559,-0.3715329335886116,-0.3162858075105297,0.3905050887085543,-0.30622481679887636,0.3914634744877549,0.32120287208505016,0.5112016010386885,1.2579032848146794,0.06443514171820433,-0.07930353143130976,-1.4417871105302034,-1.4533900517348781,0,0
-0.29175439946567006,0.40632204716569115,-0.44458196649489473,-0.23017251894193783,0.2311299797503479,-0.38386215618366104,0.5052063862102169,0.20771262795990772,0.7505077528327823,1.2019834725615186,0.1982114421821093,0.3743336160106226,1.1844591119808536,1.2050490255387372,0,0
-0.33055315354176995,0.35232226383886617,-0.48068048433177807,-0.27405876612767194,0.3728280223510506,-0.2903078765721282,0.4384056155224973,0.21204437886093394,0.5906324293991462,1.4301945116773909,0.10542980950781959,0.017542060057556333,1.3370531459324329,1.4984589962635102,0,0
-0.371268308718199,0.33145916926462754,0.3879113761620287,0.3282304568166298,0.363165891827702,-0.3429726766217643,-0.37980895927153163,-0.3167169494594931,0.517775042950976,1.1383215963424167,0.03107107842369305,-0.41157745553723063,-1.1918166660459555,-1.1681416732351864,0,0
-0.28693650596758824,0.3413641912503238,-0.5172951944912917,-0.25722524480416176,0.4045271848787661,-0.3070535873046351,0.3997045155801137,0.2229146408584731,0.5977260194533794,1.4216488348366985,0.3764655654179634,-0.34421868298546454,-1.5399419240582035,-1.4231189897389855,0,0
-0.47802788993723894,0.25744354639867295,-0.35095663622616236,-0.3348336802504239,0.4692479446779037,-0.2035128446568125,0.35973658148549764,0.2809029785085635,0.5832724573290591,1.538443133342702,0.010988568691743344,-0.0,-1.518213265177394,-1.3874483741261392,0,0
-0.41248642519740536,0.23232432641165637,0.39243380466371625,0.3518490449548071,0.4119903475948215,-0.3373515870683402,-0.3919377270611324,-0.24682178429812332,0.5682299128968076,1.1962797688852616,0.25955234390445225,-0.10455560198100927,1.5563045877366415,-1.57079632678448,0,0
-0.4974446609824791,0.09587687704336256,-0.48977568048759296,-0.09689859824341795,0.4959253346580205,-0.05768550929786831,0.4912950068120515,0.0587072304979237,0.19149737304522438,5.152989477332231,1.0859460837246742e-06,-0.0,-1.5707963267912066,-1.4934601014955802,0,0
-0.521152057253723,0.20891502710472978,-0.36722531054900226,-0.20410529710146338,0.36384066780187657,-0.22680550639076394,0.5245367000008488,0.22199577638749754,0.46930645564265794,2.3299593770796188,0.7005737375449261,0.3598552685470265,-1.5428706273967019,1.555172598178325,0,0
-0.45728806963361124,0.2476674911268239,-0.3761170739995789,-0.30121078803467977,0.4581706282817598,-0.24267383264960268,0.3752345153514303,0.29621712955745855,0.5469205835371905,1.5323333091044986,0.005882285101149059,-0.0,-1.494024435521295,-1.48222557304124,0,0
-0.481350337592712,0.25793455636453183,-0.35866938335175375,-0.2960475080306084,0.41618246437686796,-0.23776213848011182,0.42383725656759774,0.2758750901461884,0.5176972406895682,1.5827099629318926,0.23283774828437212,0.14285582708220018,-1.570796326789946,-1.5155335038408329,0,0
-0.41441228424187243,0.30499268232812854,-0.4475681049464458,-0.2687318738827802,0.3782451359418302,-0.22426299817395934,0.483735253246488,0.18800218972861107,0.5343116058769699,1.6232586667435134,0.1927781186964205,0.24273651441999242,1.2165369041222556,1.3998617930238677,0,0
-0.23384452238524867,0.4061152319902263,-0.4976250477078994,-0.199738027896419,0.245713431106399,-0.39918800899522694,0.4857561389867491,0.19281080490141966,0.7919200567693215,1.2211315398299905,0.02541522100237865,0.1682067718586432,1.2540962345149154,1.2801238458895416,0,0
-0.5035476233374258,0.2881157922409541,0.48109952615838825,0.2084498313487897,0.36831835278664604,-0.17775748636365982,-0.34587025560760853,-0.318808137226084,0.5976059171105176,1.622356776013871,0.2757206834205343,0.2757206834217066,1.0916860327447322,-1.5116062878593945,0,0
0.3909274287924997,0.2732010208440683,-0.44217112773371436,0.28070399821559366,-0.38704842369336395,-0.31513008603185144,0.43829212263457856,-0.23877493302781053,0.5246100144967208,1.4776986977513082,0.10125679303025065,1.469539533759633,0.0,0.0,0,0
-0.40230086720350733,0.2678249747886922,0.42277790377757807,0.2951559992417567,0.40228683842786267,-0.30912915898682564,-0.4227638750019334,-0.25385181504362325,0.510948347578654,1.3992430018605044,0.10001198683797728,-0.10739192665691043,-1.5304142512253545,-1.5357229962558305,0,0
-0.5922745525484212,-0.09039162018602846,0.5160385278572138,-0.1788871762839248,0.42598431750790483,0.1713938750154513,-0.34974829281669745,0.09788492145450195,0.3882210709733358,3.1640680427739962,0.17415659615342557,1.2394766864942206,-0.0,1.1623074337348396,0,0
-0.3915126439131921,0.2795026718816072,-0.4446874130817534,-0.23974069352578942,0.3837939586654178,-0.30326590638979317,0.45240609832952783,0.2635039280339754,0.5227979102216507,1.539364929509801,0.0184195613171579,0.3866854951750182,1.158585366546549,1.1010138254392725,0,0
-0.3775381517962633,0.32534942873623107,-0.4356450905650741,-0.27343353808702753,0.36142613938379425,-0.3007298364484408,0.45175710297754307,0.24881394579923724,0.5555841132564276,1.4173959159641936,0.06617876991280248,0.1757382966869756,1.3325515686228966,1.39034829675796,0,0
-0.4498736790915889,0.24127876005658894,0.43813981047667133,0.18489122442193234,0.4642448771044521,-0.18032046983908678,-0.4525110084895347,-0.2458495146394345,0.44657771286682385,1.88195991326116,0.13477128447823558,0.13477128447885947,-1.5707963267744884,1.4940244355404126,0,0
-0.4453709136476094,0.21542612151006876,-0.46394458625039914,-0.2196853981830545,0.474760805679301,-0.1947020239618524,0.4345546942187075,0.19896130063483813,0.4084415296266607,2.1573903457940005,0.14444157837525573,-0.1444415783759389,-1.4956244341556268,-1.450306580802315,0,0
-0.5344397975292844,0.10868979835415814,-0.4453192123097623,-0.11950437022954644,0.4929115176111862,-0.0650533868865809,0.4868474922278605,0.07586795876196917,0.23443557920185512,4.502092763880707,0.32932616704904616,0.46364760900770263,1.4215088439290597,1.5116062878704668,0,0
-0.27499242397174073,0.43591821415776666,-0.44961492400650344,-0.3035722081595369,0.307380032574808,-0.3514149722735612,0.41722731540343627,0.21906896627533154,0.6824936624878959,1.1009852681797845,0.04166808149790455,0.412410441600666,0.9896117994216628,1.2300778578019036,0,0
-0.4933221968537621,0.05783997781095762,0.5370954695701255,0.11148492673578488,0.44408806107319454,-0.12227206601514869,-0.4878613337895581,-0.04705283853159381,0.24086733498068255,4.408072050797601,0.13255153229697142,-0.0,1.1401038154307046,-1.5707963267360732,0,0
-0.4886553062677586,0.20618828416573726,-0.34509832784258665,-0.29950264109764524,0.4936300530448685,-0.2237122271204089,0.34012358106547674,0.3170265840523169,0.6056076314531661,1.5932502779145625,4.2826258728504253e-07,-0.0,-1.3843094251216068,-1.4271387106232916,0,0
-0.43603721509397025,0.23055493009340844,0.4731291373006343,0.272326715116978,0.38595388793024427,-0.29796939074271006,-0.4230458101369083,-0.20491225446767644,0.5184940303492999,1.594200526801931,0.16043693654479096,-0.10178867540780602,1.4749866723872433,-1.4850961013418706,0,0
0.540979267688798,-0.06286517935836657,0.44731972890305194,0.06343515183668565,-0.44718395092542,0.05668562791640771,-0.5411150456664299,-0.05725560039472678,0.1366688701610479,8.56762847030142,1.3275111421509644,0.41241044158591195,-1.3526732324000394,-1.3399438682693394,0,0
-0.30071829936801103,0.3591855718261597,-0.4593874848553609,-0.2254142471899538,0.29390379376885184,-0.38784879555635765,0.4662019904545201,0.2540774709201517,0.6914471481440331,1.2390185990411535,0.0028027739015019345,-0.3533701827220589,-1.2700751766386895,-1.3462527748662803,0,0
-0.3487799795314542,0.34391299358247585,-0.46036015552384235,-0.2572429305018554,0.3357634167829249,-0.30922273459067295,0.47337671827237165,0.22255267151005248,0.6098569129890098,1.4296214913979972,0.06970487111309974,0.1903285396936114,1.2621454597246091,1.3435007077997583,0,0
-0.4727710166737288,0.12139078954111882,-0.49634463262994494,-0.12135772276621709,0.4959543782489318,-0.12414110088959064,0.473161271054742,0.12410803411468892,0.24633737111628334,3.997190205161321,0.18836645985247408,0.02127338602451369,1.4555202008291381,1.4498426796808208,0,0
-0.44662158794305895,0.2569151673538331,-0.39923299402630585,-0.24603972798776244,0.3848674101592449,-0.28284535217752177,0.46098717181011994,0.2719699128114511,0.503555194548773,1.6358756094629407,0.23029016581378767,0.143925449388902,1.5677194134312062,1.5042281630217276,0,0
-0.32925131260141405,0.3766773583646505,-0.4368854586228107,-0.2656843825835817,0.2975132141622568,-0.35042764474739757,0.46862355706196795,0.23943466896632876,0.6584001356674686,1.245362102872559,0.11631827547276488,0.2957823671862825,1.2238794620043594,1.279339532320193,0,0
-0.36525794554634644,0.3123491441359015,-0.4625251415297598,-0.23636042321242384,0.34656086233064837,-0.30693904382843795,0.4812222247454579,0.2309503229049603,0.5844515963566974,1.5239227626436846,0.06986651908709476,0.17278794821072666,1.3095777921834417,1.318432273577887,0,0
-0.32223675245256433,0.3554466505864666,-0.43470608228881363,-0.2824224971019835,0.3485399250628425,-0.3606648413569445,0.4084029096785355,0.28764068787246144,0.6037600381086438,1.1773431950928301,0.08245000649657765,-0.07835166878684749,-1.567406509267068,1.5671599791900912,0,0
-0.43820215838149496,0.2405652689828255,0.43156565710308886,0.23374645439552266,0.4486377135013984,-0.23029206659119117,-0.44200121222299227,-0.24401965678715695,0.43159019771001084,1.8379418722305645,0.02325162281140935,-0.0,-1.526183091739683,-1.5707963267863496,0,0
-0.5390577796665259,0.226059130460815,-0.25682633458151066,-0.3639190652443849,0.4502004455833989,-0.184286152493162,0.3456836686646376,0.3221460872767319,0.6786955951888589,1.4419304370942756,0.2426780536892313,0.14189705460541394,-1.5152978215412678,-1.3746746515998838,0,0
0.4771041283431403,0.21785134824713792,-0.42134610401131073,0.2586551075282802,-0.45520083924476434,-0.22861297020630042,0.3994428149129348,-0.24789348556911772,0.4722577696693682,1.8405045049817037,0.022828641745504367,-1.4509545188894084,-0.0958591471090971,0.0,0,0
-0.44152705414240645,0.14264954806860417,0.11633148039800588,0.2506092353273698,0.6922808851096078,-0.10433562249898556,-0.3670853113652072,-0.28892316089698833,0.6117261143228407,2.101464058852425,0.018650686906377268,0.24497866312882494,-0.9884433806452426,1.305464240596034,0,0
-0.43424147434074695,0.2699504608323008,-0.33303389285500307,-0.35710394109044474,0.43981048124024036,-0.26920266825896216,0.3274648859555096,0.35635614851710606,0.6236011865504663,1.2250887867627922,0.017676506646019937,0.3482929921499489,1.2692742267275778,1.2695707489369377,0,0
-0.4367360297560053,0.2536730232714522,-0.4367360297560053,-0.2536730232714522,0.4367360297560053,-0.2327515368160747,0.4367360297560053,0.2327515368160747,0.44315259615910707,1.7216494845360824,4.814712530792852e-07,-0.0,1.5468488098786737,-1.5468488098667044,0,0
-0.1799401295356859,0.4717858107474137,-0.5137446627334213,-0.19657940795965448,0.17170048768818838,-0.36414757085642513,0.5219843045809188,0.08894116806866594,0.8658004180721282,1.2390089809874196,0.19492823233946668,-0.38858001944924836,-1.4056476493737833,-1.1460900608858418,0,0
-0.4973243088376116,0.20623559499858807,-0.4045885728223814,-0.23004830623881475,0.4539556354319116,-0.19605558649433913,0.4479572462280814,0.21986829773456582,0.4279966419537306,2.114347272068683,0.195020267405719,0.19502026740726847,1.545644399305491,-1.5707963267891822,0,0
-0.43494524815898616,0.28180119466196074,-0.3946740926092615,-0.28804770876229263,0.40325452077733187,-0.2691366538515445,0.42636481999091574,0.2753831679518764,0.4908165978434905,1.5114709583088473,0.11296874405800592,0.6775381377309785,0.9401150284796895,0.9712621092242849,0,0
-0.2857382631058685,0.37390392045298015,-0.4688727212299125,-0.1933321249769739,0.23717194951354684,-0.391146155125832,0.5174390348222342,0.2105743596498258,0.7545778835119658,1.2892120235475242,0.12360593101719626,-0.16347643817234953,-1.44644133223993,-1.518990869996508,0,0
-0.4589777654855258,0.2525178473331594,-0.40312174592648914,-0.2521497128118454,0.4023675638412363,-0.25141537507076916,0.4597319475707787,0.25104724054945515,0.4636429893696426,1.820425534766558,0.2239045001307576,-0.0,-1.4614777929009717,-1.458965397234496,0,0
-0.40877689048445104,0.28518991185724224,-0.47110291201047844,-0.2540859797187274,0.41285275268114674,-0.21052009325282955,0.46702704981378274,0.1794161611143147,0.5059108715769088,1.7396104229371128,0.022984457445618747,-0.0,1.4064879853219612,-1.565668166615534,0,0
-0.4316140990574003,0.25445145606683695,-0.4131062808262497,-0.27261800949492465,0.44171286296590523,-0.2613756146241716,0.40300751691774483,0.27954216805225923,0.482216370407531,1.5816551021531735,0.036333053529534774,0.0957067080875647,1.4970387444111397,1.4801364395991605,0,0
-0.4257031970777709,0.2844412393576673,-0.3693324095552409,-0.3369384747893235,0.4394315003927558,-0.26271824979051767,0.355604106240256,0.31521548522217385,0.5642010188987527,1.32658045571827,0.053571084140562504,-0.2144716987492689,-1.357367155615864,-1.3052213256072083,0,0
-0.015003320849000062,0.4818136634389233,0.5253455635783251,0.0015963550709933963,0.025877846347866728,-0.4497863812067638,-0.5362200890771918,-0.033623637303152876,0.9889546094082075,1.1395079452355106,0.08923437832896777,0.3992207695780505,1.0621963220361894,1.1071487178004396,0,0
-0.4580009525230876,-0.10827837164883515,-0.026321402644502084,-0.3710481575412495,0.6346428486834366,0.016172086558291065,-0.1503204935158469,0.46315444263179356,0.9114863000294399,1.3098062760531688,0.029164048989988152,0.9272952180064608,1.1375507966068854,0.5906203986175131,0,0
-0.406553838963037,0.2671053799435624,-0.45270798873863494,-0.2490079556774046,0.42240797756148785,-0.26102655113760165,0.43685385014018413,0.24292912687144377,0.4698060117831821,1.6843553410182086,0.06053201978253751,-0.0605320197824121,1.5558720618077961,-1.5707963267918006,0,0
-0.536890166319836,0.17809888565999413,-0.28127500838329483,-0.3058818732018401,0.4863737121342179,-0.21227980913710998,0.33179146256891295,0.340062796678956,0.6609718481689469,1.5841354935909435,0.21302933941899319,0.18648690166893558,-1.3927033885572415,-1.455700326904554,0,0
-0.2789376752050866,0.406561709720486,-0.4631227799033104,-0.2275204419964452,0.2417424466760396,-0.3775029952037827,0.5003180084323574,0.19846172747974192,0.7553999174184102,1.228777143372019,0.13927925953743137,-0.0,1.497755761499864,1.549060619960347,0,0
-0.4344674040670895,0.25868413130527423,-0.39784411312890106,-0.24018518281486678,0.3750903626968724,-0.30794385380540235,0.4572211544991183,0.28944490531499495,0.5326847215237225,1.4926436846236297,0.20990760282017534,-0.05675715782241519,-1.3533173843223387,-1.4752415751429115,0,0
-0.47943526742128156,0.23841151761648569,-0.3258603224567396,-0.34362773150188525,0.4761244803857563,-0.21983770329539334,0.32917110949226486,0.3250539171807929,0.6389652675784142,1.429020445961868,0.005448395394221092,-0.24017100786253068,-1.2257941495808726,-1.1793911986629046,0,0
-0.4502350995881721,-0.05357455090628741,-0.4694365196637601,0.004155992857382463,0.3734294192858202,0.2844967259609669,0.546242199966112,-0.235078167912062,0.5277211629607846,1.9548264005960196,2.981424093342884e-06,0.0,-1.570796326781198,-1.0695320619127788,0,0
-0.49273328905302743,0.21930862832584302,-0.3216770518680613,-0.3126819551839744,0.46017222852468426,-0.2416439552544196,0.35423811239640446,0.33501728211255094,0.6171961769507346,1.471216056321306,0.12942232420210806,-0.07904289417937194,-1.2712643377182609,-1.316428268235386,0,0
-0.47852962308364944,0.21127433739392132,-0.4455232711114421,-0.22320694477873881,0.4741287761540218,-0.15334349977089995,0.44992411804106974,0.16527610715571747,0.4139122427733374,2.1926339253875864,8.704115072793182e-07,-0.0,-1.5707963267870226,-1.4454723402955991,0,0
-0.32792820801522776,0.3205276609548711,-0.513204513375494,-0.2507720717637189,0.40813560636648927,-0.26614118178637514,0.43299711502423255,0.1963855925952229,0.5551070143331504,1.6128377024055702,0.2599048400972825,-0.29692495597305185,-1.5707963267902454,-1.4257546284627904,0,0
-0.4585124092543815,0.1829811332311695,-0.46075791345496014,-0.18194404259715918,0.45834186463155274,-0.2106969693700299,0.46092845807778887,0.2096598787360196,0.3874371780798077,2.1926284196046257,5.274674302467127e-07,-0.0,-1.5456759838935226,1.5356349448448872,0,0
-0.4914920623075057,0.14883649357321949,-0.47485517795324195,-0.152603572131206,0.48876470421664275,-0.09942008935937922,0.47758253604410483,0.10318716791736576,0.295488664108247,3.2519126620856396,8.941938393520116e-07,-0.0,-1.5707963267897684,-1.4685896086825683,0,0
0.5208921435821326,0.19950264024745426,-0.5419372772570504,0.18248478985922453,-0.3694058589906365,-0.18967167721805228,0.3904509926655543,-0.19231575288862654,0.41643611585096013,2.7125562236432743,0.01949015615426714,1.3801038962832501,-0.22740234828055333,0.5280744484223296,0,0
-0.4542020876404617,0.2696518351729854,-0.3996419781344231,-0.26476131172200557,0.3892312640087049,-0.2512404560543693,0.46461280176618003,0.24634993260338944,0.4910267564617765,1.7192969423470852,0.2520909187355177,0.047583103277306596,-1.5337762109163433,-1.49128304732306,0,0
-0.28502583997903386,0.38682178075444584,0.4099796499861866,0.2975270469658093,0.29744932704602245,-0.4178591284518999,-0.4224031370531751,-0.2664896992683553,0.6698025378825455,1.0344259165541012,0.07947824460913855,-0.07947824460890697,-1.5195591593829532,-1.5707963267856373,0,0
-0.46927439856097625,0.02417638820008873,-0.07269964188197091,-0.4449315305781191,0.6411469904473025,0.0279967142090402,-0.09917295000435532,0.3927584281689902,0.930188847550253,1.3255756230730997,0.4111929737088367,1.0761324146531481,0.6113529235569058,0.41312883228091984,0,0
0.24396651012903012,0.40983351628836723,0.4816021474033481,-0.20333759466738002,-0.235261974137731,-0.4050433401603527,-0.4903066833946472,0.19854741853936556,0.7919860127954211,1.1927063863779734,0.030060615698588106,0.45510080857239477,1.02024692701822,1.0261455400769128,0,0
-0.5788054555400957,0.0888366957519391,0.1466194015651519,0.43058275281882746,0.49707070344327803,-0.08081597586256457,-0.06488464946833418,-0.43860347270820205,0.9351367377612768,1.2377970651007706,0.12669691064050992,0.32409247049223006,1.4072224512374893,-1.5627319854800656,0,0
-0.4152829333329265,0.2779253481349921,-0.41530086900381485,-0.27791060061456796,0.41527888133762364,-0.2789820550641916,0.4153049209991177,0.2789673075437674,0.46343597111061646,1.4886759366845168,1.4403365596931088e-05,0.0038022630453652807,1.568251803026961,1.5657073122056078,0,0
-0.37312631869063334,0.36262536514105254,-0.3604006301459452,-0.35178844220554817,0.34728713006941936,-0.3261890997867827,0.3862398187671592,0.31535217685127825,0.5425016534313036,1.062921978339345,0.07845379096368267,-0.18534794999620932,-1.403794941909544,-1.3054642405833812,0,0
-0.4976750067776501,-0.04816209743009517,0.4976750067776501,-0.04816209743009517,0.4976750067776501,0.04816209743009517,-0.4976750067776501,0.04816209743009517,0.09587628865979382,10.333333333333334,4.810098526349404e-07,-1.5707963267841438,-0.0,-0.0,0,0
-0.3448948269664553,0.3793538393427104,-0.41788192520288037,-0.318855229181584,0.3454685938327041,-0.31792931226323723,0.41730815833663154,0.2574307021021108,0.5831372902688501,1.1961891089508976,0.020060897985801483,-0.09481570743185769,1.5602426289307476,-1.4215193323694797,0,0
-0.5278762836813041,0.19738097649360783,-0.29297718234061365,-0.3303092780936753,0.5051738329219617,-0.1822910820815147,0.31567963309995606,0.3152193836815821,0.6668634593176799,1.600316419355095,0.054889862596532314,0.0548898625947558,-1.3902445030859054,-1.3456706506247198,0,0
-0.467216042351661,0.2687379336663146,-0.31924807894010415,-0.33535896264590814,0.40595197103717184,-0.26942570981498876,0.3805121502545933,0.3360467387945823,0.5862499825047288,1.3005072961332689,0.19821962229230705,0.069072332164519,-1.490325315524094,-1.478890075465537,0,0
-0.5252384196967058,0.2524781425670656,-0.3154144740414573,-0.25557260925231384,0.3172548673858418,-0.24439463807617265,0.5233980263523214,0.2474891047614209,0.5327605348004104,2.0640387644221714,0.7885145948987264,0.38798007951591945,1.5568112246370063,-1.562357708536433,0,0
-0.2898425067229432,0.36654301828250346,-0.5216330097978934,-0.21235090247848634,0.26285366224911766,-0.28016998941502164,0.548621854271719,0.12597787361100457,0.6921477421453649,1.6549147014686032,0.2322889889713907,-0.0,1.276178986589101,1.4693493715013397,0,0
-0.4309905865028445,0.27762884159619133,-0.4090474557185195,-0.2814808235416291,0.41449617452327414,-0.2604836952695787,0.42554186769808977,0.2643356772150165,0.47889557364795987,1.5319578744713689,0.060269977718071,-0.00799982933995063,-1.5490606199476717,-1.5080515715640677,0,0
-0.48238669443939935,0.24476757013549696,-0.2979205668567665,-0.36838429174516474,0.46048905991248085,-0.2218761998526099,0.31981820138368494,0.3454929214622777,0.6730975159175854,1.3207814129765394,0.04920100016841698,-0.07618812017496697,-1.3932001595051986,-1.3272796509246545,0,0
-0.3612960956134628,0.09250265612641988,0.03544819324264451,-0.5015980932352286,0.6480920518435698,0.18862555634584632,-0.3222441494727514,0.2204698807629625,0.7288468546120869,1.3979129165193542,0.9491990332016964,0.8294872208031826,0.485226992571087,0.05549850524879375,0,0
-0.3471585449480449,0.29863324562755755,-0.48135280917980955,-0.2306316218432586,0.37710066516172497,-0.3142855110635631,0.4514106889661294,0.24628388727926417,0.5717082435704693,1.5218387232616597,0.11652225656298103,-0.2032605952400136,-1.5187107775759916,-1.5503909961032587,0,0
-0.4061325831400158,0.2701095065715103,-0.4899345918116582,-0.253203565699399,0.4683773109585189,-0.17505188825001505,0.4276898639931551,0.15814594737790375,0.5014971460324423,1.8312401381673822,0.280299656338742,-0.28029965634046505,-1.5306572547451551,-1.3158068746198799,0,0
-0.49664971414676756,0.05696017221235901,-0.49646104829264165,-0.0585818001490127,0.5104047108564547,-0.05693771199162973,0.48270605158295454,0.058559339928283424,0.11796750346476335,8.59693207987145,0.23374318087816634,-0.0,-1.570796326789432,-1.5707963267892786,0,0
0.27425318273135163,0.37752228778880065,0.48205528599556624,-0.20464798595541642,-0.26091748290819333,-0.38607951544294966,-0.49539098581872454,0.21320521360956549,0.746379735719544,1.280047097423681,0.03009800056014534,0.5155490074625535,0.9519092377940844,0.9227394408689223,0,0
-0.3323892473830601,0.3705293018567226,-0.4173141512433807,-0.22084905957538306,0.23675780545550698,-0.39022123129478903,0.5129455931709339,0.24054098901344953,0.7076955965325787,1.2228183929896022,0.2700856467051542,0.004149353779883673,-1.4641909473009846,-1.5649992902812881,0,0
-0.3548184030333968,0.2990317813074736,-0.4675584493497943,-0.1820300993308579,0.2881262189442057,-0.3392613081577466,0.5342506334389854,0.22225962618113088,0.6394478145075686,1.569512656996057,0.18289415936926848,0.21991427524512844,1.3258176636751626,1.206817370291193,0,0
-0.4995674018398012,0.2003937400994737,-0.3645456390686001,-0.2559429079307982,0.4651700063658985,-0.23183370775484763,0.3989430345425029,0.28738287558617215,0.524166708201493,1.7756149946739401,0.16080779887802008,0.25862545857452446,-1.570796326791964,1.5033313022756822,0,0
-0.39162745695706147,0.29738573455033157,-0.4329037263970083,-0.27294858793215826,0.39724667158810756,-0.29115183836580605,0.42728451176596227,0.26671469174763274,0.5062530979394433,1.4615689426604226,0.01845391074398988,0.07333762440944352,1.4471367424308903,1.4626485106450575,0,0
-0.4374624745441705,0.2893588731077781,-0.31843693860142624,-0.3637888138819934,0.4053658299362027,-0.2799509829154667,0.35053358320939404,0.35438092368968205,0.6052937822466498,1.1735781395220046,0.09402911191397112,-0.19566245933376986,-1.3101939350397755,-1.2772073393790442,0,0
-0.38101764045518544,0.3219120456957043,-0.3717880353735141,-0.33144840229388267,0.38268541232482894,-0.32661619109461204,0.3701202635038706,0.33615254769279035,0.50984888354366,1.1439514170782108,0.0048308802987373466,-0.004830880293999628,-1.5582446847211455,-1.570796326790695,0,0
-0.5203022203458736,0.2237493955641292,-0.4140830876303945,-0.25062520457412013,0.466550358181392,-0.04998164821642446,0.467834949794876,0.07685745722641531,0.4687471749672593,2.08303136351055,0.23040794798034223,-0.34596727261650567,-1.2285644654109207,-0.8569737965820481,0,0
-0.5493366687620235,0.19869518544132228,-0.2568823983089028,-0.32219274269214254,0.44544245908793495,-0.2146098191076651,0.3607766079829912,0.3381073763584853,0.6568527765484073,1.5065560328540313,0.35959439331340376,0.3595943933157397,-1.5707963267889795,-1.5707963267903304,0,0
-0.333036498098416,0.3608941365555286,-0.45017531794834115,-0.31439352098531087,0.3973328387442934,-0.2966400357504749,0.38587897730246373,0.25013942018025714,0.572311797879724,1.255032795622182,0.19270075866279404,-0.19270075866391376,-1.570796326788445,-1.396995207698305,0,0
0.3177702182986349,-0.3651800036057377,-0.41265856206056273,-0.30705547422943985,-0.3157200654204899,0.3947129861745754,0.41060840918241776,0.2775224916606021,0.6255948001652115,1.0833985604749283,0.08055922061605399,0.7954988299776692,0.7174401464463679,0.7112486437335668,0,0
-0.3152987306344527,0.39345967014612465,-0.43740183131196325,-0.2910265594084618,0.3165020726382892,-0.3462338624593629,0.43619848930812666,0.24380075172170002,0.6461965072447609,1.1810300916690872,0.02361765500570538,0.02361765500504347,1.4437471313165868,1.5672249134115686,0,0
-0.4173877185178754,0.22723036785750794,-0.4026061211462893,-0.2825491085731455,0.47834644787202757,-0.27661009801397346,0.34164739179213716,0.3319288387296111,0.5504088918922134,1.4577157249039077,0.1919789254525856,-0.48447792904012205,-1.064071933866961,-1.1944017686106034,0,0
-0.8655524887871857,-0.0004728416182106393,0.3077597026324216,-0.018748475819389078,0.2788963930773821,0.00961065871879986,0.2788963930773821,0.00961065871879986,0.03327411829176594,41.37334268221773,1.5707963267948966,1.546410917646554,-0.7853981638974483,-1.5707963267698966,0,0
-0.41225199454946443,0.275303844339712,-0.4292002277063182,-0.2692955425626122,0.4199034362004347,-0.2708500365875133,0.42154878605534796,0.2648417348104134,0.4646398755609434,1.5577093626384542,0.02803907134581663,-0.09460723512041605,-1.5054688571668922,-1.494752767511045,0,0
-0.4962840082565823,0.22094865466879612,-0.33259464162717284,-0.31109740775934025,0.472715540759916,-0.22242098862630583,0.3561631091238392,0.3125697417168499,0.6043331865788333,1.5537126652098772,0.08396251948419957,-0.38416936439629606,-0.997830183900496,-0.9952264751517318,0,0
-0.5269200312233274,0.2170926833767379,-0.25559389092666174,-0.3598201366132905,0.45090558078922083,-0.20878068429139823,0.3316083413607684,0.35150813752795085,0.695555005003989,1.3746474694725703,0.2298241748426061,0.5172873803313266,1.2825060828542436,1.3378170877231423,0,0
-0.32357653823178834,0.060544614642389076,-0.5768896822513822,-0.08299132514077905,0.7104103593313804,-0.06255764365101153,0.19005586115179002,0.08500435414940147,0.2162608449359738,7.6626973206804765,2.349742966799224,1.5707963267779474,-1.071143701174783,-1.1028568986435143,0,0
0.16462953423100646,0.19858832428835102,0.26331123989867317,0.0315037305422163,0.3918377192316275,-0.1895099333755487,-0.8197784933613071,-0.040582121455018605,0.47022614106465105,3.1219315950710005,0.9150072311864655,1.297787623726732,-1.3045442776298688,-0.02213660483194285,0,0
-0.43016519236313405,0.27974824512173524,-0.4284017435341798,-0.2813155714213988,0.4311363790954731,-0.22884172255465862,0.4274305568018407,0.2304090488543222,0.4832451468771651,1.535122291017302,0.004926068532472115,-0.0,1.5129661440519264,-1.5101846447781935,0,0
-0.479421310967931,0.17812783193048917,-0.41741033589735765,-0.19652689345255725,0.45826174844736384,-0.23884766746612365,0.4385698984179248,0.2572467289881917,0.46517931142606656,1.8901303181755347,0.12435499454787868,-0.0,-1.3584765019492089,-1.4927429325901553,0,0
-0.29875891803426474,0.3384480201391563,-0.459622439143517,-0.2944229339096135,0.4063307417474253,-0.34469271322136097,0.3520506154303565,0.30066762699181815,0.591567891049711,1.2676058366936063,0.3328202129269481,-0.19092315832415094,-1.5707963267886855,-1.570796326786632,0,0
-0.47765598170167844,0.23017480386517208,-0.3734089249835264,-0.28174502044525196,0.4587251106618221,-0.233406765321729,0.3923397960233828,0.28497698190180887,0.5306677676241711,1.6522758750948587,0.07352369481017648,-0.13335025417315946,-1.2945778302304758,-1.2994617292800967,0,0
-0.20753345207997856,0.42602539022074926,-0.47768875037743463,-0.1494539218723404,0.15834494457181503,-0.44159297218061233,0.526877257885598,0.16502150383220346,0.8715799150132449,1.1578431852025728,0.10702747305007658,-0.0,1.5624631863630936,1.4733614755100881,0,0
-0.4734880271585901,0.21372396111333106,-0.3664923810616659,-0.25029973148146245,0.4298345076306025,-0.28131041122130485,0.4101459005896535,0.31788618158943627,0.5412677850548464,1.5075561937891577,0.19377482794623938,-0.3070457320223043,-0.9982067607983863,-1.1544671307592307,0,0
-0.3957562505938095,0.252919303878983,-0.48312240420167696,-0.22091110418743992,0.423590152871089,-0.25049433677336364,0.45528850192439746,0.21848613708182058,0.4724088506807946,1.8640951105536954,0.11484760898456615,0.022218565326965853,1.3988582289769644,1.4066807068702132,0,0
-0.4364673538790532,0.2431959024354156,-0.47517583310328515,-0.22623180466930196,0.4369220101619915,-0.1772632256103676,0.47472117682034687,0.1602991278442539,0.4459079753540778,2.0235213975380746,0.02923957519777825,-0.13590910222139804,-1.5707963267905298,-1.4264331859402894,0,0
-0.40272397251911235,-0.28110392110580595,0.4714445723651535,-0.17096518049761622,0.41398964462502075,0.20699423231835967,-0.4827102444710619,0.24507486928506245,0.5020560273685004,1.8133661680422886,0.1677742094856389,1.5452699576402495,-0.0,-0.0,0,0
-0.5264315118822135,0.17408295499619755,-0.232021292633681,-0.34453323631883703,0.4620697678167844,-0.23426659079564305,0.29638303669911015,0.40471687211828256,0.7406346910047056,1.319320836350546,0.26260907801749067,-0.0,-1.2120256565151921,-1.327763186497432,0,0
-0.5236171020528616,0.11472315501350144,0.30507637176255203,0.4277228848288679,0.47339470620209445,-0.28652529685686834,-0.25485397591178477,-0.2559207429855011,0.7121138711653102,1.3958898794839827,0.40313817124794427,0.26625204915174955,1.1748417404915479,-1.570796326788836,0,0
-0.4976215812929363,0.14833473851329035,-0.473090978135088,-0.15313907078896494,0.49162521163212897,-0.07464114068385018,0.47908734779589535,0.07944547295952474,0.2982319990031588,3.281368936209162,1.3901274030328511e-06,-0.0,-1.5707963267879521,-1.4191908393498378,0,0
-0.4282962496052207,0.24332108318304901,-0.4139936278200999,-0.26675911400126706,0.4497594786362499,-0.26949945040827444,0.3925303987890708,0.2929374812264925,0.4938509695964635,1.561163001315246,0.07337039645979229,0.2685794305212276,1.3334220798268048,1.2698760924397137,0,0
-0.48498936456655134,0.08232050582273634,-0.4302954727260808,-0.12545932620545514,0.5243422867444508,-0.2318206288674107,0.39094255054818133,0.2749594492501295,0.5115091730978956,1.9916561342746835,6.986086469728517e-07,-0.0,-1.2024474053808438,-1.529883497013619,0,0
-0.5227040490821593,-0.13977389198245935,-0.19275846488133308,0.39573577164064133,0.5189759408395399,0.16594070529628505,0.19648657312395246,-0.42190258495446703,0.8517175150575871,1.2740106692885194,0.050432365363109716,-0.2568264499722894,-1.0740725499120525,-1.1356107805838251,0,0
-0.48284903670529034,0.20355077373461597,-0.27215332485980687,-0.3783707460337927,0.49525633247406553,-0.21272680827658008,0.25974602909103184,0.38754678057575687,0.7491480451253726,1.2770374553368533,0.026498094386216,-0.12297186956566497,-1.3130251845521,-1.3433213463132805,0,0
0.4510055796253988,0.18433908700235577,-0.5322382679350532,0.25125031049029706,-0.348379506935246,-0.3055580026219389,0.4296121952449005,-0.13003139487071394,0.5474783481381197,1.7658569823871497,0.28984648991181167,0.0,-1.1839206090532803,-1.57079632677362,0,0
-0.49510973276527437,0.20488438250505792,-0.26864315415929707,-0.37877345696501025,0.49865913230455966,-0.19870903991478706,0.2650937546200118,0.3725981143747394,0.7466896736960408,1.3226064213447317,0.017962139853713144,-0.21535769969991264,-1.215809933627099,-1.202447405378299,0,0
-0.406273586952433,0.2308540926172647,-0.36269349701261744,-0.22568926851312676,0.3665982933715133,-0.3917209810212771,0.4023687905935372,0.3865561569171392,0.6293478752121939,1.0390159727523134,0.14109707907837835,0.12161902326268463,-1.3734007669383845,1.3541260458205826,0,0
-0.49778703946812936,0.2115487730362371,-0.2488791811927801,-0.40109389772801285,0.4881844941794415,-0.18942581723190946,0.2584817264814679,0.3789709419236852,0.7691217262959311,1.263960998534187,0.0018566946795702081,-0.2685794305212276,-1.195955611432201,-1.1341691669745122,0,0
-0.43021863827894663,0.17132972894860832,-0.49293985197633045,-0.14058954155605147,0.41833962053323004,-0.23040534836236962,0.504818869722047,0.19966516096981282,0.4291066016314484,2.319988699638361,5.771194914292501e-07,-0.0,1.4706038398885786,1.3420662335610862,0,0
-0.40313695484545325,-0.20646690784925878,0.1834387313987977,-0.1366602700072964,0.677865228561685,0.08718405567384974,-0.4581670051150294,0.2559431221827055,0.5253126992917289,2.456763824085273,0.2659227768547264,-1.5707963267875973,1.2641200074007877,-0.0,0,0
-0.5469771846775217,0.0788273878051211,-0.10150960734397037,-0.42073422739196875,0.5169158944421937,-0.11568016633780814,0.13157089757929832,0.45758700592465584,0.9344398813694497,1.2112801544172556,0.13640260440146743,0.2782996590074699,1.5624631863630936,1.5116062878741576,0,0
-0.42621410400140425,0.3023767592858703,-0.38552099134253937,-0.3112098046783536,0.3962211443559778,-0.2710374713341035,0.41551395098796573,0.27987051672658675,0.5164730250532169,1.3718163082828654,0.10122881751641748,0.018516402068094746,1.5671599791900912,-1.4963578510430102,0,0
-0.4268765490959862,0.42492533153835976,-0.15998037443560825,-0.2967873349644307,-0.0031175914870644823,-0.3532481047399533,0.5899745150186589,0.22511010816602428,0.7912864867453526,1.306715208601607,1.1521872973006206,0.31920603062868724,-1.190289949648049,-1.3417583423071682,0,0
-0.4268764055850154,0.2482545898996059,-0.44451368871385594,-0.23519977699946762,0.42135957666791013,-0.2545982276636066,0.4500305176309613,0.24154341476346838,0.44982407459533913,1.7789384390440768,0.021257993302149232,-0.30345991144270246,-1.2814024484159612,-1.2961489524946797,0,0
-0.522001864170014,-0.1452349054612555,-0.16272072184238842,0.4439340171258646,0.5378940386352952,0.10300558318947363,0.14682854737710724,-0.40170469485408267,0.8962890060811052,1.2533672924264643,0.11160329468609775,0.1116032946844347,1.3644724327726057,1.2777585059742824,0,0
-0.44008528171935357,0.24798670436967168,-0.43130500348282397,-0.25282710894132226,0.43990235925609256,-0.23755308325902597,0.43148792594608504,0.24239348783067655,0.44070996614345903,1.757115354222456,4.759049243531067e-07,-0.0,-1.5707963267889087,-1.5468488098667044,0,0
-0.434838272039751,0.1999069434583094,0.5152014803241134,0.08373810814518935,0.4355992810092857,-0.10778597618764912,-0.5159624892936481,-0.17585907541584964,0.3874763796697405,2.74416503308962,0.19309047231778076,-0.1070806985127316,1.4056476493950119,-1.5546686929431979,0,0
-0.3506331114954691,0.2789114514056593,-0.49442163204701967,-0.18148436219445876,0.3305142066602325,-0.31623725914808665,0.5145405368822563,0.21881016993688612,0.6004825338357694,1.6953110223334003,0.028553204478999124,-0.13010205771116726,1.5601015474033755,1.4675379461384535,0,0
-0.401812624410731,0.3093517569475076,-0.4075264760173644,-0.3067886088842143,0.4041054912817138,-0.279788499629174,0.4052336091463816,0.2772253515658806,0.5007742962062119,1.3191151403732637,0.007248061033111767,0.27922301977871067,1.2490457724030932,1.322086337706344,0,0
-0.40476625683231454,0.26285765425945623,-0.4378068068954862,-0.24039110500622912,0.4026186210782084,-0.29556882361172576,0.4399544426495923,0.27310227435849865,0.49915745353451596,1.543530614933833,4.2067748944441106e-07,-0.0,-1.5707963267889087,1.4931086848713022,0,0
-0.39824924767430425,0.24292961757570206,-0.4382202558114617,-0.25401535917245516,0.4508084984192712,-0.2892433080016884,0.38566100506649464,0.30032904959844153,0.5241467786061197,1.5079213649865613,0.1903137824710243,-0.3770875870167628,-1.2343649348571095,-1.3470609264825055,0,0
-0.4911187479363871,0.20965790481173208,-0.3850804256604612,-0.25387661234221554,0.46757470993014105,-0.2182320296180154,0.40862446366670735,0.26245073714849887,0.4949996520743123,1.8567551356947234,0.10286148966247534,-0.0,-1.3876855095288316,-1.4045138630146135,0,0
-0.45074611561953987,0.24607278537830438,-0.39775166065870426,-0.2443856437541615,0.39850585751624634,-0.2810616363172005,0.4499919187619977,0.2793744946930576,0.5048061390425738,1.607209072616074,0.1992439865803306,-0.0,-1.4171351090376858,-1.5001177927413558,0,0
-0.31083345961709635,0.3716034485480603,0.47334188589814263,0.10321832029602936,0.36746518392715793,-0.20613525637511998,-0.5299736102082042,-0.2686865124689697,0.642412839889715,1.566970524592781,0.39934245368289134,-0.0,-1.5707963267716407,-1.5707963267836607,0,0
-0.5286378465292196,0.19406170889274965,-0.28736839205755604,-0.31828105042384247,0.4807700723122594,-0.20969935091249284,0.3352361662745164,0.33391869244358574,0.6583355851167585,1.54769751120043,0.17852987382851157,-0.0,-1.2711134967827586,-1.2911894789872784,0,0
-0.5007013679512923,0.21787720810112243,-0.4055074079966992,-0.22892873150530563,0.4235704855395793,-0.1849608475379923,0.48263829040841205,0.1960123709421755,0.4393620000056716,2.200820470797424,0.3637355183699267,0.37404443151911304,1.353685012064666,1.4288992721947327,0,0
-0.40347183129446873,0.32541827446138805,-0.3949761885422457,-0.3320751671360277,0.40388835452967786,-0.26704909741654675,0.3945596653070366,0.27370599009118635,0.5308340271862473,1.227936485362685,0.004328977292296928,-0.004328977287078243,1.5068267869866028,-1.488837476852646,0,0
-0.423766569705001,0.2832501674726288,-0.3999099409223746,-0.296428316555456,0.418961083991426,-0.26998255366702284,0.4047154266359496,0.28316070274984995,0.4885110887432897,1.4537846011472761,0.015383401787053812,-0.3063671526189813,-1.2555816270376357,-1.2231894670325891,0,0
-0.48476091129342236,0.13786153475404836,-0.4704984233446466,-0.1603103496271488,0.5565380673016991,-0.11118400224803227,0.39872126733636987,0.1336328171211327,0.31048607865192324,3.4922775524464784,0.5247957716509815,-0.0,-1.570796326788445,-1.5182132651764568,0,0
-0.45232318493617885,0.24252731289184137,-0.42965633406818887,-0.22503618374475465,0.39645117920739537,-0.2414192775612567,0.48552833979697235,0.22392814841416994,0.4538700477458479,1.937923612304163,0.2375735852129121,0.06826980705740923,-1.5707963267900658,-1.5707963267906413,0,0
-0.49403066540122353,0.018205086174547632,0.4777581922466416,0.12706232038106108,0.5058141804441967,-0.12339872540447117,-0.4895417072896147,-0.02186868115113753,0.2504221857137182,3.9920173722407086,0.2132045193899342,-0.0,-1.5707963267548966,-1.5707963265448965,0,0
-0.38075235953624564,0.3227796444212431,-0.4268145647968538,-0.31495946061036034,0.41944643722674835,-0.2711809315539887,0.3881204871063511,0.2633607477431059,0.5396937340536799,1.3269705359869146,0.13063857432436862,-0.0,1.447008547166318,-1.5657712434590592,0,0
-0.41582904922304553,0.2776396288349862,-0.4164585768732719,-0.27825861762399834,0.41739232948739724,-0.2760798852428268,0.41489529660892027,0.2766988740318389,0.4635362566541309,1.5000063620855342,0.00564965740919592,-0.0,1.567051025958806,-1.5707963267911371,0,0
-0.4076827022747333,0.2895217464983973,-0.42858059700980994,-0.2532993481917526,0.3728344185624272,-0.2898668084985188,0.4634288807221161,0.2536444101918741,0.5168200823466544,1.5395704144288351,0.12668557754230433,0.007117317541235165,-1.570796326792487,1.5663617660659308,0,0
-0.354910838547273,0.3749703029406675,-0.39784765315523574,-0.3002819031557322,0.30863651426788125,-0.34531626420935424,0.44412197743462756,0.27062786442441894,0.6064594148621446,1.1689370161674795,0.15301500970327397,0.003558703838228915,1.5673949793710567,-1.5080047302335426,0,0
-0.17246112318344925,0.32475290806300905,0.641246411666734,0.10528337632758038,0.050741964899182146,-0.4119473717846735,-0.519527253382467,-0.018088912605915893,0.8551422838815663,1.5756389630925596,0.3409789534965879,-0.0,0.9827937232547732,1.0427218783809722,0,0
-0.39540646254300943,0.31479911367710267,-0.3914083817860768,-0.3123694180189955,0.3881919286985191,-0.3046814182107243,0.39862291563056707,0.3022517225526171,0.49799023923268787,1.2660542390834315,0.023559418173894977,0.3142318990867879,1.2530780086154043,1.278740012011158,0,0
-0.44983070080058407,0.2798026243118956,-0.3870493647960218,-0.27931465321256865,0.3843822854118089,-0.26390555298858587,0.45249778018479697,0.26341758188925884,0.5045074437213316,1.6138447464555405,0.24027903551491425,0.09184612626513806,-1.570796326791712,-1.5326676756472375,0,0
-0.4241427143855094,0.2806715218697137,-0.34055835675677754,-0.3381528358518553,0.4099152125321919,-0.29946932322733416,0.35478585861009504,0.35695063720947573,0.579756561734828,1.1999047037477684,0.050468826580376006,0.17985349979317392,1.473700015900139,1.42758290612659,0,0
-0.5598693454788539,0.13412299827753174,-0.17022188760594834,-0.3697471836187651,0.48886091366097256,-0.18045995449300908,0.24123031942382972,0.4160841398342425,0.8241250874850654,1.3345488119913818,0.26479006188886284,0.1599131231599096,-1.352127380911329,-1.4108832036288173,0,0
0.4180070807426686,0.36564078836810404,-0.42826650066341765,0.08277751327309373,-0.42170067803226585,-0.08939055541080707,0.4319600979530149,-0.35902774623039074,0.6233791486420177,1.187062163659478,0.6285143196561104,-1.2674768647958297,-0.018865686021314918,0.0,0,0
-0.47169791048652,0.2468827101390669,-0.36436388471110026,-0.29431865062973195,0.4376899524547454,-0.24625220985930651,0.3983718427428747,0.2936881503499716,0.5347262481378625,1.5465601102335806,0.12309388543949673,-0.10742795360570104,-1.3274410388588591,-1.3213266758910907,0,0
-0.4487456222016994,-0.03307785377409052,0.41524564185661705,-0.3159395329895879,0.48354718859204104,0.29287158701851657,-0.4500472082469588,0.05614579974516176,0.5683826503728423,1.5334713282283214,0.564721661242775,-1.2815253211748188,-0.49394136892760876,-0.6202494860503891,0,0
-0.4870100692920057,0.23237007525829392,-0.3513738472693398,-0.29852833205680723,0.4559834527481423,-0.23140443779266642,0.38240046381320325,0.2975626945911798,0.562109976675313,1.5819622840875596,0.11191376141109882,-0.11354460487364225,-1.2900675227644838,-1.2819628211525909,0,0
-0.45295663545875514,0.24866977925500233,-0.42834987730851537,-0.2585919259598843,0.4464216305287949,-0.21203416647566314,0.43488488223847555,0.22195631318054512,0.4562201528380525,1.773006431870418,0.0218943111275435,0.1325515322979217,1.4335432016603773,1.516794826424318,0,0
-0.4284458733801539,0.26068861014417716,-0.3229390494890049,-0.3374594160218559,0.41323225844968453,-0.309646271469518,0.3381526644194742,0.38641707734719677,0.6092710146143987,1.1627372066089832,0.06714547394530186,0.07099160882643075,-1.5049575574885556,1.5118369624611827,0,0
-0.3988801894364851,0.23873538413276618,-0.4519271625822005,-0.23441628662030123,0.44098186996899696,-0.2870100292239424,0.40982548204968855,0.28269093171147747,0.5086911338723333,1.5673293425468098,0.16628246377722203,-0.0,1.5179820513196358,1.404848927510183,0,0
-0.44089671657612906,0.29977557791594156,-0.37792196821934376,-0.2994834992947232,0.37398571307855055,-0.2698566053036899,0.44483297171692215,0.26956452668247155,0.5307815556645836,1.4780413380065998,0.23529532219925425,0.06153359334933427,-1.567008466119268,-1.4935310956507368,0,0
-0.4229509886231777,0.26225231912510194,-0.4374709349751763,-0.2601080892417269,0.4341356146815232,-0.24916796066810162,0.4262863089168308,0.2470237307847266,0.45529275321387624,1.668592289338689,0.04360742157985806,0.09148701687234251,1.4389686452639463,1.4694498235348208,0,0
-0.4004393433757759,0.3509085181065417,-0.39899346293025073,-0.3157330118275171,0.343885831013819,-0.2737412777954919,0.4555469752922078,0.2385657715164673,0.5706360290794475,1.2840278924006638,0.2167701281373592,0.38191880555448676,1.134580859018616,1.3215441854153747,0,0
-0.4556940292789527,0.13554442377783119,-0.41868343294403065,-0.09129317605438252,0.36899639747597773,-0.33660372439397584,0.5053810647470055,0.2923524766705272,0.6044741400762769,1.528047727964756,0.3752708228565849,-0.0,-1.1071487177875332,-1.5707963267886855,0,0
-0.4754972206927577,0.27120059293778814,-0.3664650481321623,-0.29592486996244804,0.4006080452627706,-0.23552742340613145,0.4413542235621494,0.26025170043079143,0.5199697997338143,1.616664220234794,0.271938421654853,0.27193842165698373,1.4102190461144506,1.5007357441622604,0,0
-0.4006913020742916,0.28297453321569566,-0.3963266155530688,-0.2816269841334603,0.39491028182519367,-0.3210936242692387,0.4021076358021667,0.3197460751870034,0.5144654300725399,1.2527297209546162,0.018961064916601066,-0.23236671924851834,-1.2808608293127954,-1.3764713816495362,0,0
-0.45069283586012315,0.2796952985376869,-0.38425720757682197,-0.3027577357951865,0.41729526224078306,-0.24390357674079602,0.4176547811961621,0.2669660139982956,0.5057717044101533,1.4908457263869666,0.11427469082795508,0.14816002073255777,1.462913573337117,1.5508654115284763,0,0
-0.3721807285488264,0.2920810219163679,-0.4653028451703664,-0.2752730739714468,0.4427677442672045,-0.265214277518997,0.3947158294519883,0.24840632957407582,0.515197568272668,1.6005358840612434,0.2559672318099372,-0.35563588430386833,-1.3889205850618835,-1.3209554653487694,0,0
-0.4128361210675508,0.31003646256596723,-0.3865682625885811,-0.25471007431021325,0.3144617512912432,-0.33060331287806416,0.48494263236488877,0.27527692462231024,0.5751527789973805,1.4013784155224884,0.3207644694747145,0.15431877592679405,-1.5707963267913756,1.5016546392915835,0,0
-0.3857001248598207,0.3329633194484877,-0.4355542402380932,-0.286844823590683,0.36597366150911614,-0.2741595214910962,0.45528070358879774,0.22804102563329143,0.5521467522877492,1.437275314678452,0.09572967488954812,-0.10415138108537594,-1.5627319854854416,-1.422786439302676,0,0
-0.4466722878616726,0.2535108591173052,-0.4225119965950546,-0.26028451701597877,0.4339183438458088,-0.23345403017191255,0.4352659406109184,0.24022768807058614,0.453135783824397,1.7165164760918494,0.04983349850468724,0.03919560192743859,1.5472712558155588,-1.547943163248377,0,0
-0.46888044735870665,0.2575112076386476,-0.3708092143096745,-0.2723515015715268,0.39501655263991237,-0.26486823167410095,0.44467310902846874,0.2797085256069802,0.5043364011681257,1.6548083748359859,0.2739491581740319,0.17324566645297138,-1.5707963267924214,1.5562745261051458,0,0
-0.4100120490534123,0.19872848256326373,-0.3908382309189894,-0.318919044373044,0.563385467757173,-0.22000971935658856,0.23746481221522883,0.3402002811663689,0.6415851147619324,1.4768153187041997,0.48989357223518,-0.17809293823294106,-1.458965397234496,-1.5707963267872043,0,0
-0.2954655926788201,0.4076399301224762,-0.47982586184092907,-0.26108945956259333,0.278280345996152,-0.3108996176067184,0.4970111085235972,0.16434914704683556,0.7018959948908834,1.3594755827311535,0.1623355790727132,-0.14631528800654847,1.5137155443981247,-1.3956193322631543,0,0
-0.3532192325981699,0.3015148106509094,-0.5032732995093612,-0.25383997610782855,0.43012247933684405,-0.24595566410927377,0.426370052770687,0.19828082956619295,0.5183658137226405,1.68071978688409,0.2723402539887585,-0.27234025399074335,-1.570796326789549,-1.430694602391981,0,0
-0.45215338398346855,0.2980690074788536,-0.2533957734052813,-0.4764255812884533,0.44763104055148695,-0.16842663781378098,0.25791811683726285,0.3467832116233806,0.7407104500022899,1.093020910712409,0.10160964384266752,-0.10160964384284633,1.5096481641496617,-1.2864762709267903,0,0
-0.3648153425072437,-0.03424231310478581,0.49171869551243774,-0.025544728599684288,0.4903685234985466,0.033380471553893044,-0.6172718765037406,0.026406570150577034,0.0749930306399551,16.399658452601866,0.0038579504268103667,0.9837362300398791,0.574304830201531,-0.7378150601280065,0,0
-0.5667656929425606,-0.12739448908410636,-0.10092051830936809,0.45291630846015096,0.5091392211675214,0.07163942939929221,0.1585469900844073,-0.39716124877533676,0.9146026212043558,1.2656550040081058,0.034293037087866234,-0.24984086144130452,-1.2031262150953375,-1.0006171475961458,0,0
-0.48092271294802136,0.23241783060364446,-0.3934735477951088,-0.24223919583125222,0.4121116967386914,-0.23757925229451837,0.4622845640044388,0.2474006175221262,0.4618318350405509,1.9263288058476102,0.28528024603473967,0.09065988720117653,-1.4850472297866995,-1.4951463497864528,0,0
-0.39338851096480726,0.27628079700385366,-0.4577394603401837,-0.25120396003466855,0.4171076086149417,-0.27101346688183936,0.4340203626900493,0.24593662991265428,0.4880550359081673,1.6293973496065812,0.08869122320602278,-0.08473867461942514,1.5567785534352896,-1.5707963267924274,0,0
-0.49736589251204777,-0.0363507742170284,0.49686330946624746,-0.06550935337698721,0.4975094876679907,0.06545366781531857,-0.49700690462219044,0.03640645977869704,0.13029188549822168,7.596612930295536,0.058518488679902975,1.5464109176270533,-0.0,-0.0,0,0
-0.17934366016840123,0.24557697038403897,-0.5907314979834198,-0.2070328951798623,0.0702719637181045,0.08146523972612124,0.6998031944337167,-0.12000931493029796,0.5841087336404709,2.8513180790022656,1.1428111527678715,-0.8846723385958558,1.306212332815417,-1.029759161374326,0,0
-0.45290369868235747,-0.19138531994719965,0.5134111822222436,-0.25201340926539945,0.3705022364280079,0.29171934785931497,-0.43100971996789395,0.15167938135328415,0.5254170544448987,1.7771871719013617,0.23563314081946365,1.3909428270066089,-0.13982236878521556,0.18092646075628016,0,0
0.1641351320076621,0.43164284008159814,0.523682179867767,-0.13440300423065304,-0.14731948611899065,-0.4097905837205509,-0.5404978257564385,0.11255074786960578,0.8954366256741654,1.2647227641796555,0.07934765003155476,0.23837082978889518,1.1559820436815207,1.191751936952318,0,0
-0.3927626830189501,0.371503113231989,-0.3389684805796029,-0.3994712349666434,0.3653925880496667,-0.27336521270141984,0.36633857554888627,0.3013333344360742,0.5852475980410992,0.984599890179826,0.07130746478611485,-0.0,1.4632986527763538,-1.4089588955498475,0,0
-0.44606750926448036,0.24032194736324486,-0.44787789969605024,-0.23947414673864562,0.44619137808348247,-0.20749379355627343,0.44775403087704807,0.20664599293167418,0.42972070204190815,1.8666928338580848,5.06858567944024e-07,-0.0,1.5312689031845221,-1.5369109968851358,0,0
-0.3613734035425514,0.11313385198195697,-0.5870483927831864,-0.11114755395133076,0.6036272084923515,-0.09148987052420018,0.3447945878333861,0.08950357249357396,0.2670463978645404,5.3088466978386215,1.7490569198383632,-0.8050034942746377,-1.5707963267874891,-1.520837931060485,0,0
-0.4114009127391856,-0.2633396600060427,-0.4567742304486424,0.2377610303146971,0.41178100172135224,0.2557318681736207,0.4563941414664758,-0.2301532384822751,0.47399970229531563,1.7592341755239718,0.0012605036174108532,0.04038207556409245,-1.5415648894168335,-1.5591009536233604,0,0
-0.4831418910579064,-0.011907968608501643,0.48103222658981837,-0.010395539795774775,0.5181041373260247,0.0104011727106264,-0.5159944728579366,0.011902335693650016,0.024622202586912226,43.43071793880909,0.0030202872212753596,1.524776210685607,1.1071487179274238,-0.8960553846932952,0,0
-0.4462296824853357,0.17246069342218623,-0.4831154268920515,-0.15609981710212711,0.4418595554794672,-0.20862100282735746,0.48748555389792,0.19226012650729835,0.3890956173124083,2.4211690443021907,0.0015300406263727862,0.008474373403042431,1.5072456553724574,1.429323540305709,0,0
-0.4248463324719156,0.2829608023538411,-0.3438030204890448,-0.3546852047881587,0.43147156748234056,-0.2747886471682999,0.33717778547861993,0.34651304960261753,0.6004486166514998,1.221220809652832,0.024198855339037702,0.2196536821395936,1.374869194674444,1.3943557830377131,0,0
-0.372961451989947,0.19436593097691998,-0.4678386316085002,-0.2385114983909524,0.5181899959120608,-0.2727054074923171,0.3226100876863863,0.3168509749063495,0.5813194705825442,1.6724924993752237,0.5360826465253559,-0.8282290960736111,-0.923668760640733,-1.132638946287825,0,0
0.476635319668377,0.1455098820232413,-0.4068435828599344,0.2026640887076944,-0.525814063902099,-0.17505211741609755,0.45602232709365625,-0.1731218533148382,0.3786413779933741,2.6539750408324685,0.0665681637767305,0.0,1.3302620788667892,-1.5707963267721694,0,0
-0.44889624538500106,0.302601456291965,-0.374207667809275,-0.3034656394544416,0.36895473380170446,-0.25688318236162255,0.45414917939257166,0.2577473655240991,0.5473061179220237,1.4900089958941265,0.286673606919592,0.06867490223240215,1.562138534469478,-1.4672256011640994,0,0
-0.18135734682558918,0.4682697734510887,-0.4875023704818991,-0.18061830580499216,0.16859574134882468,-0.42444214936631747,0.5002639759586636,0.13679068172022094,0.8817907944252789,1.1064782727704183,0.09291495370142687,-0.08067557996393782,1.5664485281084868,-1.4783189206899814,0,0
-0.5423225762357042,0.28168120989437107,0.424251278029963,0.18424337725788317,0.4171148480806917,-0.09039222544053521,-0.29904354987495035,-0.37553236171171905,0.6352454549830036,1.4707149943717177,0.47938057649950255,0.0744887902149894,-1.570796326742265,-1.1902899496633745,0,0
0.5397172189686114,0.1647518001185585,-0.1596848644426654,0.3995949066807356,-0.441830097348292,-0.019389769579346395,0.06179774282234598,-0.5449569372199478,0.9271223275028984,1.0391672226941413,0.4827637081993703,-1.3020933021731969,0.0,0.0,0,0
-0.45677086484601154,0.23998572297158455,-0.3678908537043251,-0.24408840469936666,0.3834589842605768,-0.3119035435510994,0.44120273428975987,0.3160062252788815,0.5638463950487681,1.4300997431669449,0.2732896808823134,-0.0,-1.299196735028947,-1.473667028921708,0,0
0.4477914152846138,-0.27355914080672006,-0.33690432190001696,-0.32114712522270544,-0.4541881701468894,0.2380743337273072,0.3433010767622926,0.35663193230211837,0.6113428733203955,1.330787039548604,0.08701171209783391,0.1558682013972271,1.56108789395108,1.5186696777405784,0,0
-0.4802365300861149,-0.2587963220984115,-0.3071284912476662,0.35447838246684316,0.43244039782960164,0.2392659104180831,0.35492462350417936,-0.33494797078651484,0.6292235261114103,1.3238207730366756,0.14092747546368214,-0.150635908295861,-1.5407302017383404,1.537251867239922,0,0
-0.7733280694258118,0.03918291037326547,0.31789932290713063,0.2796308038615562,0.4059841947790787,-0.12012576560694749,0.04944455173960247,-0.19868794862787417,0.5640871710099687,2.4655363354815374,7.745737682799906e-07,-0.0,-1.5707963267678695,-0.49831579420413197,0,0
-0.4211675073747655,0.2685334446839213,-0.44319841712011127,-0.26701277693859077,0.4420013784513101,-0.23424360448219161,0.42236454604356655,0.23272293673686112,0.4740654058992948,1.652891496255141,0.08314123188938982,-0.08314123188913089,-1.5657712434590592,-1.4863416105427263,0,0
-0.3448269950955965,0.3564633867196879,-0.4152030789677714,-0.25008187660890274,0.28764852769682947,-0.37533136248373483,0.4723815463665385,0.26894985237294966,0.6495297682933352,1.2128873926746107,0.16372473015727257,0.029403288204221188,-1.5393601454323391,1.5325636003647516,0,0
-0.6438005697566297,0.13082709684433694,-0.03701549702166906,-0.341570104970965,0.3406560469591058,-0.20799978078291748,0.340160019819193,0.4187427889095456,0.7484950591549575,1.2948045793242209,0.9084964637134679,0.6600090430631613,1.4801364396166925,1.5354128706795838,0,0
-0.4538160545620079,0.2674125987518007,-0.4136452266996676,-0.2779910543692892,0.42971042210794375,-0.21587505202659624,0.43775085915373174,0.22645350764408476,0.48626385174246,1.6346918628317197,0.0916961562610157,-0.0,-1.5707963267889087,-1.451367400770925,0,0
-0.42522616897073146,0.30356788492552367,-0.4685646252502598,-0.29093707365538846,0.45428955645487484,-0.11404643134877547,0.4395012377661164,0.10141562007864025,0.5486413870708327,1.552306954525652,0.1412975742265298,0.3465388644361603,0.9621070194708842,1.381139219527428,0,0
-0.4738495873530669,0.1584317321389547,-0.4620577240552373,-0.1680240482243456,0.4868140135367321,-0.18217690611779805,0.4490932978715722,0.19176922220318898,0.3592364341716383,2.5689892958730858,0.06442683942760875,-0.0,-1.5197768109236813,-1.5707963267905298,0,0
-0.4899025248180262,0.23382468171934212,-0.38303434435118205,-0.23848779099207815,0.3926878796366918,-0.23940804073057007,0.4802489895325165,0.24407115000330606,0.4690480690474448,2.006604488763919,0.40168324114595744,-0.0,-1.3470910496870632,-1.3588386895482445,0,0
-0.41739791792176933,0.257017135551389,-0.4296936980625319,-0.26898011853405684,0.4485742485931118,-0.2610650276135597,0.39851736739118937,0.27302801059622767,0.47602836664192194,1.6203962624415382,0.1168220370526677,-0.3308827206183985,-1.2722973952045837,-1.2829061689945007,0,0
-0.4840620086757313,0.1207636607006232,-0.48683208282627227,-0.10906151071772548,0.437158912467905,-0.12019833944541075,0.5337351790340986,0.10849618946251303,0.24591792870143617,4.235386746631671,0.3875238057812238,-0.0,-1.5707963267898204,-1.5707963267902882,0,0
-0.4705659814013378,0.2807137806626195,-0.35121939319451323,-0.3196406637426604,0.4035304519129986,-0.2410270163825421,0.4182549226828525,0.27995389946258303,0.5336075800472627,1.4804935856928145,0.22449069167660174,0.09245093006234778,-1.5707963267895775,-1.4661570871286431,0,0
-0.5176413285162869,-0.07386351462543851,-0.11756645531896519,0.42517775773003114,0.5190815473972609,0.13040809600174438,0.11612623643799118,-0.48172233910633705,0.9402040765584745,1.1431500333168487,0.09359238722372945,-0.1350944384506508,-1.1935472671443836,-1.3317581878384952,0,0
-0.48446877534079685,-0.08924759453677665,-0.4762420963099073,0.06226545781788198,0.39721436820511224,0.17313092788599044,0.563496503445592,-0.14614879116709575,0.33459405978830736,3.282279506804957,0.5343954767556501,0.0,1.3903005663399253,-1.5707963267888725,0,0
-0.4368992389438476,0.255033434990807,-0.307832286056637,-0.37078644063236416,0.4417240904965934,-0.2724268762901564,0.30300743450389117,0.3881798819317136,0.6668455172644177,1.157657860854901,0.003591570001236298,0.21109333322437257,1.4326098303069956,1.3850431904421208,0,0
0.6027988056398002,0.1146322516157694,-0.4502933352703903,0.29160770508588163,-0.4208114364571763,-0.24844159379214392,0.26830596608776636,-0.15779836290950713,0.5687216723525073,1.949992608263787,0.29728182960436644,1.2370343380632076,0.11272761158932307,1.0545656561729277,0,0
-0.4631328514967333,0.20704451873458926,-0.4014984265138027,-0.24582103664231283,0.4688097064293716,-0.24875581988772497,0.3958215715811643,0.28753233779544857,0.49978975745673504,1.7377645666318717,3.6071891894669146e-07,-0.0,-1.4321565896561763,-1.5289602866764738,0,0
-0.4195655752244938,-0.23243184459766408,-0.4832733364806589,0.22558253756040028,0.47283927745044785,0.19963811181805943,0.4299996342547048,-0.19278880478079566,0.43791332814318773,2.087516574099948,0.2469441039946988,0.09157985014175639,-1.497038744401341,-1.5707963267893719,0,0
-0.40302679088522125,0.12061800752836624,-0.5759629765162958,-0.10113140231112944,0.491182590653007,-0.03849872208324032,0.48780717674851004,0.019012116866003535,0.2366388997326268,4.812394170256025,0.7209713239747728,-0.7209713239869207,-1.5707963267889087,-1.398605512264924,0,0
-0.4064587807134554,0.22669283080327987,0.5085811014990006,0.11964739701039348,0.4205451002473861,-0.1587445709757314,-0.5226674210329313,-0.18759565683794194,0.42723439078199854,2.489203908135154,0.14703370057026888,-0.23684876094779414,-1.5237721949404117,-1.4909663410747103,0,0
-0.5338441352148551,0.17032925758825052,-0.24678431828822728,-0.3287486727718887,0.4758211061982865,-0.22505875452310767,0.3048073473047959,0.3834781697067458,0.71911068685211,1.417617507786404,0.24801137529799927,0.15264932839671025,-1.3439974787337072,-1.4503628807666178,0,0
-0.054004659123543707,0.11569892378614446,-0.75169933714973,-0.07925801720781002,0.5812503433210118,-0.12654440099715775,0.22445365295226197,0.09010349441882327,0.32289816236607277,5.502523884458432,2.3234136931004703,-1.3920032720036424,-1.4416490366604908,-1.3854483767690131,0,0
-0.3672009475138367,0.3403061980938614,-0.40065056730691406,-0.3005515573410697,0.3526825441009369,-0.33686515380821447,0.4151689707198139,0.2971105130554228,0.5524496194736863,1.2047460893542077,0.04609774051815342,-0.19993577453939748,-1.374841688134374,-1.3678529736508886,0,0
-0.5890022664185576,0.14930280380718575,0.2835766828841632,0.3882676600819623,0.4605557228055674,-0.17144675998780173,-0.155130139271173,-0.3661237039013463,0.7917774830703663,1.391264586702436,0.038941343103096465,0.03894134309754447,-1.5707963267748966,-1.1773456888498663,0,0
0.49545323547555026,0.05300653971375072,-0.4851971771426636,0.11343412664805622,-0.4990567154303483,-0.111485692759791,0.4888006570974616,-0.05495497360201594,0.2236849985570617,4.421619906703523,0.11870533714387811,0.0,-1.5707963267548966,-1.5707963267115632,0,0
-0.5257075476294796,0.13149915526716685,-0.13015756812917387,-0.4418015957056841,0.4750360329525818,-0.1512045467879655,0.18082908280607166,0.4615069872264828,0.9039802656540448,1.107864576392729,0.15629064138694473,0.1562906413876435,-1.5707963267886855,-1.5601015473926816,0,0
-0.4859774548841352,0.20171816949794635,-0.36330452513768074,-0.26515597603689545,0.4701132112594353,-0.2458151122767887,0.3791687687623807,0.3092529188157378,0.5491869829184463,1.664477473645075,0.09454487154104574,-0.0,-1.3370531459203623,-1.4375129980628105,0,0
-0.37366535068026724,0.30632172835695454,-0.44436302664855837,-0.2314768161082078,0.33607265468303704,-0.32679605575645,0.4819557226457886,0.25195114350770326,0.5864688739359373,1.4631065064639284,0.11621506579706214,-0.009174054545194158,-1.5707963267885674,1.5127221672377371,0,0
-0.4595118111103272,0.14368533928038651,-0.48901918327734767,-0.14421831382095093,0.48821895696091505,-0.17005625241011943,0.46031203742675975,0.17058922695068385,0.33289175473112287,2.868783528470655,0.183874925836424,-0.2551823906243582,-1.391314160067044,-1.4469883781410489,0,0
-0.19780884208078334,-0.1834495745556557,0.3345236404783633,-0.11073731956245003,0.5439538037768722,0.16413229447247585,-0.680668602174452,0.1300545996456299,0.4256565447142885,3.5232631937202954,0.10793178651931777,1.2075048916691926,1.1501329776728253,-0.4958944914394904,0,0
-0.37512408908094985,0.2788785031708963,-0.4594428157416915,-0.23952788314056128,0.39806068032248126,-0.30540522236888734,0.4365062245001601,0.2660546023385523,0.5234884431263026,1.5334143346439086,0.09406310758634936,-0.19944054677630066,-1.4559197213716715,-1.5167948264121913,0,0
-0.4981640273158652,0.22038970080810696,-0.35592045615927587,-0.285829646844816,0.4668432111722509,-0.21712342140810215,0.3872412723028902,0.2825633674448112,0.5485033730955694,1.6977816655508584,0.11595207962480958,-0.08581026469742033,-1.2943710798335673,-1.2811632384958074,0,0
-0.5245720136726161,0.1927376359442041,0.37488307199598103,0.18031717749509898,0.5357983631311803,-0.11989601093650493,-0.38610942145454535,-0.25315880250279826,0.47281537445151867,2.378064244013531,0.15736473763339648,0.5421894099286538,1.534448705784955,1.3435007077997583,0,0
-0.531347211394102,0.26698467368550927,-0.2891383319174818,-0.39021826789827946,0.47321708031971316,-0.10925596770539993,0.34726846299187064,0.2324895619181702,0.6602026075243546,1.5285450325175396,2.48067413839373e-06,-0.0,-1.570796326760414,-1.1784561825499393,0,0
-0.35626484937608405,0.22226367171314057,-0.46588575858747394,-0.14029110560529753,0.3419117277185197,-0.38453418402365747,0.48023888024503825,0.30256161791581443,0.6500782674533182,1.3769908594432931,0.0949517063445042,-0.0,-1.5707963267870226,1.1814796049690715,0,0
-0.3895089931764413,0.28423998155514485,-0.42017695392780463,-0.3368779262114748,0.5083740044259282,-0.22551090631429946,0.3013119426783178,0.2781488509706294,0.57673962850736,1.4949672948451342,0.4393867250750897,-0.32175055439914224,-1.4177473181599227,-1.2895641248697647,0,0
-0.42185454672051004,0.2550456252046841,-0.42491719006471357,-0.276600825484564,0.459604739670052,-0.25243402735022485,0.38716699711517155,0.2739892276301047,0.4870089762737538,1.6064982008502622,0.142505465815498,-0.28232783460135835,-1.3215441854054142,-1.317640275847866,0,0
-0.6383548147143508,0.061270638978603915,0.28205932309772275,0.021633799601349597,-0.28906995733455676,-0.0925843050929628,0.6453654489511848,0.009679866513009306,0.19750670936979786,8.343704984016659,2.989549385725978,1.4187530589393678,1.4824195406374883,-1.4216237336248088,0,0
-0.5431791611134633,0.23319732007239902,0.2506886787528718,0.3100313700700524,0.4849500703061518,-0.0820817935376,-0.19245958794556028,-0.4611468966048513,0.7928709186039796,1.3331926946704673,0.4136848436188362,0.44204603132754794,-1.5707963267828484,1.4999928942320446,0,0
-0.46718710907917443,-0.1698432024689341,-0.49581582779694516,0.1634157276754108,0.473693636060486,0.09410253652703754,0.4893093008156337,-0.08767506173351423,0.32830174641973825,2.9560352011749247,7.863804579948844e-07,0.0,-1.4137297658270438,-1.5707963267903717,0,0
-0.41583745987723175,0.295386521250227,-0.41505110315237936,-0.2748105616988563,0.38323230208800263,-0.2791401106931019,0.44765626094160843,0.2585641511417312,0.4961001391262614,1.5029655246756515,0.12062366858089124,-0.0,-1.5639937106332853,-1.5267995799229173,0,0
-0.46343613482286566,0.24228210825224808,-0.3359162976806081,-0.32677445629293206,0.45200635069623474,-0.2563978486663825,0.34734608180723897,0.3408901967070665,0.6112085894355663,1.3711112029156685,0.04698330409941863,-0.26481732990792967,-1.1746137423104326,-1.2065574950257707,0,0
-0.3577080674541843,0.12276395191142161,0.5660336370596872,0.29802935976408723,0.18012185969569255,-0.5069515224126518,-0.38844742930119547,0.08615821073714298,0.768339010820178,1.185718925125131,0.994025410374094,-0.6410350225508421,-1.5643029115601779,1.3258176637856796,0,0
-0.3236015457558431,0.2848490634733134,-0.5715804168714868,-0.213168027320747,0.4388860990092524,-0.17476902715473847,0.45629586361807745,0.10308799100217209,0.5118999549056324,2.063937763362042,0.3994167278709702,-0.48522699256983665,1.556048133643251,-1.3185910505337282,0,0
-0.442945072923842,0.2220979653098394,-0.40985502627748877,-0.2202958286785936,0.4113818155155676,-0.29575191054133565,0.4414182836857631,0.29394977391008986,0.5215105610598009,1.4996792105694776,0.1255497371087704,-0.0,-1.4045138630146135,1.56438615818779,0,0
-0.3485168268401013,0.32109662308712,-0.46309495131993683,-0.23819658189973206,0.3442468825825038,-0.3276897490419104,0.4673648955775342,0.24478970785452245,0.6036696684803432,1.4341544256611196,0.009767976471004818,-0.215357699699369,-1.4471066681393143,-1.4642494758904956,0,0
-0.5041925996281762,0.10011953133308746,-0.13741134495429227,-0.43943807154967596,0.5168143152827213,-0.13327651644316635,0.12478962929974728,0.4725950566597548,0.931192130529646,1.1194844609596715,0.02273384584690662,0.14656057842466053,-1.5580310627639864,1.4866076092602352,0,0
-0.5089798583609536,-0.05979709013896852,0.5400011867527977,-0.072650358233833,0.44868700980429344,0.07791067750175548,-0.4797083381961375,0.05453677087104606,0.15793567261932648,6.967148173422143,0.03742384142553282,0.8263846607144321,0.1869792699238476,0.9827937232802961,0,0
-0.4917101093582478,-0.08858744582239572,-0.4967102932014245,0.08792811040111742,0.49248394733397755,0.06126956212113774,0.4959364552256948,-0.06061022669985944,0.17521759293207467,5.623565252062988,1.281413225084255e-06,0.0,-1.5155335038408329,-1.5707963267906413,0,0
-0.4949973188739417,0.22428104688886205,-0.3062334431525969,-0.3289528183158862,0.45484175695794715,-0.23950510811630402,0.3463890050685915,0.34417687954332815,0.6393648901295946,1.4110788438731887,0.14510168273132817,-0.10487693873132979,-1.2540962344997388,-1.2786498772470596,0,0
-0.4588409520836563,0.18447048873769467,-0.4485768449404113,-0.14793257431847157,0.378972039433439,-0.2514943333286455,0.5284457575906285,0.21495641890942235,0.460520628402217,2.116593670258231,0.34097895349677615,-0.0,-1.4154320729374836,-1.5707963267898715,0,0
-0.32316088719694525,0.3463994156744893,-0.46027236392441956,-0.1898233550898105,0.2414340616391024,-0.36410210603322923,0.5419991894822623,0.20752604544855038,0.7121154638598064,1.4106536337848827,0.2337431808691938,-0.0,1.5638998844134444,1.4796212412940362,0,0
-0.080212971832039,0.46446838381029737,0.5390171082883869,0.06241099235389623,0.038585133911774726,-0.4822027874001056,-0.4973892703681227,-0.044676588764088004,0.9811360403326904,1.0947902610484823,0.10873967798289516,0.39060704370027555,1.012916435793406,1.0696236789705158,0,0
-0.4481260517309524,0.1865148318334567,-0.4345112615050246,-0.11733032175875854,0.3227691252721201,-0.3008658682132169,0.5598681879638568,0.23168135813851876,0.5368045365279972,1.8927790622442398,0.4636476090010693,-0.0,-1.288241374319359,-1.570796326790112,0,0
-0.473835238474247,0.15807152536609562,-0.4742221938793376,-0.15846420171201603,0.4753849873549972,-0.15962506792728778,0.47267244499858757,0.1600177442732082,0.3035351098955288,2.9708385265947843,0.009708432843930534,-0.0,-1.5707963267916287,1.567517650021923,0,0
-0.8062259107645761,0.032946444581119734,0.30460356088883117,0.22391498196239312,0.34421185012346567,-0.006479278824980255,0.15741049975227925,-0.2503821477185325,0.5456493278657492,2.425563405078957,0.7469555733764779,-0.0,-1.5707963267591822,-0.4562128017519458,0,0
-0.46817063949433824,0.1983388861613528,0.3611732047671505,0.3250251372627874,0.4793380223180945,-0.25761313333142954,-0.3723405875909067,-0.2657508900927107,0.5597654031104732,1.6038373561868848,0.14202836012294862,0.5264452546924947,1.0928639752123663,1.0963964440101184,0,0
-0.4853153275657961,0.2179401187155778,-0.38841511053664846,-0.22621684050510582,0.4090199283716178,-0.2524190096302668,0.4647105097308267,0.2606957314197948,0.4874722614953246,1.8514881005999677,0.32291206280024376,0.10325838066210079,-1.4264075829922434,-1.5042281630166146,0,0
-0.45714669352939064,0.27349588072830966,-0.3821182762337763,-0.27370360411954014,0.3811887459510944,-0.26461311494518625,0.4580762238120725,0.26482083833641673,0.5008095088901949,1.6725580755909213,0.2804813603903857,0.12435499454786035,-1.5707963267884864,-1.5494092139378217,0,0
-0.47272287752491193,-0.037823392637198076,0.6314347649641147,-0.12327815405384651,0.3200410268246665,0.17162118682188335,-0.4787529142638693,-0.010519640130838788,0.3273936148526887,3.764632623223852,0.3014265102659682,1.2761956490862418,-0.5952357504623824,-0.0,0,0
-0.46081347527589644,0.24660183152041554,-0.3579917712273086,-0.31647332566888126,0.4600446975669854,-0.2441106070398761,0.35876054893621967,0.3139821011883418,0.5805600324346216,1.4606237548517846,0.0010886856865437301,-0.1187053371442559,-1.3597029935659417,-1.3535028958656838,0,0
-0.29202753068164006,0.3310670941970107,-0.48701355478754826,-0.2055847458094555,0.3184282544592993,-0.3822983420059079,0.46061283100988903,0.2568159936183526,0.6760039100617841,1.328388421566142,0.12960123029823423,0.2828092113018933,1.1554571594403658,1.0378155841112189,0,0
0.21986709938320118,0.3487833123782615,0.5774250649169298,-0.2642433677702548,-0.19344673487762865,0.06054042022504784,-0.6038454294225023,-0.14508036483305453,0.7241503295022987,1.9269479332502282,1.507240487424143,0.2696884617430009,0.3743336160100148,1.3131778874052853,0,0
-0.3690540544344336,0.3069757734385453,-0.4495807866634396,-0.24406385911182404,0.35838274976221024,-0.31922825515062264,0.46025209133566286,0.25631634082390137,0.5697410135459149,1.4529336070369077,0.030073261214417432,-0.3246323908020603,-1.298510340993822,-1.3302620788430597,0,0
-0.38545820390074403,0.3237344033989562,-0.44325982149368703,-0.30982988480986123,0.4288142681641629,-0.24173175454804935,0.3999037572302682,0.22782723595895435,0.5525149998794282,1.3764571423735639,0.1524724535239898,-0.23737424697501402,-1.5023320712393775,-1.302885904365479,0,0
-0.49218316335568985,0.21882667209033657,-0.37898959564219675,-0.27032339672200073,0.47226465904516884,-0.20842596607635805,0.39890809995271775,0.25992269070802226,0.511394684358461,1.8188683429524366,0.07204006538821135,-0.0,-1.4159759206067402,-1.3894765523880315,0,0
-0.5526943488902244,0.09427856535468519,-0.018993107606337423,-0.5150692753690633,0.44814173430413773,-0.02976755005866944,0.12354572219242407,0.4505582600730476,0.9664348803965074,1.0364618307369735,0.12502748940199795,0.1250274894023469,1.3606137401391036,-1.4614081404670451,0,0
-0.3900140569705633,0.21302627074079283,-0.5245789302802184,-0.1750227299097068,0.43522207535178065,-0.21490477275905945,0.47937091189900105,0.1769012319279734,0.4296213035852654,2.3460551820881532,0.22158994856102524,-0.29226848261374017,-1.5707963267912735,-1.5707963267908966,0,0
-0.45925272278721757,0.07697547885216403,-0.4629675427164462,-0.08980774314201118,0.4845392257105083,-0.252747955433663,0.4376810397931555,0.26558021972351015,0.4911194542278135,1.828005525919252,0.11242713083196398,-0.0,-1.4227643798285663,1.3412689725560372,0,0
-0.4650850347349526,0.33750276282475256,0.35110717361496774,0.295199552225102,0.38537801998218896,-0.18026589325485573,-0.2714001588622041,-0.45243642179499877,0.6718140919924818,1.0766183919924472,0.44464397628381724,0.2408464552427662,1.4536875822377024,-1.5194130246505921,0,0
-0.3435934801858672,0.3273166589280387,-0.45176166522271327,-0.2833761435618103,0.394415515169184,-0.31619390910256234,0.40093963023939655,0.2722533937363339,0.5487222950032516,1.3250773768513482,0.16421899546506583,-0.4324077755734646,-1.2749299577570747,-1.2398717178476573,0,0
0.2928938632521647,-0.24168229717650153,-0.45908141823521814,-0.1758074774985919,-0.4215212140329012,0.2529503584371966,0.5877087690159547,0.16453941623789684,0.517776610190408,2.1162981767801092,3.388171494275965e-07,0.0,1.570796326779512,1.0303768265130002,0,0
0.16002404140456075,0.47422116408929915,0.48843746663510984,-0.15531529085151824,-0.14025913936600484,-0.4405399726265415,-0.5082023686736657,0.12163409938876059,0.9116873886433436,1.0895082828801566,0.09869567173466785,0.4825132950263915,1.0333530082205928,1.0929652718098222,0,0
-0.4470248969551645,0.27945911929924255,-0.3846712890885431,-0.31757305460677115,0.44198864401209126,-0.23123728986837225,0.3897075420316164,0.26935122517590077,0.5307696869955637,1.4890546604063024,3.7579298653955955e-07,-0.0,-1.570796326789341,-1.4546546999094254,0,0
-0.39413058452311395,0.2830200346584317,-0.42021782712421163,-0.21664490856605584,0.3311959692449213,-0.34600765699751895,0.48315244240240435,0.2796325309051431,0.5682449153509411,1.4361375206685147,0.1861057169636783,-0.0,-1.4524705442859158,1.5224955546330867,0,0
-0.5107055845801209,0.19789242127346066,0.46426513759372434,0.07262225642505561,0.48630467175676,-0.05575759061830802,-0.4398642247703634,-0.21475708708020821,0.41141579210097934,2.416118851842603,0.29780303747474035,0.2978030374772119,-1.5707963267234681,-1.5707963267726743,0,0
-0.37362435017033685,0.35269319555410583,-0.4042691575248217,-0.2914529370228084,0.3251155466156309,-0.32646705186378217,0.45277796107952767,0.2652267933324848,0.5820723331201179,1.2619217951326993,0.16496166064219997,0.003676454024123356,1.5675495849597667,-1.5165638439748532,0,0
-0.436802542897686,0.2889046763217805,-0.3433012415743976,-0.32966598441238415,0.39467403312172616,-0.29110593876987645,0.3854297513503574,0.3318672468604801,0.5500493860618191,1.25689313357631,0.13518343749828465,0.09781765969579644,-1.5707963267909597,-1.570796326791363,0,0
0.4112099033327509,0.28411703890400253,0.3859485576463619,-0.31758429943119315,-0.4303723663370565,-0.283312537449022,-0.36678609464205625,0.3167797979762126,0.5338695768931633,1.3266549495932785,0.06360834155290246,-1.5707963267885272,-0.0,-0.0,0,0
-0.535133773600133,0.21909865638558268,-0.1536807979403965,-0.41079897586176045,0.36248292782211616,-0.23353814910100512,0.32633164371841344,0.4252384685771829,0.7504411731427713,1.0736560992487973,0.48969043421793584,0.6747409422262627,1.1097665128666505,1.2056939555790738,0,0
0.2463267872162183,0.38961615496589275,0.481312300098009,-0.20050477219231588,-0.2587152612130249,-0.4193278986141152,-0.4689238261012024,0.23021651584053837,0.7686878637857539,1.1746623539587329,0.06596534070068376,0.5013655614696966,0.9779814408602449,0.9097531579470943,0,0
-0.5590719824006194,0.1501760283559091,0.4609521018242983,0.08663221609992927,0.4987233862673459,-0.056531507703284474,-0.40060350569102476,-0.1802767367525539,0.3495514044952552,3.2010486228516504,0.1989549418856663,0.3201707768806813,-1.5707963267776552,-1.3815973046880872,0,0
-0.4088340698747638,-0.21336316084668747,0.4823175723793624,-0.1791288729083098,0.433615187226018,0.21069006699673992,-0.5070986897306167,0.18180196675825736,0.4195651596285152,2.3332360117661928,0.00769784942850265,-1.566843778204194,-0.08984753969543281,-0.2092795504493386,0,0
0.4946780100174006,0.059212263573975916,-0.5866705035812814,0.028994190965815788,-0.4003631418038092,-0.034891141159376964,0.49235563536768995,-0.05331531338041474,0.12168152807849164,9.609631193222716,0.04857287530733443,-1.522223451495692,-1.2610933822161559,0.0,0,0
-0.4954761506456428,0.1828403443879211,-0.4125680306581281,-0.19319260751631617,0.4402429682404884,-0.21935849647877145,0.4678012130632826,0.22971075960716653,0.4325782491251906,2.1450530194491515,0.27829965900556847,-0.0,-1.3231149675406217,-1.4024061696425072,0,0
-0.31217291428116384,0.3937143303590069,-0.4354438431729953,-0.3094075037847254,0.3407098503100083,-0.33962820215184536,0.40690690714415084,0.2553213755775638,0.6177316324999925,1.1486457050746348,0.06274638354268562,-0.20044619102158384,-1.5049889084000836,-1.3537721162770089,0,0
-0.38912899682557744,0.347130304114405,-0.4143044704236731,-0.31735348730827867,0.3712805666545832,-0.2704945777318854,0.4321529005946672,0.24071776092575908,0.562457203171944,1.2738570630986268,0.08064727403330316,-0.14784936525927223,-1.5203939470825916,-1.3319651272075026,0,0
-0.48438252045878455,0.2328338463701703,-0.3951146440383476,-0.23687426192507324,0.4025257385694195,-0.23186021265259313,0.47697142592771263,0.2359006282074961,0.45450400638138816,2.033428522646215,0.3456394967890823,0.1815238768592145,-1.5707963267911653,-1.5677003614512512,0,0
-0.4272968490319371,0.29511594911872824,-0.4475634521337677,-0.27539528789283546,0.4066357258420051,-0.1961223133092961,0.46822457532369977,0.17640165208340328,0.5224673603851396,1.6052059416998046,0.12833779931687472,0.04252753462008545,1.4002213460551438,-1.517036518252651,0,0
-0.20823912967412087,0.33389218145438376,-0.5601787003917772,-0.1352386416043402,0.2636505557708997,-0.3900410439774034,0.5047672742949985,0.19138750412735986,0.7709497743655958,1.4710555300892463,0.2505141447426965,-0.6194736909522659,-1.294990428202007,-1.3976832160098358,0,0
-0.43724094936769625,0.32031423096201234,0.4772328693134626,0.2649343896842463,0.32366412107029346,-0.2898359569674752,-0.36365604101605975,-0.29541266367878344,0.5630661246068601,1.4851938848873034,0.06859889013130412,0.27438195133183524,1.0868469389398947,1.4758446204573838,0,0
-0.16070827338153063,0.5037774536874201,-0.572383698631941,-0.27895610057527176,0.3481821493046577,-0.21311525042309035,0.38490982270881396,-0.011706102689058025,0.7493057604316972,1.2230132669379334,0.3038164644497104,-0.3185212868284684,1.3337288910241056,-0.9794566944739987,0,0
-0.49661015929668184,-0.23695330594308048,0.38148561348199755,-0.24459837582205177,0.48288670350420293,0.17954979420948855,-0.36776215768951864,0.3020018875556437,0.5353932431845901,1.7919802247223982,0.1342630614288843,-1.3448371091026168,-0.0,-0.0,0,0
-0.4624181201596425,0.17496392347070103,-0.4136963131646186,-0.21880412380630013,0.49136545180598873,-0.24836165644974972,0.3847489815182723,0.2922018567853489,0.515580598527663,1.7644246209988235,0.07162613908973652,-0.0,-1.4150433460409158,1.5563881020130257,0,0
0.11194853476890598,0.46069200096783514,0.5034783254643498,-0.0903401454111841,-0.1028292172401431,-0.4781504998358718,-0.5125976429931127,0.10779864427922077,0.9539353032331526,1.0822645625732101,0.007491832726490593,0.32724500460265116,1.1948353729311805,1.1401038154158274,0,0
-0.5052730331792116,0.02343153978945519,-0.1996024533396456,0.004843450940042355,0.3285491080785388,-0.49075040402814946,0.37632637844031835,0.46247541329865194,0.8403633196958535,0.9248589322641948,1.5601400282195759,1.0480072414272181,-0.3551369653311835,-1.5707963267903304,0,0
-0.4032912967584804,0.23348377881738183,0.538443528371815,0.13032908355746164,0.37998421365643636,-0.18257442581210998,-0.5151364452697709,-0.18123843656273347,0.43835059226690554,2.5322898621355634,0.10760939819742098,-0.10047793205578966,1.3116090284496857,1.516956194827565,0,0
-0.4456969759070017,0.24476251002028884,-0.43391879440097963,-0.2564762172646062,0.4562543663460741,-0.21764752950712432,0.42336140396190736,0.22936123675144168,0.4520929428638345,1.799444642154362,0.04995839572372855,-0.0,1.5506985307013286,-1.5295825641314305,0,0
-0.31027899895786626,0.36633379111387826,-0.4569038593083374,-0.2578733898001522,0.3222912222419423,-0.35966812021732586,0.4448916360242613,0.2512077189035998,0.6547052532413367,1.242139285389838,0.0326502352861158,0.4529718580168334,1.0170145929058383,1.0383949823003296,0,0
-0.5089368014114667,0.17714265515709546,-0.4193578295116122,-0.19907938052480198,0.4740590802920803,-0.16624290381151074,0.4542355506309986,0.18817962917921727,0.3806740116916449,2.538342187196232,0.17787526300681825,0.17787526300803327,-1.5516599070867623,-1.5263811115435502,0,0
-0.2963280167371679,0.3121312500375561,-0.511067943058928,-0.21905850209761016,0.37294267495485073,-0.3410016145048308,0.43445328484124524,0.24792886656488483,0.6175509880640752,1.4476705724533496,0.28010797529820913,-0.0,1.3236990227744148,1.2742505177302772,0,0
-0.5308118435511727,-0.08290239505810137,0.41458493682426484,-0.08013685650116249,0.5641851111160381,0.06150584591530496,-0.44795820438913037,0.10153340564395893,0.20195664010036463,5.937008707089798,0.04245198544506283,-1.4971045079138727,0.7419472680266722,0.35144479401432543,0,0
-0.46947591971935626,0.24644887047836803,-0.3812239758122402,-0.2938666867345059,0.4587506377783751,-0.22323781970262763,0.39194925775322137,0.27065563595876546,0.5240046122241987,1.6442690044022858,0.027465619065364134,-0.0,-1.4927791061531992,-1.4369853493171578,0,0
-0.4478396562314459,0.0005105141646521435,-0.17108371719342452,-0.37698820508785863,0.5883125797350566,-0.1359009380974586,0.030610793689813884,0.5123786290206651,0.9215194337559963,1.1650448344018949,0.07781468116327407,0.007812341060162144,-1.2533998813078442,1.3764713816597778,0,0
-0.46420601853491,0.2433765050438723,-0.3596853373926664,-0.3044762975648882,0.45044536138162977,-0.25138251113424737,0.3734459945459466,0.3124823036552633,0.5643020359573898,1.482516619604046,0.05280000823959337,-0.2140606835653257,-1.2336623706130685,-1.250531655401299,0,0
-0.24115262030298706,0.3126880504796958,-0.4434447525408637,-0.3695689239162419,0.008736936978817597,0.19025171415386685,0.6758604358650332,-0.1333708407173206,0.7636537712674822,1.6405917863967847,1.7342075284188785,-0.49621754101560056,0.8874050813118554,-0.910095975891355,0,0
-0.47534862938941286,0.15506024808959457,-0.47534862938941286,-0.15506024808959457,0.47534862938941286,-0.15506024808959457,0.47534862938941286,0.15506024808959457,0.2948307056086844,3.0655737704918034,7.33191645153929e-07,-0.0,-1.570796326789549,-1.570796326789549,0,0
-0.31418971388509875,0.37199403055318814,-0.46297478079648513,-0.23792793005727325,0.28436037814413984,-0.3492088250595828,0.49280411653744405,0.21514272456366793,0.6893104700916551,1.3252566734803766,0.11454069679738246,0.11454069679768611,1.3648049901262156,1.4089588955630998,0,0
-0.4553172549334006,0.19507422035842584,-0.43230539918322597,-0.17434219122644476,0.4009280595086071,-0.27448648165335227,0.48669459460801945,0.2537544525213712,0.4976092194054187,1.783299605535371,0.223170040758144,-0.0,-1.3889704429680345,-1.570796326790975,0,0
-0.4298034706635301,0.21209469355348629,0.513907975728705,0.09476334378872027,0.42944587778381266,-0.1220870857549962,-0.5135503828489876,-0.18477095158721035,0.40776292433213723,2.5889324791855906,0.1900703719270885,-0.2989596548901404,-1.519559159378691,-1.3561114235796299,0,0
-0.5375395280168322,0.12540630284533577,-0.4315121384222922,-0.12940402170705906,0.4330984835038697,-0.0916715387655098,0.5359531829352546,0.09566925762723309,0.27353702608233144,4.212909005307406,0.8964049126944829,0.42200502990984334,1.4994888620155284,-1.570796326790112,0,0
-0.49799403726140173,0.02029121755850631,0.05836119387944497,-0.48462185210764364,0.6039691629580899,0.14928229119480052,-0.16433631957613315,0.3150483433543368,0.8812071277114304,1.3780220977010058,0.524465663036967,0.7199181384765256,0.8245937653270462,0.9611364600881496,0,0
0.039253024206825735,-0.36097505378173955,-0.014615527542928391,-0.10898902922847616,0.5979576375358303,0.250029157905599,-0.6225951341997277,0.2199349251046168,0.7457628841170807,1.997617607847417,1.7567509868164457,0.9006742893568106,0.35060502262067206,-1.5405025668804466,0,0
-0.35891563234738794,0.32764904890503826,-0.4706485797984607,-0.24733174525225057,0.34556045406831726,-0.2894030016624174,0.4840037580775314,0.2090856980096297,0.5890701826653965,1.5471180056821319,0.07896624511549938,0.21406068356562657,1.2163021807086793,1.3045442776496123,0,0
-0.3886417942008954,0.31801631742394737,-0.40952086359698625,-0.2571772389854559,0.3288817977793084,-0.3335179130651572,0.4692808600185732,0.2726788346266657,0.5725694047483623,1.3488189606796959,0.19131029173676467,0.495311231081227,1.1422220483344478,1.091998361925334,0,0
-0.46080125803359895,0.2626305983241282,-0.41268097675136456,-0.27129297962655124,0.4244960745053668,-0.21125973243398485,0.44898616027959676,0.2199221137364079,0.485756953560293,1.703965615838071,0.14661956967368206,0.14661956967414527,1.442473099111746,1.560968633379433,0,0
-0.2856952518893174,0.39281596679165587,-0.45711854462888496,-0.2616672709474028,0.3049529193044914,-0.37648293075253725,0.4378608772137109,0.24533423490828415,0.6885066825482484,1.163370212409778,0.0455944510120228,-0.326826652931229,-1.3505989143966712,-1.299062230010569,0,0
-0.45582666485455814,-0.15690283611073047,0.49751590922294286,-0.06796795563983,0.47264861053559476,0.078982038910152,-0.5143378549039795,0.14588875284040848,0.3063808090261818,3.3417499066997003,0.16070355832250696,1.4729281765028657,0.023251622811003455,-0.0,0,0
-0.49693386111049165,0.10126886314542616,-0.48861071388487154,-0.10245662892396368,0.4953400669609048,-0.062257598706606826,0.49020450803445836,0.06344536448514435,0.20215149426397158,4.8706419505587615,1.211309518391062e-06,-0.0,-1.5707963267904914,-1.4916667436953215,0,0
-0.435753133883045,0.30001557019552083,-0.3881947598634931,-0.29969303564383876,0.38438659371328204,-0.26344014491775597,0.43956130003325605,0.2631176103660739,0.5249335988350131,1.4595662383253616,0.18353963370291548,-0.0,-1.5385494443556147,-1.4495304662841317,0,0
-0.07457473436920205,0.48792474746199793,-0.5073715857092331,-0.079401526176802,0.08385582665712206,-0.4818097785323792,0.4980904934213132,0.07328655724718323,0.9750312927109811,1.0368426122598178,0.01059801344083969,0.014777249407565082,1.5019398374987547,1.5310163283288372,0,0
-0.3443039696369824,0.3358187522663284,-0.42467835898934225,-0.2795822147410162,0.3560114501260111,-0.3531507637062892,0.4129708785003136,0.2969142261809769,0.5771147897080804,1.2158001451009732,0.04247189681011117,-0.13594867796884502,-1.4707596213170415,-1.513388212154278,0,0
-0.4322569422983972,0.28816091530890536,-0.38151059985758573,-0.32074694114759816,0.42714243617451253,-0.2568623703039006,0.3866251059814703,0.2894483961425933,0.524401493614258,1.4084004349974308,0.009117973402753794,0.004310318133832621,-1.5707963267916498,-1.4935310956507368,0,0
-0.46836146731571315,0.23215496160910448,0.3128433610652255,0.34054666035799913,0.4840837874488654,-0.22885072725967276,-0.3285656811983777,-0.34385089470743097,0.6518512036945482,1.3916549638660272,0.0027100204684753766,0.002710020465938219,-1.419240192822579,-1.4732805235037618,0,0
-0.546174845126216,0.23736848393847376,-0.23835365126570787,-0.38265904899802833,0.42998965216709367,-0.1732868863192936,0.3545388442248301,0.31857745137884813,0.6845221758741133,1.3920617320528443,0.308603494710753,0.15722805097751189,-1.5707963267889442,-1.3571273392504082,0,0
-0.2803888305161053,0.3658738357895581,-0.4742960004545782,-0.20371511362879424,0.2713371570518607,-0.39783269111206115,0.48334767391882283,0.23567396895129733,0.7313587245650153,1.253941979857879,0.005181300796150697,0.17467219900967787,1.3226828777044846,1.2368512549560744,0,0
-0.43307214902151,0.2692585320745601,-0.32504314801756234,-0.38856832842211153,0.47290936977896003,-0.2329257368653042,0.2852059272601123,0.35223553321285567,0.671154607697301,1.222970837113285,0.14763502558658326,-0.18977873218100247,-1.410883203632186,-1.3332616948943121,0,0
-0.4970501220280687,-0.24055559728019396,0.49992338781575274,-0.2038475371379793,0.388366109448849,0.20036796830286951,-0.39123937523653307,0.24403516611530374,0.4831241542203062,2.0573514502383197,0.09275632018843707,-1.4780400066021415,-0.32523486085730424,0.15902317975773625,0,0
0.401297689790501,0.23749936193163915,-0.3462383657455171,0.3378052324144624,-0.46426112064368763,-0.29430998713842155,0.40920179659870376,-0.28099460720767994,0.5521292037039767,1.3818096609985449,0.1486284413394684,1.4221678854503585,0.19982864507175888,0.0,0,0
-0.43162688067553645,0.2768317515957673,-0.4100807757487275,-0.27139658169370245,0.4010613081941392,-0.2674872228611882,0.4406463482301248,0.26205205295912337,0.47820489845597475,1.591076520383146,0.11389607624533915,0.11389607624563267,1.4913618324625733,1.5131236339043224,0,0
-0.4080597841472687,0.04730608412765704,-0.16449645106645783,-0.4371819938357062,0.6571709068577808,-0.026452325934812483,-0.08461467164405416,0.41632823564286164,0.9091852915273333,1.2480584932834693,0.5668269692338898,0.5349550737893451,1.038118607339399,0.6505432459058614,0,0
-0.4776798437082714,-0.22674513124974952,0.3809882082763674,-0.2753143412856894,0.4765166957520297,0.21869155258909856,-0.3798250603201258,0.2833679199463403,0.5330926803254586,1.7079413571429074,0.018880011290724346,-1.2388864702579263,-0.19739555985141924,-0.1988858717137618,0,0
-0.32685733622462027,0.3016831460420862,-0.5072974749038605,-0.22842052641919006,0.39203818178904637,-0.3019425803795422,0.44211662933943435,0.22867996075664607,0.5730907783487985,1.572852286915511,0.23398685928363622,0.04164257909878099,1.2826389429481915,1.2957209772090652,0,0
-0.4334628422855619,0.1587408603995186,-0.39395620432125306,-0.27224662730316784,0.5626036411440287,-0.23003950751858804,0.2648154054627863,0.3435452744222373,0.6133696740760445,1.6175374840732446,0.38745610071879855,0.761012754230675,0.8570982469326873,0.6424680513126354,0,0
-0.2544993564973792,-0.1581753647093333,0.13618344661955706,-0.23567457388708937,0.671630312392948,0.17124225128079837,-0.5533144025151259,0.22260768731562425,0.5613704337963855,2.6729044927319143,0.15391812709199104,-1.1441688336604863,0.2984989315876207,-1.2878194334286184,0,0
-0.3234125685263631,0.34006130412808183,-0.4803174051293614,-0.2256122791626372,0.3160509020200403,-0.3346128418495429,0.4876790716356841,0.2201638168840983,0.6530821962708067,1.4347614808366302,0.029450991972297273,0.2014196829983455,1.2348287208723026,1.2455614659445935,0,0
-0.18928461817752584,0.41987670985539194,-0.5375789464199169,-0.16426741608819284,0.18575074986206566,-0.3643691194327488,0.5411128147353771,0.1087598256655497,0.8459595147735185,1.375451065049873,0.10654230918989685,0.1841638179280573,1.1188669314043418,1.2516567325304493,0,0
-0.4718472161645924,-0.11347724488775998,0.49033415111970313,-0.16550729301959322,0.4680276015044456,0.17111867833969244,-0.4865145364595563,0.10786585956766072,0.32883263832741155,2.9018815263563105,0.12019083063300515,1.450605496166843,-0.0,-0.0,0,0
-0.5144295543216731,0.13465579871748948,-0.133909791529167,-0.4567971767314801,0.4866253885512835,-0.13540135865717873,0.16171395729955662,0.4575427366711694,0.9153044897777535,1.0948389414037538,0.07041833369571238,-0.1637382411150585,-1.3132528798961207,-1.2808821458215107,0,0
-0.38024061222158667,0.26166347304354387,-0.4578659065941479,-0.20643676740100986,0.3718618599951277,-0.3255241255620663,0.46624465882060684,0.2702974199195323,0.5506049852812931,1.5509854794992388,0.007232543305736995,-0.3164314556277435,-1.2761475686888946,-1.428899272186066,0,0
-0.5842939318973311,-0.24067055645996377,0.3673816232862987,-0.27786498781635627,0.40918030952398954,0.1016844440187708,-0.19226800091295718,0.41685110025754923,0.6901825386024106,1.4300435220605292,0.44360962910594604,-1.5001744194858426,-0.0,0.4279484963231382,0,0
-0.4103790774415968,0.30648143476487844,-0.4390369352699314,-0.2834086733698026,0.40007290469560436,-0.23775585633791518,0.449343108015924,0.21468309494283935,0.5240465997985858,1.5060093923172289,0.059928155122488544,-0.0,1.4679001438270898,-1.512966144044058,0,0
-0.17423738810251727,0.4638841128215291,-0.5123992382234451,-0.2048422462545031,0.22627572496961904,-0.40633795746286344,0.4603609013563433,0.14729609089583748,0.8465173425552582,1.1178297733380698,0.0681625552141553,0.004878010089421877,1.36403774468595,1.5604874136538074,0,0
-0.5866904722656725,0.12393789968412786,-0.061821422392022055,-0.4677503713623837,0.5530108561592624,0.02395958097104157,0.09550103849843224,0.31985289070721423,0.8976324840525328,1.4470500356107252,0.27108552386232837,0.9604181884820966,0.661417280321076,1.0563450137399877,0,0
-0.16624858708431842,-0.34741324338231394,-0.5271883167577737,0.09226662671901899,0.2100513466507516,0.48456891807685654,0.4833855571913405,-0.22942230141356149,0.8407794359623513,1.2146581029774977,0.321750554396927,0.3217505543930707,1.4473955304394548,-1.3848506482296232,0,0
-0.4634639932244385,0.30544421685347856,-0.32478130564776897,-0.3166754804603091,0.3350500824925166,-0.2845835828607576,0.4531952163796908,0.29581484646758804,0.5702717500188168,1.4734450838996347,0.42014843533350393,0.1707352114767262,-1.5707963267867,-1.5116936431784125,0,0
-0.44670760911642066,0.24785361513440438,-0.30199696583260965,-0.3884672274643829,0.4709336640055702,-0.23636129976552395,0.2777709109434602,0.37697491209550243,0.7024012994469538,1.1988381952026015,0.08148975195570848,-0.309986391249153,-1.23150371233504,-1.2135700568346566,0,0
-0.4672034005932256,-0.1504829971476313,0.28333100873748535,-0.45376743175414713,0.46166844499597187,0.30578695934614497,-0.27779605314023154,0.2984634695556335,0.7055286890867075,1.2229168265930657,0.3939318382125286,0.47343522466957433,0.9439477285151172,1.1125687189260476,0,0
-0.32229042433713706,0.3308023747646037,-0.4606826146899896,-0.1787602418384207,0.2544342313939716,-0.38168961351958913,0.528538807633155,0.22964748059340614,0.7048123380443346,1.388396555455122,0.1563033728290817,-0.046478131351542606,-1.513009496015722,1.4704154237190477,0,0
-0.4174283307455658,0.3023465561108409,-0.34823442333214255,-0.33926237252346103,0.3923303608141106,-0.30091053189697126,0.37333239326359774,0.33782634830959146,0.5482784766515876,1.195941782287252,0.07769490730073589,-0.08039506382161776,-1.4347131601685015,-1.4278099479990585,0,0
-0.37840033355261105,-0.013679173284750126,-0.15294481002557642,-0.444296348841068,0.5827896856856041,-0.07815516917550616,-0.051444542107416585,0.5361306913013243,0.9423766855761323,0.9803789368137141,0.31905403271250904,0.3519038254174926,1.239443872712969,0.6669082042427574,0,0
-0.43911152435505846,0.2972085763649965,-0.3418839944291652,-0.3797531948657839,0.4496365163118226,-0.22553509723769508,0.3313590024724011,0.3080797157384824,0.6113101516057396,1.2920987451532513,0.07547890904446644,0.12853907054970096,1.392478137981857,-1.5707963267889087,0,0
0.4179282898593116,0.2822046195658894,0.3822656179531888,-0.30083869275161523,-0.4074468977299623,-0.29778943742308783,-0.39274701008253815,0.31642351060881374,0.5094729068903825,1.3371549126057936,0.03716199235577707,-1.2393997693209626,-0.27416745112169505,-0.3124915597367694,0,0
-0.6876959902360551,-0.006541453489508042,-0.1439658654640061,0.13296905185878555,0.5925015497967353,0.12701867436082928,0.23916030590332596,-0.2534462727301067,0.4946879479696721,3.3130092379094798,0.5711820284663655,0.18789788072189184,-0.4471396747358785,-0.6994038722006012,0,0
-0.45354559536656297,0.14175516233906899,0.4391032157165326,0.2240613916684078,0.4878616537170105,-0.2156271382788153,-0.47341927406698003,-0.15018941572866146,0.4226641980036455,2.1862770172771517,0.15991312315858525,-0.15991312315948703,-1.392385827427979,-1.5707963267705063,0,0
-0.4402237426682764,0.3060112816120125,-0.3625155484827649,-0.3669884641588062,0.4483021746144368,-0.21241311565907953,0.35443711653660454,0.2733902982058732,0.5979777164420494,1.3202470325825189,0.07590784329645087,0.34994264921298945,1.1474291854183296,1.3768371795407348,0,0
-0.4580299954729298,0.17056368019614135,-0.4761987448913261,-0.16317550824043417,0.4568502065496573,-0.19223505606864624,0.4773785338145986,0.1848468841129391,0.35957677036750646,2.5288330654253173,5.464887863663577e-07,-0.0,1.5475447039890824,1.501141753070957,0,0
-0.2515060186416877,-0.2660106090560459,0.3874203594972811,-0.16539149882856663,0.4728961162646631,0.24018979419221873,-0.6088104571202565,0.19121231369239378,0.5475603036437449,2.1369136935562643,0.11095163647523276,-0.8481177252589229,-0.3587706702743082,-1.2298173733057098,0,0
0.6816153205617091,0.000968083021378654,-0.41939075821809935,0.19836934656691665,0.2248071882782052,-0.020438958950941936,-0.48703175062181514,-0.1788984706373534,0.44089292962757143,3.0976590578113514,2.7451513703711727,1.5707963267879037,-1.4207693699994206,1.2406777668797038,0,0
0.4203837042985586,-0.25502415963126523,-0.42085938226931163,-0.266763656425047,-0.43205339070975457,0.2668922811988772,0.4325290686805076,0.25489553485743505,0.46138956301910883,1.6201121329967232,0.02782891263878914,0.2993662340556125,1.2784490605933572,1.233662370608478,0,0
-0.11874214476642114,0.49804369735023674,-0.4979712638977011,-0.14048589781081902,0.12695468799746168,-0.4528557358532043,0.48975872066666054,0.09529793631378661,0.9392318824802951,1.038732330754309,0.04874185131145944,0.048741851310327246,1.449653312645542,-1.570796326786632,0,0
-0.5133248360555364,0.18607795673497532,-0.4114228844222086,-0.16719047248245267,0.3537402958204686,-0.17267841730147548,0.5710074246572764,0.1537909330489528,0.38901111010407613,3.02247524834957,0.868029691947078,0.31059860037462045,1.5482013027138446,-1.5707963267909126,0,0
-0.5272092773065392,0.23003097212103765,-0.15184600443132523,-0.4866553824686008,0.4163285387144379,-0.13049527327171745,0.26272674302342647,0.38711968361928056,0.8244398175501445,1.079840627915193,0.19399356957248115,0.24618493516060846,1.2471482414745472,-1.5308176396666147,0,0
-0.3906967746443572,0.31891090146616546,-0.4303775175790909,-0.2538274230253283,0.33228491913168895,-0.3013841192301064,0.4887893730917592,0.23630064078926927,0.5701546454720028,1.4818221330216372,0.2140731129238504,-0.006896442388396021,-1.5707963267897154,-1.539416496161007,0,0
-0.3775811692783681,0.301385397784603,-0.4161403852218806,-0.26022844677292106,0.3629647320560951,-0.34273205206452895,0.43075682244415353,0.30157510105284696,0.5456619288543575,1.3144308635539108,0.03628102243845763,0.04015697202084919,1.5675912095681694,1.4618543698081188,0,0
-0.513086627299193,0.16709068614401854,-0.32142918181176766,-0.280525915893743,0.5102786844008087,-0.22154798002876674,0.3242371247101519,0.3349832097784912,0.6298906882477615,1.6626322324341225,0.08194604309533561,0.21109333322437257,-1.448127671285942,1.5663715769150102,0,0
-0.3594555748385809,-0.10028859353340096,0.42280276613781004,-0.18880527056903545,0.5150636455070657,0.1929566019907129,-0.5784108368062949,0.09613726211172356,0.41744686596425,2.864284154364379,0.20098856366523035,1.3427873139477455,0.3524576228304282,-0.7242500007576906,0,0
-0.4531531622989735,0.28071011754699604,-0.39502045328915025,-0.28889075547046733,0.4041041205887651,-0.236558487609071,0.4440694949993586,0.2447391255325422,0.5110588088881783,1.575177812746829,0.1845531794303468,0.4487233440136164,1.158385885201881,1.2638495361076323,0,0
-0.3524681107742092,0.3396708381379365,-0.4062236425350499,-0.2687807818557197,0.32374947606270577,-0.37206646858227616,0.4349422772465533,0.3011764123000593,0.5986891662501888,1.1818488532768026,0.07556309839854518,0.2157661964079972,1.4074702476087855,1.3157593272784625,0,0
-0.4419771138330158,0.22583417481160287,-0.4481131791762178,-0.2183555641296448,0.43369417849993974,-0.23692867472177162,0.4563961145092938,0.22945006403981352,0.4218439035871811,1.9394308070031911,0.0348254623810736,0.0072462499799496585,-1.570796326791247,1.545711983614113,0,0
-0.4223833630929449,0.26169035176091954,-0.399832814696899,-0.29667532265756663,0.4504004362022592,-0.26843447627205475,0.37181574158758474,0.30341944716870184,0.5237529931461515,1.4544099418628178,0.09620078712356409,0.5794703873935585,0.9984875019569002,0.9791966164633736,0,0
-0.4607500891741007,0.20273940148915592,-0.24683103308939844,-0.40210503519485297,0.46683402262825685,-0.23812302499076504,0.24074709963524235,0.43748865869646214,0.778793770823036,1.1048011896125947,0.017019633059087855,0.017019633058209027,-1.473724107634559,-1.5707963267912066,0,0
-0.4582697502205108,0.23187825473683335,-0.38948574751395915,-0.2479781576765879,0.4188861376563428,-0.2778738749595082,0.42886936007812715,0.29397377789926277,0.5073084179834945,1.5513556903900316,0.15982911237661176,0.1793388317998322,-1.5707963267914484,1.4639492707677408,0,0
-0.37206723165238775,0.36795560811665984,-0.4073465301953523,-0.32529703384766434,0.35090883077326795,-0.29221849810885003,0.4285049310744721,0.2495599238398545,0.5794562338150466,1.2056953131854615,0.09141166536899946,0.003831398876602524,1.4725223735423747,-1.478648788203944,0,0
-0.4931571993035215,0.23176961648906788,-0.31186094158580163,-0.33846817252725026,0.4641507012912002,-0.22408728691899363,0.340867439598123,0.330785842957176,0.6406821565279833,1.4304103949257492,0.08919361259312793,-0.1418970546057024,-1.2674164089474964,-1.2392421649116303,0,0
-0.4907704606466688,-0.0606979441779122,0.5431727206599054,-0.1309787454288492,0.4311741028675883,0.1465379301863629,-0.48357636288082484,0.04513875942039853,0.286936474451217,3.7256974883202245,0.17826745829962087,-1.5707963267870226,-0.4514530915644502,-0.0,0,0
0.4072092711041039,0.12192542898019924,-0.40279709727727486,0.15262624118992082,-0.5480376168576684,-0.14755607394382206,0.5436254430308394,-0.12699559622629802,0.3276979446633181,3.6366668016472903,0.056715666630923436,-1.1902899496948471,0.03224688243421442,-0.9197196053202876,0,0
-0.2956056981196445,0.3738421438374631,0.38149085246150477,0.20577302840462944,0.4115867665577537,-0.2819762208519737,-0.49747192089961395,-0.2976389513901188,0.6104157230800213,1.3538112895781,0.26053086994259933,0.5423027372212722,1.333422079836963,0.9797634295015387,0,0
0.3890002085049114,0.3239020056158037,-0.4359995460869444,0.22594760371440614,-0.39467505112317547,-0.2575114955109177,0.4416743887052085,-0.29233811381929214,0.5408578904013869,1.4242401737762744,0.15979655908282903,-1.5378864024240515,0.0,0.0,0,0
-0.4113611594430545,0.2872377681532255,-0.448880096096487,-0.2588771478339544,0.3995983002343968,-0.24601305859141057,0.46064295530514476,0.2176524382721395,0.4967041048046056,1.6654426106592242,0.06231003615869919,0.0049019215214732206,1.4821404449306088,-1.5646614344339533,0,0
-0.5064794846401491,0.21503149263499932,-0.21765664244755104,-0.4142105572951216,0.45088417370209183,-0.20082340931362663,0.2732519533856084,0.4000024739737489,0.7794979662854912,1.1758147088978474,0.1428558270815241,-0.0,-1.4494443262181247,-1.3734007669398185,0,0
-0.42795499730403275,0.2800203063637553,-0.39140041508314793,-0.26817701481558887,0.37637421080193073,-0.30203811678824116,0.44298120158525,0.2901948252400748,0.5157971073871583,1.4705973563484105,0.1785797859276923,0.11065722117470864,-1.5707963267896334,1.5150402223838317,0,0
-0.4553049265688458,0.2525246948018596,-0.33855645300732595,-0.32993734318433515,0.44228226826360956,-0.26397481550894003,0.3515791113125622,0.3413874638914156,0.6025725504045624,1.3370386217996169,0.04909176834258639,-0.09678404510794081,-1.3604704531262568,-1.3858827816337356,0,0
-0.32633451409813213,0.35707665492238844,-0.46390404148361686,-0.2999594946914521,0.3952260688473719,-0.2996210213428924,0.395012486734377,0.2425038611119561,0.5644795397091869,1.3075842338902124,0.2067912565134916,-0.20679125651462046,-1.570796326789549,-1.4128864060791693,0,0
-0.42440334846899547,0.25514571676913517,-0.3766596906448453,-0.32169465241901357,0.4668837102746458,-0.264678452877064,0.3341793288391949,0.33122738852694245,0.5819409654636164,1.3650742398776141,0.13653872585462395,-0.32942303811476387,-1.2262826295567537,-1.25875420522652,0,0
-0.4820265656961585,0.09179125179839316,0.493187754841958,0.13431507853075203,0.47979432786699855,-0.13701251786422222,-0.49095551701279805,-0.089093812464923,0.2670252284606367,3.627140345953343,0.09289952511382633,-0.09289952511398797,-1.5707963267726743,-1.5707963267615632,0,0
0.12070077426458076,0.469766281271891,0.5136456639736195,-0.1261135353958487,-0.13978149516459348,-0.456284206334333,-0.4945649430736069,0.11263146045829066,0.933653924265851,1.0887209936613504,0.02537876681732928,0.2160849722975161,1.2396021916513846,1.297656096683428,0,0
-0.4420307712974166,0.21636341508862666,-0.4599788001722868,-0.18242744185958468,0.3899773378116809,-0.23844060821256172,0.5120322336580226,0.20450463498351973,0.44207452887917226,2.137208520661232,0.2239045001308216,-0.0,-1.5499660067534735,1.5382496841814208,0,0
-0.4709446188283633,0.15754210407516475,0.460662203483536,0.2407730063707945,0.4528188818926464,-0.23788362846257147,-0.44253646654781903,-0.16043148198338775,0.4459197865556192,1.9462945972455146,0.17539422054363302,-0.0,1.4653070182814403,-1.5707963267773528,0,0
-0.3213463316506032,0.34706899460299623,-0.47065740366207043,-0.22329724827200104,0.2994725307715468,-0.34908709938488236,0.492531204541127,0.2253153530538871,0.670529619260359,1.3835813785463587,0.06820602245196386,0.23996617378110216,1.2367007205614058,1.2232903446810415,0,0
-0.3065756048000667,0.3166033031868458,-0.50666616947777,-0.20110528816087092,0.33218204192169004,-0.3407565444495566,0.48105973235614663,0.22525852942358165,0.6492913483360716,1.5025650036055223,0.11160612599907142,-0.1839434565385691,1.5508984557267294,1.5013892778190705,0,0
-0.5032861145206392,0.21592385685140625,-0.3920078235627978,-0.25806558371331506,0.47668865658263226,-0.17445608631641563,0.41860528150080467,0.2165978131783244,0.4651581537199857,2.0645678127293836,0.08314123188970131,0.08314123188920752,-1.5192955158385302,-1.4240750504795159,0,0
-0.399223858599114,0.32555662200041924,-0.39542457574406736,-0.31928564640544205,0.38636109498805815,-0.28627517746363307,0.4082873393551231,0.2800042018686558,0.5207173526519447,1.2522615801078236,0.04459223653356307,0.0817843806183297,1.4527042983791454,1.551254840670479,0,0
0.4424349379283273,0.19361914293079327,-0.26003464070998056,0.33253044909214446,-0.5539743981544121,-0.21210031043991054,0.3715741009360653,-0.3140492815830272,0.6442580801666042,1.5410463533124807,0.0855208307995613,1.5142528898312715,0.3562196553885493,0.0,0,0
0.4666957783755661,0.08768442230357928,-0.5361892687282405,0.24478371483793682,-0.3768153569306468,-0.29000717165299833,0.4463088472833212,-0.04246096548851774,0.536333783389148,1.8752844755532418,0.44751997515731334,0.0,-1.1257801020268214,-1.5707963267360732,0,0
-0.4658487627128319,0.21558941035765913,-0.27994358649530143,-0.37552041330732494,0.4730808534861349,-0.2410922248796823,0.2727114957219985,0.40102322782934813,0.7291198229342046,1.2091137786211212,0.0022367219780528593,0.12805085945121056,-1.5707963267914484,1.5014631931101436,0,0
-0.4385229347393018,0.2609943071634311,-0.43602897312259686,-0.28320640675156183,0.48347957467347535,-0.19176794498162666,0.3910723331884234,0.21398004456975747,0.5017544238538483,1.694232451074658,0.21934325460541315,-0.21934325460653936,-1.4459871996690008,-1.2902595350526622,0,0
-0.4478273670209606,0.21763327723775838,-0.4460140511390817,-0.21586774478804335,0.44266060513274075,-0.23223195360140636,0.4511808130273016,0.23046642115169133,0.4159696237980712,1.942968095636786,0.022595024088015864,0.02259502408682644,-1.5707963267921419,1.5381104242834491,0,0
-0.3825525927941155,0.35388364782864856,-0.4061311590860011,-0.2707113553575876,0.28929470292960285,-0.3187621361531605,0.4993890489505138,0.23558984368209962,0.6090943502460924,1.3462066210780022,0.32453267613187836,0.0838366420691157,1.5182132651914528,-1.5590321636392563,0,0
-0.3838921592483561,0.2943507264507667,-0.44604005586097023,-0.24218436319132636,0.3676286689874039,-0.30728007968558607,0.4623035461219225,0.2551137164261457,0.5464874935097661,1.5098023450897344,0.051460922131527004,-0.24657866176314314,-1.3597029935678817,-1.3932001595072687,0,0
-0.46658098318734237,0.012601826029199245,0.024629915618171638,-0.43563530384266147,0.6622501340556982,0.12441608166433578,-0.22029906648652747,0.29861739614912647,0.8288472956704491,1.5373877648058571,0.5448072352256427,0.4413878354507204,1.2397962931208188,1.1006128631546737,0,0
-0.46294139684856106,0.2231007212344226,-0.37229445151895907,-0.23105931498328675,0.3952482152475712,-0.3075313987959736,0.43998763311994893,0.3154899925448377,0.5625441005329902,1.4492745233439035,0.26869106870488624,0.09891279473714294,-1.3734007669405437,1.5669203772160856,0,0
-0.481325990758,0.0388347888382818,0.5419538949592951,0.1830219159778575,0.41344338833584576,-0.20920571324097234,-0.47407129253714086,-0.012650991575167003,0.40135864360220974,2.60889292209038,0.3579338503823433,-0.0,1.114190854916536,-1.5707963266698965,0,0
-0.46674632397156174,0.2775287512710027,-0.37774172186646976,-0.30312313159504606,0.4133732960033979,-0.22541308921796388,0.4311147498346337,0.25100746954200726,0.5213447230576997,1.5462983937543247,0.18932191751557323,0.18932191751645722,1.4356600788340264,1.5631041708230937,0,0
-0.5169196041616377,-0.24841150156513114,-0.3342441677298937,0.33306854792592827,0.4735479291381393,0.15516483595599742,0.37761584275339216,-0.23982188231679455,0.5759371102824419,1.7033560036439495,0.06613193683200594,-0.29423456510950574,-1.364180575584732,1.5510360532716712,0,0
-0.3603983919146461,0.32182147391172117,-0.40569433227372964,-0.307038358233131,0.38750448345337174,-0.3345653972543894,0.378588240735004,0.31978228157579924,0.5206452888677763,1.2084318723772405,0.08552980792933897,0.2679104224258424,1.2656713188050959,1.2337408450816747,0,0
-0.5512509685404743,-0.09352756063642115,-0.13702448990091537,0.39408752308302375,0.5300756496040606,0.13442930828969024,0.15819980883732893,-0.4349892707362929,0.8965028056427555,1.3042538715420755,0.12566337605492534,-0.08599429119497841,-1.1517925741396762,-1.2291808361405134,0,0
0.42718619656559187,0.11885955496107697,-0.8152304809556716,0.04382885393253337,0.04943276933289273,-0.13847361077407855,0.338611515057187,-0.024214798119531773,0.31971501678870057,4.828047228082311,0.3159702719531335,-1.3026855437284754,-1.5707963267899214,0.34653886442506815,0,0
-0.4161124185527206,0.30209720627029457,-0.4268510799321378,-0.2868002401876946,0.40117830636417773,-0.24733194390054877,0.4417851921206806,0.23203497781794882,0.511537682512692,1.475021291529382,0.0662744780283858,0.06627447802831896,1.4386593881757535,1.5677751879532908,0,0
-0.14326617588433035,0.4153321821522443,-0.5897634684451033,-0.15591801906516187,0.21716040944353143,-0.3393675678040652,0.5158692348859022,0.07995340471698274,0.8344207247474283,1.4649967797061174,0.04445383518287611,0.08251895443359925,1.0483928950840575,1.2955239037563269,0,0
-0.47115556044656304,0.2787026275884214,-0.3592240790184762,-0.24644219278495974,0.310231231243905,-0.2837525620063243,0.5201484082211343,0.2514921272028626,0.5575640616430135,1.7624585691563113,0.583756344567814,-0.0,-1.305119982812952,-1.3333525049201476,0,0
-0.37431515099731827,0.2704292868477696,-0.4718850350254597,-0.23741201349542443,0.4173051901399555,-0.28952567711050914,0.42889499588282254,0.25650840375816397,0.5043962497415845,1.6086651407476364,0.16859152623675897,0.12512898820103188,1.3143946104596558,1.2731833961620564,0,0
-0.5919928989317864,0.20455855463786096,0.3329127068330752,0.34580313365720783,0.4064372822130092,-0.13565457893272012,-0.14735709011429807,-0.4147071093623486,0.7593163797004883,1.312842516335603,0.315214699751579,-0.0,-1.5707963267685807,-1.0996300624668065,0,0
-0.37205081450997946,0.33850308143528174,-0.4561892426014664,-0.27238002313054666,0.3526984412238705,-0.26967535473413995,0.47554161588757543,0.2035522964294049,0.5691786394535704,1.5252195575964551,0.11710874456761049,0.11710874456783943,1.313472611829961,1.4747076112834985,0,0
-0.3612630514461463,0.3238237964374871,-0.45123204201684103,-0.23407784942521162,0.32107323973114044,-0.3255985780447612,0.49142185373184694,0.23585263103248574,0.6121805312920546,1.451526668603339,0.13469351188511383,-0.0,1.528862880924988,1.5137155443917962,0,0
-0.37093307165046285,0.3261620725239142,-0.42057937962440894,-0.295577695031096,0.3810348952852257,-0.31330783679877383,0.4104775559896461,0.2827234593059556,0.5314359032591108,1.299602879663707,0.030323834267430867,-0.19901106733057392,-1.4293523759173141,-1.3959339775670434,0,0
-0.49509181460433416,-0.0655313199265989,0.49656695625342695,-0.058375246893038885,0.49570116905532224,0.058563729687826055,-0.49717631070441504,0.06534283713181173,0.1300553123955787,7.593120668691856,0.014043772354091924,1.4907788645241133,0.07982998571541697,0.0713074647878284,0,0
-0.3776524589557113,0.30561256469800563,-0.4019768942203892,-0.30153856407742174,0.3963474710496172,-0.3241115520185057,0.3832818821264833,0.3200375513979219,0.5142399241241633,1.2393471651763024,0.060322520264853324,-0.18720915497313834,-1.3953610604000422,-1.4425836574247375,0,0
-0.17657521937236337,0.4478934250100939,0.43017614842228125,0.18125040706797121,0.26023290495201945,-0.4161890614839864,-0.5138338340019373,-0.21295477059407864,0.8157024928883517,1.092499844840549,0.1572956418804814,-0.009090658665142455,-1.4247840690740248,1.5220544754930758,0,0
-0.4936774513244681,-0.03800315842036907,0.5383792818362195,-0.11199832199803092,0.4443218369399079,0.12309541033809686,-0.4890236674516592,0.026906070080303112,0.24263006938137716,4.389979787658028,0.17427043125188127,-1.5707963267886074,-0.4521538622970041,-0.0,0,0
-0.48959402727979445,0.2389037312416816,-0.40883774257073574,-0.2120650543579069,0.3203825708498195,-0.1776703402081758,0.5780491990007106,0.15083166332440112,0.4814737692093461,2.3674437352931488,0.8423313878883449,-0.0,-1.4407330392897353,-1.311295862973452,0,0
-0.4607558886057198,0.1866873354119969,-0.40043031404149176,-0.26087902565711046,0.5288281720054689,-0.21939611185790503,0.3323580306417425,0.29358780210301866,0.5486915348890732,1.7847488994225242,0.23178294815160605,-0.0,-1.481429263692559,-1.5707963267907472,0,0
-0.4955420701413389,0.18705501355816623,-0.4549117112756898,-0.19766222171933143,0.4861658334800352,-0.09827411310951295,0.4642879479369934,0.10888132127067812,0.37767995053128317,2.5517648121828107,9.375897775137394e-07,-0.0,-1.5707963267886074,-1.3843094251216068,0,0
-0.42678414113774055,0.26629839745191036,-0.38685558815981114,-0.29559454265695656,0.4279940972885869,-0.28332545624308814,0.3856456320089648,0.31262160144813433,0.5198899242406029,1.405385645729644,4.3876266075180697e-07,-0.0,-1.5149105248923247,-1.5568112246230228,0,0
-0.20497124804093866,0.44607147140291636,-0.5041111005807641,-0.18583950507249988,0.16606336183152975,-0.36890009925662987,0.543018986790173,0.10866813292621337,0.8533812519895606,1.2848670126290518,0.2260633548257523,0.0949517063436552,1.300360201651091,1.4574629300375188,0,0
-0.4404198548430716,0.28232474111342387,-0.35540540104923135,-0.33231988150958064,0.4213017425263731,-0.26703052085003054,0.3745235133659299,0.31702566124618736,0.5595550783482295,1.327061696169301,0.0575213621917842,-0.0076921559756784165,-1.5095234292049302,-1.4682164743736916,0,0
-0.4683946429273679,0.21206477890745412,-0.3340980781860207,-0.29049015803743,0.4462331955638232,-0.28521661386330127,0.3562595255495654,0.3636419929932772,0.5982874753848091,1.3982309798563246,0.123340141126971,0.25436805855570127,-1.570796326788445,1.39577630171964,0,0
-0.4417438833268988,-0.3254669944189876,-0.4287852803176603,0.32237404319231544,0.4074538292002581,0.12542053518915508,0.463075334444301,-0.12232758396248294,0.5861790208915416,1.3966685733701245,0.2408464552444276,-0.24084645523734774,-1.1186424644975623,-1.5707963267829919,0,0
-0.07559695505427476,-0.165200771422679,0.3716704423988403,0.017969634287226886,0.4739981409722144,0.07572811961279394,-0.7700716283167799,0.07150301752265818,0.2997323498855541,5.163638797913302,0.38530051361871587,1.289024459533685,-1.41419444976153,-0.5718377299214659,0,0
-0.4598924803631781,0.24578434530431822,-0.39417194103046094,-0.25494124370368476,0.4108572097795328,-0.26229624201616264,0.4432072116141063,0.2714531404155292,0.48202890286712674,1.6919920129235206,0.19103955481294316,0.071947669564028,-1.5031033040953041,-1.5406547044022565,0,0
-0.3914426264157303,0.30054556170384045,-0.48624876863022626,-0.2619212452811864,0.41872229218929535,-0.19914196327427344,0.45896910285666126,0.16051764685161937,0.5316536780804131,1.6804864922670002,0.05554573744016545,-0.2362452607198422,-1.5707963267911231,-1.338341093692037,0,0
-0.4686791633798977,0.24376813435546316,-0.3902507347073337,-0.2675936792482737,0.4302793609001703,-0.24092065654489683,0.42865053718706114,0.26474620143770744,0.47855147355689703,1.6886928011511302,0.14896467895052323,0.08430673252679753,-1.5354128706663261,-1.5262913207567212,0,0
-0.7844060606415086,-0.019647076340653057,-0.06442567302182227,0.04101960861516204,0.44434852113759266,-0.10344180172586183,0.40448321252573827,0.08206926945135286,0.22794757867975152,6.623618601206279,1.4431840147781811,-0.9685089806514444,1.329230619713234,0.9672240472251079,0,0
-0.49426724685902323,0.2295677913809121,-0.34722655920646994,-0.28149581886176933,0.4320199568596775,-0.2456367981696042,0.40947384920581575,0.29756482565046144,0.5363764651887829,1.5996376415788964,0.23866627984749814,0.11065722117500429,-1.4472902284720663,-1.4764031235995987,0,0
-0.4600162539849227,0.11961112332997693,0.4551149494082626,0.20857048486636715,0.4853095546744493,-0.20457491402812764,-0.4804082500977892,-0.12360669416821647,0.39898186767214233,2.3374768479966894,0.1805518237016283,-0.1805518237027126,-1.4141944497957641,-1.5707963267654848,0,0
-0.25553688427641413,0.40840832991667103,-0.47523804305391043,-0.2024884375712713,0.22346223271506963,-0.3966840780665978,0.507312694615255,0.19076418572119808,0.7910441393558054,1.2204198274958573,0.10487693873126915,0.10487693873132979,1.3917810497826328,1.398605512280398,0,0
-0.3927227177883359,-0.2456255831720829,-0.4590426316781247,0.22343531471933004,0.4199978557608827,0.29545924130660794,0.4317674937055779,-0.2732689728538551,0.5066288517655314,1.566319558629047,0.11976598453817076,0.17759616728237326,1.4519057587359878,1.5671731542470595,0,0
-0.40556621280028926,0.29172694923654,0.43009304695289036,0.24764609006170507,0.41097719869617094,-0.26355622898344533,-0.435504032848772,-0.27581681031479977,0.4912642209272965,1.5251635935279118,0.06718411688556461,-0.0,-1.5554718560022114,-1.5707963267914484,0,0
-0.3345736007489634,0.33750983137185,-0.4765834803964607,-0.2671913785321472,0.3791871790837543,-0.3023401738945517,0.4319699020616699,0.23202172105484895,0.581337886550642,1.4199474485896961,0.13220550113844576,-0.18961361577625913,-1.5707963267877023,-1.4750896187001659,0,0
-0.49367894317244826,0.03022752125686917,0.4750808676768999,0.137589138890262,0.5050913985901712,-0.1332059263471542,-0.48649332309462273,-0.034610733799976964,0.270462079854805,3.6882885620052197,0.20947956377916765,-0.0,-1.570796326780812,-1.5707963267360732,0,0
-0.4367768394691085,0.2477868710864444,-0.3946907718895832,-0.29706224943809856,0.4693966348580952,-0.2502788884149937,0.36207097650059655,0.2995542667666478,0.5406380613302474,1.518854154577618,0.11568238839795453,-0.4754580834591507,-1.0723369163233352,-1.082959888129946,0,0
0.41138509652933125,0.21834709202582814,-0.23744676861568972,0.17977321286343056,-0.6294881731780125,-0.12370577800557644,0.45554984526437103,-0.2744145268836823,0.5346650905460362,2.201953189543436,0.19739555984999138,-1.3734007669510255,0.774035016127541,-0.22740234828055333,0,0
-0.4698465594213505,0.22538180876958225,-0.3606075495346087,-0.2938907691910729,0.46569992055706805,-0.24838388332841146,0.3647541883988911,0.3168928437499021,0.5714164591154299,1.5317150954225554,0.030631084921383424,-0.47646741947808907,-0.9420000403745087,-0.9961932562422205,0,0
-0.45207861090912455,0.1518642484812917,-0.5023650109767944,-0.13900380346232868,0.4606393228710143,-0.15602225260679242,0.49380429901490464,0.14316180758782943,0.3067070833446753,3.2355082358960003,0.060791016847713,-0.040793682868697,1.4580687152107288,1.449598385696185,0,0
-0.30641577594224956,0.3694789693563138,-0.44903516695769946,-0.26168018274005067,0.32037581559104245,-0.3715031129313863,0.4350751273089066,0.26370432631512314,0.655109886817661,1.193160152452018,0.04358717024245309,-0.18889718087852675,-1.4623524707498279,-1.4624358402095838,0,0
0.474677680348838,0.15217117638451558,-0.47648452647781464,0.15656412796624103,-0.4746485376693384,-0.15715077806759228,0.47645538379831504,-0.1515845262831643,0.2989514544081656,3.0375984435159658,0.010470821507305843,1.5603255052849647,0.0,0.0,0,0
-0.35430659694487376,0.3488955221325609,-0.4149042471170238,-0.29463950362062874,0.3489000517542752,-0.33850921662954453,0.42031079230762236,0.2842531981176124,0.5741307759858805,1.2150265954359305,0.02028218444665701,0.12090276430325085,1.4133794540721767,1.4392644219845379,0,0
-0.4360945088730052,0.23262532475012446,-0.4401337745705732,-0.2194906609383656,0.41725101142173593,-0.2605046720087215,0.4589772720218425,0.24737000819696273,0.4566357352575212,1.7703403647299065,0.07304056530391786,0.07304056530371103,1.53662160318297,1.472350167586339,0,0
-0.629081148631377,0.10367482558753705,-0.192873627073054,-0.28093115357958626,0.5813236049065532,-0.09280432071444324,0.2406311707978777,0.27006064870649243,0.6669230966475012,2.196774522807655,0.09428818278183267,0.4284862270504437,-1.389476552385344,-1.3401279568640136,0,0
-0.47451832700029567,0.047420666451894675,-0.4881534891071707,-0.03522190872531736,0.45096668336114787,-0.1901669326670791,0.5117051327463185,0.17796817494050182,0.3680830613484018,2.716009968055813,1.9262885019911596e-06,-0.0,-1.5707963267868965,1.2756738595936203,0,0
-0.2774487699393148,-0.17522651421705698,0.27017696778052913,-0.18534244804746292,0.6036104728744732,0.18040772527631752,-0.5963386707156876,0.18016123698820236,0.4388816072478232,3.280788995082459,0.018675664099735916,-1.2420036352794042,0.3919475254732197,-1.0785850599665865,0,0
-0.440359529881776,-0.2123538049304172,-0.45806137904347377,0.20200170121462416,0.4370009971919883,0.23586268150152156,0.4614199117332615,-0.22551057778572853,0.4242240799793101,1.9929228065735558,0.010181813447070776,0.06594198978064994,1.5097369504411093,1.562138534469478,0,0
-0.48980747722063434,0.19427380054203053,0.16272237379216906,0.41261452541567534,0.48859812440464134,-0.10768192842288148,-0.1615130209761761,-0.4992063975348244,0.8921306986938977,1.0730238547930213,0.21917070197845298,-0.0,-1.3341392468828146,-1.4515491198323445,0,0
-0.4970691463332173,0.20638278171696384,0.5035639862170315,0.20753287251382685,0.4017002156488247,-0.2109876387393888,-0.40819505553263885,-0.2029280154914019,0.41878549021183675,2.390881941613705,0.011100472938943014,0.6266618179404062,0.7042371269449413,1.1567973241890466,0,0
-0.43889134031036725,0.23059736533608008,-0.36451621161445796,-0.2868432391469542,0.44159217332899736,-0.29710953320810435,0.3618153785958279,0.35335540701897844,0.5727236560703611,1.3536217852602177,0.02072242189351523,0.020722421892591218,-1.436025042313837,1.5407050780148073,0,0
0.4803664081401839,0.03439216189207853,-0.5108394239198615,0.16267774067700985,-0.459106164572967,-0.1718827915914425,0.4895791803526445,-0.02518711097764586,0.33470058073667186,2.9902469292754685,0.28212373214279235,1.2886725946477249,0.0,0.0,0,0
-0.486033856911302,-0.07189887004624161,0.5227220987785397,-0.1119871390817675,0.4579116475546387,0.12025352197351288,-0.49459988942187644,0.06363248715449621,0.23626353104573677,4.380464573162158,0.0990934713594547,1.467957554599259,-0.2090229428093402,-0.0,0,0
-0.5783415968162513,-0.14849900168449962,0.5290169516731528,-0.12784368574565078,0.41569448612985016,0.10611908859417152,-0.36636984098675174,0.17022359883597887,0.3529401962831253,3.4743646879169283,0.10043611204926932,-1.570796326789432,-0.4324077755802939,0.60554466361397,0,0
-0.29278409262845495,0.381348181539484,-0.4538382866281711,-0.22135658597125807,0.26027182080263267,-0.3936884572767712,0.4863505584539934,0.23369686170854526,0.7286808023450178,1.2130895469898724,0.08474797884989728,-0.160230684279653,-1.4348872245662558,-1.484397777428634,0,0
-0.48281241636090705,0.12003622482635219,0.4343073052610994,0.20448721329815078,0.5075125508445031,-0.18604269443995403,-0.4590074397446954,-0.13848074368454896,0.3867515180734705,2.5358492335228187,0.14099371248342704,-0.0,-1.4773195456208184,-1.5707963267710872,0,0
-0.46039351285204194,0.01864784975144079,0.03356603605543005,-0.524903592297975,0.5785767772602586,0.1410715567861609,-0.1517493004636467,0.36518418576037337,0.9247747569946952,1.1672672243390723,0.5354163221232103,0.37894509813270355,1.0445297276417636,1.0863183977637612,0,0
-0.4228532484450424,0.32943648568245654,-0.3852787223742272,-0.3129860598068208,0.35522160818869053,-0.2678607930061946,0.4529103626305791,0.25141036713055886,0.5626102882740822,1.3632205426548791,0.24437551312653866,0.00332224691326389,1.5650327018591539,-1.4268360013885242,0,0
-0.4225501855448868,0.2448989018673932,-0.43331357584949554,-0.22471398246275012,0.4014743068270006,-0.28880712444068063,0.4543894545673818,0.2686222050360375,0.4948317050197306,1.592494301026824,0.07172779785863685,0.05371172930380902,-1.5707963267888725,1.4671231190568519,0,0
-0.4148909906163334,0.2684179484197353,-0.44790017551037503,-0.25137205697880644,0.41885261844315064,-0.25280819017454415,0.4439385476835578,0.2357622987336153,0.4648496539392261,1.7110399060169483,0.012119167117091186,-0.03354445956190337,1.5425780125633357,-1.562666424610888,0,0
-0.6239859787648039,0.09720822589303386,-0.3411401114941151,-0.1305007896033722,0.48125000049173605,-0.010677670507727367,0.48387608976718294,0.043970234218065694,0.25227018093123066,4.865253429324463,0.9409929913753854,0.9409929913855475,1.3780955681383849,-1.5707963267904124,0,0
-0.2802794682704498,0.36524113587175494,-0.4921349890313306,-0.21562526821654696,0.29433486628712274,-0.3688875708536203,0.47807959101465775,0.21927170319841233,0.7122623748952644,1.3215864890690465,0.04693107824595532,0.1015018310068866,1.3120254348380704,1.3097188757079952,0,0
-0.3785864390075654,-0.27796269784739,-0.5252579064487077,0.2394602389873196,0.4635328872352526,0.1547020230853722,0.44031145822102047,-0.11619956422530188,0.5116230363830783,1.9109914217038833,0.36172924152327257,0.36172924151098657,-1.570796326781198,1.2902595350722246,0,0
-0.31031685263610537,0.328953647934735,0.714652259256704,0.07834188525327329,0.0224639192279712,-0.2843339734244703,-0.4267993258485697,-0.12296155976353802,0.7000381275259078,1.8612010830668964,0.1050395756931303,-0.24583409491222105,0.9682637022778012,-1.337422558535345,0,0
-0.3858026376770231,0.2729840282533486,-0.446004340479655,-0.2686556829413607,0.4384618798229086,-0.2837327643428456,0.39334509833376957,0.2794044190308576,0.4980758160903709,1.5706052564382402,0.19063890591449384,-0.0,1.4771484006836737,1.4518634324881083,0,0
-0.4293034163589802,0.28280130908099943,0.39767338533799457,0.27962998291696284,0.42791089927000603,-0.25804018301819603,-0.39628086824902037,-0.30439110897976623,0.5033497467904888,1.4598524934296362,0.060013683687616684,0.06001368368766903,-1.5707963267916072,-1.5707963267918845,0,0
0.46364014498065553,0.18718390946423982,-0.46364014498065553,0.18718390946423982,-0.46364014498065553,-0.18718390946423982,0.46364014498065553,-0.18718390946423982,0.3471438996881842,2.4769230769230766,2.7797755757239e-07,1.5707963267886855,0.0,0.0,0,0
-0.5183065475667671,0.20016333138813142,0.46790794648969525,0.12912150574817435,0.46872146139261717,-0.1064415677771535,-0.4183228603155454,-0.22284326935915236,0.4175193629122687,2.3333631371607435,0.20238934456319224,0.353663788399467,1.2924966678007916,1.5211477204124861,0,0
-0.2661803631476748,0.42487339835096816,-0.44525152810982355,-0.22038649995729528,0.2121564843652522,-0.4077084434332776,0.4992754068922462,0.20322154503960474,0.7863959751588518,1.1344553623436258,0.16863096165626298,-0.1377361909616911,-1.426181887565449,-1.4219063791772495,0,0
-0.48987790721020613,0.177591932038988,-0.3032919375645549,-0.3218858173277978,0.5088269349150252,-0.23010970340756393,0.2843429098597359,0.3744035886963738,0.6953876013168414,1.4343243391104554,0.0019455228772102234,0.2449786631292171,-1.5707963267885674,1.4343937224003642,0,0
-0.3987261718692802,0.26248300655777956,-0.39714364955018466,-0.3008993842925798,0.4453456138315454,-0.29853286009062957,0.3505242075879195,0.3369492378254299,0.5383900254779597,1.323310510412394,0.14531001063620685,-0.0,-1.5707963267887617,1.4745429615781036,0,0
-0.3198950102627795,0.371625964506347,-0.47974278327721115,-0.30503188864319436,0.4015538411007321,-0.2724936388224093,0.39808395243925854,0.20589956295925665,0.5963362818395167,1.3024257684676228,0.23923159996383722,-0.0,1.3019136937122164,1.5656681666257903,0,0
-0.24298916515170643,0.3299580034663677,0.4012922334630776,0.2031499842439643,0.40619487297204215,-0.31141123969679124,-0.5644979412834134,-0.22169674801354078,0.6225725156229384,1.5134695413021533,0.1021755003008532,-0.3032341523303815,-1.0636978223960285,1.5406849487878327,0,0
-0.4830963388460075,0.2391875437472316,-0.4107144129333709,-0.24606662259933382,0.41820171942249973,-0.19537173277801023,0.4756090323568787,0.20225081163011244,0.4652157756750311,1.9756767436349736,0.29145679447825873,-0.0,-1.4838071100451484,-1.384216471042337,0,0
-0.3193934960393485,0.3548653837793877,-0.46131302675061314,-0.28642837482786343,0.3767549216140798,-0.32554688652634584,0.40395160117588186,0.25710987757482157,0.5887366699027123,1.2716769900955793,0.17114860541714594,-0.17114860541825394,-1.5707963267853728,-1.4831096716544914,0,0
-0.49825025780821824,0.030944376395161934,0.49411711632480343,0.07112769637280603,0.49985759060732404,-0.0706390713604828,-0.4957244491239092,-0.03143300140748515,0.14149852351909886,7.040492383188988,0.07982998571264446,-0.0,-1.5707963267548966,-1.5707963267039875,0,0
-0.5693338029815382,0.07987882083430271,0.14184410879399256,0.4434735796297202,0.5076301401630117,-0.10100555898609616,-0.08014044597546596,-0.42234684147792684,0.9324573747711662,1.2438652599193563,0.02770271389216253,0.29964113554635147,1.3900968035249086,-1.570796326786047,0,0
-0.44331200984912045,0.24642134513226008,-0.43931902308053306,-0.24844118207818966,0.443106185788884,-0.2209129674409998,0.4395248471407695,0.22293280438692936,0.43865514845874976,1.7912412981333663,4.869739603510009e-07,-0.0,1.5476790584163809,-1.5361281415796235,0,0
-0.4015462737452069,0.2811999527232419,-0.3383729280321991,-0.3232400047424478,0.3864453224528816,-0.3433557305532312,0.3534738793245244,0.38539578257243706,0.5742500680596677,1.0812898251398961,0.058924513673505284,-0.38050637711581314,-1.0584068664773765,-1.22329034466712,0,0
-0.40900911910223253,0.2080352914197207,0.4734289352453296,0.11119146424558919,0.46725073180305954,-0.13742463207763006,-0.5316705479461565,-0.18180212358767986,0.3918253843526432,2.5782529959891245,0.1537045330891613,0.003246741838387194,-1.4895800203326077,1.3720176419694652,0,0
-0.49280983005865386,0.16285673209225404,-0.1662650903994727,-0.4630332275937293,0.49184286222057577,-0.14456695704200975,0.16723205823755083,0.444743452543485,0.893844752085409,1.0846860398863685,0.022602399634820577,0.42805892644780735,1.1729219691808064,1.2199904423018972,0,0
-0.4445303378732997,0.23435071674201027,-0.4215847655242314,-0.24098044796589266,0.4336100302520628,-0.25799620968815073,0.4325050731454682,0.2646259409120331,0.45893560771851405,1.6802586096224559,0.04612111601486036,-0.0,-1.5026666402384432,-1.557067212334725,0,0
-0.43044110613140907,0.24293769711826457,-0.4274780316497706,-0.23064465781456467,0.4084807934448336,-0.28077386749698535,0.44943834433634605,0.26848082819328545,0.4832779198107896,1.6019516216642893,0.08068820932573895,-0.0042918191420296264,-1.5003534649388994,1.552322678042552,0,0
-0.5313583603895233,0.21462960805427453,-0.24172898061670617,-0.3986674515177836,0.4988998954149835,-0.145898041033268,0.274187445591246,0.32993588449677713,0.7506496021357063,1.414018032692507,4.377493507137447e-07,-0.0,-1.4584889420948968,-1.2717691332330292,0,0
-0.5874504420988256,0.04962623794439871,-0.07406074453320248,-0.3813269156343723,0.5311049868110562,-0.10567594934828464,0.13040619982097185,0.43737662703825825,0.915765292324224,1.36625209322827,0.23678404440574852,0.4114562434170347,-1.5371955323705095,1.5365631304923573,0,0
-0.47160510627117985,0.280829428345768,-0.33149119396616333,-0.36978705500238,0.4543183248828986,-0.20055856351710039,0.3487779753544446,0.28951619017371244,0.6104643229444662,1.4043968961608473,6.693922711973375e-07,-0.0,-1.5707963267841438,-1.3692685590492415,0,0
-0.41682226807117523,-0.2289264535776397,-0.48971403002398617,0.19639487889839263,0.4186445621199955,0.21829342026573886,0.48789173597516594,-0.1857618455864918,0.4372047273387003,2.185962259677039,2.5506679368948543e-07,0.0,-1.4251679462214635,-1.4487394240633462,0,0
-0.44238609672952617,0.2363954908882288,-0.40335423791922675,-0.2693423780544902,0.45541347497864204,-0.259997636446638,0.3903268596701109,0.29294452361289935,0.5048209394940951,1.5966930210286938,0.04014510570290555,-0.2005205496790012,-1.3041315661482131,-1.3610557150960554,0,0
-0.5328922983941259,-0.24925169825424492,-0.21404228419019725,0.4082988479064588,0.3991008816348804,0.1929278386977816,0.34783370094944277,-0.3519749883499955,0.7085700303455048,1.2258651233062134,0.3576905745842454,-0.34994264921298945,-1.107148717787194,-0.8854644301773965,0,0
-0.40906974783689704,0.259673186049486,-0.3275961086827135,-0.3586616930988943,0.43670560127780433,-0.29956667106788826,0.2999602552418063,0.3985551781172965,0.6404353636084157,1.1169525947781298,0.06241880999707008,-0.06241880999651322,-1.454534680705209,-1.5707963267872043,0,0
0.6767477870362408,0.1578642467029577,-0.44083968197887263,0.12567611183121377,-0.43696825682247736,-0.008741624991909823,0.20106015176510914,-0.2747987335422617,0.48353872502879086,2.583043893382561,0.4238676105298214,1.5707963267914602,0.0,0.8615219666134415,0,0
-0.33011794313589315,0.37033549813572825,-0.42559401605222225,-0.2553386190645624,0.2874566407748582,-0.37296569687706305,0.4682553184132572,0.2579688178058972,0.664399278469579,1.2025398862033276,0.12764961077541837,0.13255153229734584,1.4503065808111542,1.4266419396856913,0,0
-0.4607862697529819,0.2568726720940643,-0.38458935950199935,-0.28614747663832096,0.4305297130072899,-0.2442270555138653,0.4148459162476914,0.273501860058122,0.4988243985387244,1.5926329655309264,0.10912616778745932,-0.005128160174260693,-1.477641123497234,-1.4452465896831854,0,0
-0.4909632542263436,-0.18819792978210814,-0.4296788149907696,0.2128227005044306,0.4884871152673305,0.17199507603315706,0.4321549539497827,-0.19661984675547953,0.4010286542001501,2.3921558129422458,4.712160915387286e-07,0.0,1.46358567001872,1.428271525887126,0,0
-0.46262492430492547,0.1865725855561885,-0.44876740203999543,-0.18048432630451774,0.4377110602255025,-0.2280092702463672,0.4736812661194184,0.22192101099469647,0.421272507585374,2.081002834131739,0.11751164543194076,-0.0,-1.4795015190410563,-1.5707963267915743,0,0
-0.41278791408597226,0.28670619688928795,-0.4442701959764689,-0.2884663963370871,0.4523378139658234,-0.22093881362006623,0.40472029609661775,0.2226990130678654,0.5157043541860477,1.5588503703085996,0.1616056563832486,-0.37956387032452477,-1.3210858377819314,-1.1677771974935216,0,0
-0.373509525335229,0.2935934027916188,-0.4560376909611608,-0.2622567762093145,0.409242997744925,-0.29218060656037653,0.42030421855146477,0.26084397997807224,0.5133383138983941,1.4960409569589255,0.12739654636647393,-0.36676517017321036,-1.3168573299966226,-1.3101939350436655,0,0
-0.4485002038650393,0.2681735200386654,-0.2919283594817634,-0.40008093741097794,0.4442009408074429,-0.24054143253575114,0.29622762253935975,0.3724488499080636,0.6896382254332976,1.1555556294734974,0.006716159067294391,-0.2771940762615336,-1.2768808087819972,-1.2025676410438246,0,0
-0.424994722878531,0.28046261467498834,-0.41505783912034816,-0.2691683800285995,0.3971015117092966,-0.2721396662340592,0.44295105028958254,0.26084543158767043,0.4796288139580664,1.5706518108110523,0.10389001578415116,-0.0,-1.5490606199499999,-1.5301210992659109,0,0
-0.49077413299830497,-0.09167942862884979,-0.4830375934159634,0.09388838169905103,0.4923718966077016,0.13000321554439453,0.48143982980656674,-0.13221216861459578,0.2577960138375251,3.7493834801465766,8.178009232290164e-07,0.0,1.4921208845289298,-1.5707963267907472,0,0
-0.42797349080906816,-0.14716258584157094,-0.5231712959416476,0.1468306605813008,0.5220789076609023,0.14722113458680966,0.42906587908981336,-0.1468892093265395,0.30770464371504086,3.5506386089608664,0.6194542891406133,-1.2655731930134368,-0.6180043168747504,-0.618058908980186,0,0
0.4689822897819045,-0.11716459289950613,-0.4532915664662227,-0.11354256754201565,-0.5183222054500691,0.11017194276481361,0.5026314821343875,0.12053521767670813,0.24268049814591272,4.295138835447686,0.014077491476829332,-0.523575764119782,-0.760403369790708,-1.183920609079751,0,0
-0.42258688670889333,0.2880952712299911,-0.443869101936691,-0.27158909226854516,0.41370375123781805,-0.2219929008698643,0.4527522374077663,0.20548672190841835,0.5018249436102077,1.6020124874308772,0.05308596469248012,0.1798534997938116,1.295166888417442,1.4470302603355254,0,0
-0.44486991985915914,0.27613312473071444,-0.3232819787556101,-0.32469543792140276,0.38524735505555335,-0.307149321370274,0.38290454355921594,0.3557116345609624,0.5648176648417583,1.2200303443145464,0.19613621079813706,-0.004587123789418325,-1.3912976885875936,-1.4623795798374106,0,0
-0.49055634495698175,0.336485654197723,-0.2373791054964966,-0.2709381332663265,0.11725303745802754,-0.28530696825450885,0.6106824129954507,0.21975944732311237,0.6847421352532815,1.7710708010805212,1.168653058546985,1.3498636609671169,-0.21447169874618047,-0.2795773414435775,0,0
-0.46586782250216446,0.18017650983031855,-0.46650228331258353,-0.1799295572945236,0.4658653633517365,-0.18157226978041485,0.46650474246301155,0.18132531724461987,0.3385859983313678,2.5709926412688744,3.4530848938991207e-07,-0.0,-1.5707963267919025,1.5678023237680099,0,0
-0.5100181711342701,-0.10328947589811728,0.5054029001236863,-0.10636918428282874,0.4716030759550191,0.10546429135981844,-0.4669878049444353,0.10419436882112759,0.215100174765353,4.793487281353597,0.004385936797145962,1.5475447039902446,-0.13800602366130443,0.22471116842084904,0,0
-0.4753213896664343,-0.14634416259665028,-0.4848989629693492,0.1436654592398938,0.4756897578703925,0.13518994637216783,0.4845305947653909,-0.1325112430154113,0.2811438994358202,3.3427496356694406,7.161864543377263e-07,0.0,-1.5289602866764738,-1.5521938217432878,0,0
-0.48821648505746956,-0.10124397910467953,-0.4759439344297646,0.10556040163662334,0.4913447822762963,0.15395882125442337,0.47281563721093783,-0.1582752437863672,0.30585239645613027,3.1372658431929747,7.137018450992287e-07,0.0,1.4615286369216975,-1.5707963267906773,0,0
-0.41738751609171926,0.26015743768530725,-0.4166128849607941,-0.24520126104759482,0.39562268539657014,-0.3037985569834321,0.43837771565594325,0.2888423803457197,0.5071615090766335,1.4439860256774195,0.07355129048885792,0.0735512904889255,-1.5707963267916394,1.4652707745702458,0,0
-0.4140975428007537,-0.2589307025981584,0.41594392054827906,-0.22783701736352469,0.45610028478646175,0.2302491222681025,-0.4579466625339872,0.2565185976935806,0.47114485943012546,1.7733013640781112,0.06617472758297892,-1.4928296929607658,0.0469139086414285,-0.1253891203420376,0,0
-0.333400698212191,0.35993780295696315,-0.4230396249812639,-0.29400561830161975,0.34598861030952727,-0.35197602240583603,0.41045171288392757,0.2860438377504926,0.5933740067463659,1.1707756025673963,0.03553098467119251,0.0852024774971899,1.4246074530517239,1.4483830773836859,0,0
-0.4174085801606514,0.3235073274008794,-0.35089085159862615,-0.3254446914172818,0.3519603719754192,-0.3111677117257413,0.41633905978385843,0.3131050757421437,0.5410622141268671,1.2847600681832982,0.20490613326088317,0.0033783655255043093,-1.4923413402129986,-1.4595553345229837,0,0
0.4873398373545608,0.20764226697928664,-0.2130921560288413,0.15354201606584775,-0.6474344483460359,-0.0649755702866016,0.37318676702031633,-0.2962087127585328,0.5717571356315299,2.252202201315715,0.2998852523247652,-1.270911074476222,0.8818719385730248,0.0,0,0
0.4731045908729238,-0.1606305492780795,-0.4822493062694364,-0.13063588277751817,-0.47395809764326496,0.1334456822862237,0.48310281303977753,0.15782074976937394,0.3074176364322314,3.031396393096088,0.05684924733399738,0.0,1.5707963267654848,1.5707963267705063,0,0
-0.2696573440107102,-0.44184166670451586,0.39807007371820047,-0.24346303990228932,0.30287810704409684,0.37230550621475794,-0.4312908367515871,0.3129992003920473,0.6752218405887325,1.0186867166730582,0.2081845717781321,-1.3094703461615425,-0.12591262568737527,-0.18347995715159027,0,0
-0.30954314281181394,-0.3282277952364861,-0.5586597040431607,0.2485556591754947,0.4432823295703424,0.18533260096446977,0.4249205172846322,-0.10566046490347834,0.5779035872681613,1.7371199294108794,0.47072296263112184,0.47072296262861235,-1.5707963267915963,1.2135415724970393,0,0
-0.36514818528571036,0.3164530258673815,-0.44803515387086496,-0.25441029811861743,0.3598269347536594,-0.317493076167611,0.45335640440291597,0.2554503484188469,0.5714336647749113,1.4218741236522752,0.017628292445129215,0.12644049725944978,1.3780955681383849,1.374559514983759,0,0
-0.4242318934215608,0.2673443931214029,-0.4252862559952743,-0.25721420867973976,0.4090261489528563,-0.2697723116793405,0.4404920004639788,0.2596421272376773,0.465023964197527,1.6118997020962784,0.057355362367085945,0.1826793488590832,1.4011578836328202,1.3950139422889738,0,0
-0.3661989411873429,0.36363584574247354,-0.41282963141954526,-0.2974420933341898,0.32580515316343117,-0.316836132838284,0.45322341944345707,0.25064238043000026,0.5893248330766487,1.272724047607818,0.15045021158883506,0.05549850524610145,1.4711276743099226,-1.5596856728917343,0,0
-0.47598412362165626,-0.14665317391929142,0.4914762187527814,-0.08074135099777728,0.4802092404755995,0.0846364853055454,-0.49570133560672464,0.14275803961152328,0.28570025397756643,3.4109858506031854,0.12750955821580476,-1.5707963267863496,-0.0,-0.0,0,0
-0.4380305380342257,0.23787496632694652,-0.43064833237940503,-0.23010568062885894,0.4180432459322886,-0.2639570705342422,0.45063562448134226,0.2561877848361546,0.4622351325742257,1.7084974566993378,0.07835166878676499,-0.0,-1.5151576084236265,1.5659654465033357,0,0
-0.4009872495137137,0.24423001079720613,0.508867453455625,0.08650799567467328,0.42025660296262285,-0.1273341807185164,-0.5281368069045342,-0.20340382575336302,0.46419819558430336,2.316635105941123,0.2516804734584277,-0.20749622643590998,1.557098553435727,-1.46841581653802,0,0
-0.4962333993978983,0.050436437664254374,0.4702390521867768,0.09998197388169584,0.5168057822682431,-0.09508993941414581,-0.4908114350571217,-0.055328472131804404,0.19761549141126794,5.193157562000169,0.09065988720089582,-0.0,-1.387685509514508,-1.570796326760414,0,0
-0.0860749159080452,0.3890497233325091,-0.4080012287852424,0.1130092180625332,-0.10220106772393152,-0.5425532029729843,0.5962772124172192,0.0404942615779421,0.9355887346497327,1.07801125656097,0.01324425866626623,-0.013244258664641368,1.3116943090192388,-1.1678294659441455,0,0
-0.4092173627352203,0.31985016642173136,-0.355106075705449,-0.32880007986279675,0.36536841228932826,-0.3143729407868627,0.39895502615134104,0.32332285422792806,0.5270277494918146,1.2392945357970289,0.13584874126416188,-0.19739555985337726,-1.3101939350319955,-1.2944690518060171,0,0
-0.41851505700570435,-0.1710228097419317,-0.5138459961156493,0.16731221382540276,0.5009156001127479,0.1841966802184393,0.4314454530086058,-0.18048608430191035,0.3700660642416548,2.7825872099084976,0.4628839589014058,0.2580072418605286,-1.5707963267902454,-1.5430256901959243,0,0
-0.4348965627868129,0.2791982376528497,-0.34717912181508603,-0.3479799465270571,0.4349383281753139,-0.26498247660449703,0.34713735642658505,0.33376418547870446,0.5930048327273013,1.2758964105829305,0.006644420494622738,-0.32175055439822947,-1.2158099336308887,-1.1797481715208362,0,0
-0.4465168649248585,0.2557657586253571,-0.3855593903049891,-0.27164791225315926,0.4110810531787141,-0.28050928332982655,0.4209952020511335,0.2963914369576287,0.5004683362965088,1.5037458551685157,0.13225105153662872,0.1322510515370862,1.5647357949396163,1.506816914635325,0,0
-0.43439261804951024,0.20048341602240555,0.46527759066086466,0.06489856262520881,0.4891615139616217,-0.0803781742184316,-0.5200464865729761,-0.18500380442918277,0.3890367869835872,2.618006374769925,0.25288141850855145,-0.581144000532425,-0.6771275725274173,-1.0587172327013805,0,0
-0.41870265568088283,0.21561133940031416,0.38495847991915155,0.28802565008054465,0.4747499170522109,-0.2650354138760829,-0.4410057412904796,-0.23860157560477582,0.5064687987273103,1.6557948444089101,0.11872044169862928,0.11474793840821604,1.5271347720475184,1.3171222306620378,0,0
-0.341575667674472,0.36188902770392795,-0.4277498669853048,-0.2860723314269779,0.33449648258784426,-0.3409898390445021,0.43482905207193256,0.2651731427675521,0.6062884931080368,1.227208499022871,0.03181661569702171,-0.13706617431077106,-1.4940244355214771,-1.4420165823602864,0,0
0.3785004664964898,0.32599805758835426,-0.45484905552706056,0.25421915592020644,-0.35363726766767933,-0.30847242022138394,0.42998585669825024,-0.27174479328717666,0.5614016295423306,1.3946037572620527,0.039086228637194215,1.570796326789661,-0.09204684886270269,0.0,0,0
-0.49934726357931436,0.009667264725105913,0.5000944917706269,0.028929625213391815,0.4989736494836581,-0.028965709694354774,-0.49972087767497064,-0.00963118024414295,0.05788464565996526,17.269359803147434,0.03862811877661856,-0.03862811877620304,-1.5707963267115632,-1.5707963265448965,0,0
-0.4542206990526796,0.2596147674475241,-0.3228474118778046,-0.3741884703107617,0.47246476269570603,-0.22508395793676703,0.30460334823477814,0.3396576608000047,0.6615108316256793,1.2981585545703451,0.08453541641295453,-0.0949517063436552,-1.4567890343940195,-1.3765553306056013,0,0
-0.38772633192482053,0.32694395304924123,-0.3912549634222145,-0.3067982938756028,0.3658995334939116,-0.31898088159473276,0.4130817618531234,0.29883522242109434,0.5195410662715482,1.2452481808021496,0.07065355003203126,-0.19616251485332573,-1.3641131083054974,-1.3451156295933162,0,0
-0.3177027538930578,0.3479861814878799,-0.45630563067409746,-0.2666659430033951,0.35431125856853135,-0.3518324089837677,0.4196971259986239,0.27051217049928283,0.6130430144239816,1.251756910433507,0.11710874456745941,-0.11710874456783943,-1.570796326788445,-1.5707963267878045,0,0
-0.539321155001478,0.03414187159400706,-0.14001777213540817,-0.3266096230588185,0.52179463994867,-0.2014942223954971,0.1575442871882162,0.49396197386030855,0.8707214823783519,1.293142242473606,0.3536048180852949,0.4241944079098167,-1.3457580402908431,1.3994172004147247,0,0
-0.36715150778112865,-0.27214446063804065,-0.43269114225672833,0.21296552583403625,0.3538387695282725,0.37068242664018125,0.44600388050958456,-0.31150349183617687,0.5994333711664416,1.2880579897176005,3.9283711691093897e-07,0.0,1.5071879852489727,-1.3881417138741665,0,0
-0.22378835859849688,0.3946477955204987,-0.5081302488809607,-0.14619578257425736,0.16258868036775015,-0.3822632955603828,0.5693299271117074,0.13381128261414146,0.8370907609266623,1.386851324896966,0.18344476918996785,0.050377507181480444,1.3748151931658563,1.3541260458205826,0,0
-0.3376208679659568,0.3721121423581094,-0.40979098675469405,-0.29014852316494355,0.3154941073882403,-0.3619034472360233,0.43191774733241056,0.2799398280428575,0.6178273327174771,1.1467177891310454,0.07089145770686069,0.20661575120685843,1.3542460218226227,1.3748416881415806,0,0
-0.4765295169741948,-0.1421251978063972,-0.4989254219659008,0.13818009506316933,0.48240385270972425,0.06860249803733057,0.49305108623037136,-0.0646573952941027,0.278056265649686,3.5389146528098743,1.0633208021469184e-06,0.0,-1.4202845084990594,-1.5707963267901572,0,0
-0.4559362455888142,0.19122395063128345,0.4499323937584076,0.24015286669818642,0.45101295310747025,-0.2375312446987821,-0.4450091012770638,-0.19384557263068783,0.4332352220614273,1.8986379849309765,0.10267737660467316,0.4488085156324385,1.070289064053973,1.096396444008336,0,0
-0.4462319020801346,0.1068227435102613,-0.450307643995831,-0.18072277800039205,0.5920448714802874,-0.19549734244479144,0.30449467459567825,0.2693973769349222,0.4845841801770087,2.242125952445488,0.5681047324745336,-0.0,-1.5707963267917617,1.3433597237295798,0,0
-0.43234909937334265,0.2603161067450939,-0.3611632551792042,-0.302392147484537,0.4175265407002134,-0.30056027881634795,0.37598581385233343,0.34263631955579105,0.5481939812915635,1.3175785000205589,0.061342098295237575,0.354379919125065,1.3399012394942176,1.240764388223677,0,0
-0.3678404919953026,0.3055867078983929,0.349970515556477,0.33761868100487713,0.4137980185634423,-0.3216056414973178,-0.3959280421246167,-0.3215997474059522,0.5337911137694569,1.2283012520148069,0.04460221548910386,-0.2968446733796937,-1.2220253231995193,-1.3633001003470944,0,0
-0.4108425870374838,0.3382858786495019,-0.33655908595877315,-0.35150793792598134,0.34877367557381994,-0.30906793362052065,0.398627997422437,0.3222899928970001,0.5583678038601958,1.1734964347441952,0.18607614293929434,-0.03183637342731721,-1.4935310956475303,-1.411925593802737,0,0
0.4880462175595022,0.04490212980085725,-0.5015338025760795,0.1195241967539908,-0.4816991187281718,-0.1222792246501975,0.495186703744749,-0.04214710190465054,0.2410104286120912,4.122028135634825,0.15711026534757208,0.15711026534543043,-1.5707963267548966,-1.5707963266837854,0,0
-0.09835618885157787,0.4175594698493395,-0.518258315262621,-0.03799259383316422,0.07314413859183018,-0.48405322989387767,0.5434703655223687,0.10448635387770239,0.957268062277359,1.1775884269236383,0.07048194017597878,-0.3822825741823175,-1.2870022175788889,-1.4793851249263519,0,0
-0.33713553569280724,0.353606494433195,-0.43598665760356353,-0.20447806637630173,0.23856570044946332,-0.3708938876416232,0.5345564928469075,0.2217654595847299,0.703158883321464,1.339603365937555,0.28788260612387606,0.06656816377645591,-1.5707963267871448,1.4790302453611737,0,0
-0.4407314666757777,0.2901542484792243,-0.3704000985858096,-0.28020091338040737,0.3576382121891083,-0.2984444297833087,0.4534933530724789,0.28849109468449174,0.5263395469733757,1.5192436761630053,0.2845776034332373,0.054491456241225596,-1.477542411682985,-1.500735744150622,0,0
-0.417475436108262,0.26657275445412176,-0.44092140489050685,-0.25277088456805474,0.4177966137628133,-0.2594584580291604,0.4406002272359556,0.24565658814309344,0.4637078929777249,1.675797198354419,3.10788357475613e-07,-0.0,1.533469274163724,1.5500524147812762,0,0
-0.5096516257296035,0.18588235374122516,0.48473968968530035,0.03428137313473107,0.4760269896504444,-0.022867553038539278,-0.4511150536061411,-0.1972961738374169,0.3810294000776719,2.595112314091814,0.3372531883220601,-0.0,-1.5707963265948965,-1.2679114583914555,0,0
-0.3485714521458208,0.3261949132813561,-0.5178202405205571,-0.24082443213695895,0.35460915362474565,-0.20798426365414985,0.5117825390416322,0.12261378250975273,0.5838046941082302,1.8158159644493366,0.15372252668954842,-0.23903813895040227,1.4821404449329711,-1.3894765523880315,0,0
-0.4167176010044927,-0.34334080786121324,-0.4135277470608133,0.32367705731233537,0.37276079854085487,0.2150822566693041,0.457484549524451,-0.19541850612042624,0.5831084521759412,1.3106127979068278,0.20831556258990225,-0.2083155625877808,-1.2300205840189766,-1.5348836301743523,0,0
-0.030878435127016008,0.46621304180989376,-0.5254919090423283,-0.02476121091633529,0.004606661040152623,-0.44769817697846,0.5517636831291917,0.006246346084901465,0.9845159711880436,1.178731117448941,0.0891498334664792,-0.09204684886411078,1.5471786717978158,1.5420272879844916,0,0
-0.475593400710334,0.2252101538060765,-0.34938521898326,-0.33045243907763794,0.5162269779181947,-0.1968449069109814,0.30875164177539927,0.3020871921825428,0.6273656965740224,1.5679972125265396,0.17074373077825658,-0.16261382859919674,-1.3379825136832821,-1.282542938332169,0,0
-0.45495465500381005,0.2235584090226232,-0.3089132751181397,-0.3282097971327939,0.4396452583144997,-0.29118891013110854,0.32422267180745007,0.39584029824127925,0.6477351525597598,1.235549748606999,0.09229756802700943,-0.1991592264533528,-1.1623074337159842,-1.330497816697878,0,0
-0.4154920312261984,0.20080583072984556,0.23697028475524834,0.36899434635382633,0.5426486061538031,-0.2332297574566744,-0.364126859682853,-0.3365704196269975,0.6760302745897381,1.3579768769321485,0.13880746608288286,-0.1388074660836095,-1.2145766713919373,1.5526165117310062,0,0
-0.3209738570543782,0.35077021050447277,-0.46724863938445144,-0.296043092294611,0.40158190549221745,-0.3063946836127741,0.3866405909466121,0.2516675654029123,0.570964933029706,1.3220891022241035,0.2491729175356838,0.05975782638890711,1.300546583355755,1.427779451837987,0,0
-0.3677689746903683,0.3270177070116089,-0.44992775033091303,-0.2798306430261168,0.38306984541880507,-0.2884603766674432,0.4346268796024763,0.24127331268195099,0.5444239885408355,1.4371829856977494,0.037547050995833144,0.14825482543480922,1.298333177395652,1.3944301711960227,0,0
-0.5003120555656826,0.1110052506723464,-0.47526879685061973,-0.11089709569682626,0.47432733441448705,-0.1071651669096456,0.5012535180018152,0.10705701193412547,0.222249750817214,4.513542060079082,0.23741866970215,0.35877067027879134,1.3204772605046255,1.3283493038341077,0,0
-0.5175599471002941,0.2505754236489501,-0.35178610015168704,-0.3050798824746118,0.4381421093539305,-0.1639619845020837,0.43120393789805056,0.21846644332774545,0.5310409187419898,1.719954881960047,0.27179215867529016,-0.0,-1.457645345196933,-1.2470337026728564,0,0
-0.4683533376920679,0.14926608070118863,-0.3584501616219898,-0.24529920774010866,0.5030596038194609,-0.2738656454721246,0.3237438954945967,0.36989877251104464,0.6253610869134877,1.5089571811919027,2.632069845893345e-07,-0.0,-1.2659933022012513,-1.5707963267911513,0,0
-0.49840876490714653,-0.2608291727797163,-0.27538566485191324,0.3977873832365283,0.4500366603498779,0.18915815372809708,0.32375776940918194,-0.326116364184909,0.6865831975682788,1.310181676273137,0.08616985964652431,-0.2472617641804565,-1.369999419509277,-1.57079632678696,0,0
-0.49964088215677854,0.12145869767527803,-0.11630902749514019,-0.48590823617530443,0.5026766308454644,-0.09530523438077232,0.1132732788064543,0.4597547728807986,0.9478545953753308,1.0599098234821396,0.04876628625221102,0.003816775359062545,1.567051025958806,-1.5159494287510493,0,0
-0.4759145302767053,0.1432635988046289,-0.4687671281072486,-0.1699577520844507,0.5528190034105863,-0.1363712646500235,0.3918626549733677,0.16306541792984525,0.3425921024885503,3.0890749542836025,0.4704042629370783,-0.0,1.560746413906887,-1.5707963267889795,0,0
-0.5926792661029286,0.10561597701489228,-0.3490693231456731,-0.15921984045613505,0.6057105424343241,-0.04077278901086483,0.33603804681427774,0.09437665245210763,0.3173765445929113,4.525029204814243,0.3625442373070072,0.6202494860503891,-1.5707963267514184,-1.4352686127647711,0,0
-0.38833684964220644,0.3083174363915079,-0.45913381807672526,-0.2904901491383431,0.43739740332133675,-0.2317487657319809,0.4100732643975949,0.21392147847881612,0.5368496960375018,1.497194162303025,0.17891717047854286,-0.0,1.387685509537528,-1.5707963267890828,0,0
-0.4716391011008687,-0.1584771127623888,-0.49587505548140653,0.15337590681258562,0.47705351644120164,0.08880782115521367,0.4904606401410736,-0.08370661520541048,0.3075917649944533,3.1628223352358766,1.2793321628500666e-06,0.0,-1.426968772651693,-1.570796326788,0,0
-0.3699392897251667,0.34221321418499917,-0.3809358532926328,-0.3519196514708967,0.3932429905764284,-0.3069861302050547,0.35763215244137114,0.3166925674909523,0.5373829794249998,1.1153179487294969,0.07287695642315088,-0.2168024058120101,-1.4278099479990585,-1.3347726481650106,0,0
-0.4300244146936871,0.25113120833127606,-0.4336642018289785,-0.23246403524493878,0.40251374856162625,-0.26917405976045633,0.46117486796103946,0.2505068866741191,0.4655894821060517,1.719834729084952,0.10487693873058086,-0.0,-1.5344487057722445,1.5639704942434398,0,0
-0.28515948398741964,0.38028885652664224,-0.4886033980009505,-0.2620401431424985,0.34004184457123726,-0.3383486067773437,0.43372103741713286,0.22009989339320005,0.6628168926121324,1.2834349480997447,0.14053093523563479,-0.14053093523611654,1.496423951019779,-1.517748797029013,0,0
-0.432978239678587,0.22600218972654734,-0.4633659008031611,-0.18295926432137008,0.3758570830243361,-0.2453172772540899,0.5204870574574121,0.20227435184891263,0.46370905187469647,2.0874439253768227,0.2383708297871404,-0.0,-1.5707963267898204,1.5215089218065194,0,0
-0.445755061990844,0.2619723956691767,-0.3456524376716409,-0.3266417501914402,0.43105299567832384,-0.27486992202761995,0.36035450398416113,0.3395392765498835,0.5841128921131121,1.3161708641840832,0.053889681078345825,-0.2299044281342652,-1.2389958594977084,-1.2683670392467192,0,0
-0.4264140853917916,-0.09248890368682149,-0.08646294809621144,-0.37616938522813054,0.6395230479818672,-0.016457961397620284,-0.1266460144938642,0.4851162503125723,0.9180763413641665,1.2376116463436413,0.11577258117937372,1.0281346778208165,0.9580217846480703,0.3259699386410699,0,0
-0.39377268785009134,0.3258123387892221,-0.40681652369044746,-0.2879077093603229,0.35443705409266185,-0.3061831485084319,0.44615215744787684,0.2682785190795327,0.5390723572856526,1.3496436260732307,0.13706735744975695,-0.2018899116124903,-1.3661545169605964,-1.32176500094746,0,0
-0.5976549065273653,0.06642839292705639,-0.069108122097662,-0.3974155843920666,0.538214828634797,-0.07398991113099654,0.12854819999023034,0.4049771025960067,0.9114135688651986,1.415603299459091,0.1429345780089992,0.2168736156681891,-1.4265069322487838,-1.3734007669378934,0,0
-0.344279171589809,0.270842094610763,-0.39164043305505036,-0.2999763965551064,0.4139163200171642,-0.36576895396666204,0.3220032846276952,0.3949032559110054,0.6127646355413199,1.059006419074736,0.2030295533797611,-0.36005932935493157,-1.2120256565170184,-1.4776090650167526,0,0
-0.3274975908630992,0.3953635225677378,-0.4138969286765349,-0.3066115966454263,0.31246433704139503,-0.34897254754330326,0.42893018249823905,0.26022062162099174,0.6273466197148727,1.132320661349973,0.06643662819506124,0.2588963939722009,1.247688921131878,1.3662295751390376,0,0
-0.2684365425148047,0.4222194264216214,-0.48295852701258457,-0.25846182139906576,0.2795556499743388,-0.3420989504453973,0.47183941955305053,0.1783413454228416,0.7297696167550087,1.2492149547409839,0.04860372153439302,0.10244385350759981,1.272297395212851,1.4812925084475257,0,0
-0.40353563560808553,-0.36576348412469356,0.38766638467001135,-0.24827494376710776,0.39001878764779396,0.23344522068946838,-0.3741495367097198,0.3805932072023329,0.5922746537291851,1.0632375008857162,0.3376477502682406,-1.4184965265178684,-0.0,0.034469100999677676,0,0
-0.48229598377340627,0.09604471205338935,-0.4615918260322609,-0.08572035608163685,0.44465242564993196,-0.2181715198273268,0.49923538415573515,0.20784716385557434,0.4181507013586501,2.3039631958013502,0.2408464552441865,-0.0,-1.3122526042879905,-1.5707963267874891,0,0
-0.5072801690002491,0.1966224624359313,-0.4034570439791037,-0.19600184091644973,0.40389145467304016,-0.20376916036964948,0.5068457583063126,0.20314853885016793,0.4126657890587499,2.4922138536882117,0.5063263037743393,0.3089307439299043,1.5300026439372183,1.5139470794701626,0,0
-0.1952071450332586,0.42188270391476373,-0.5059072594175568,-0.1737791167519553,0.21688618455344186,-0.42857891646079893,0.48422821989737347,0.18047532929799054,0.8420722241295099,1.1642329948736403,0.06715811100568282,0.004149353779883673,1.4247840690872198,1.4272590330969017,0,0
-0.33435841919125897,0.15485168290337525,-0.27137371180558884,-0.4675382244910467,0.5964914776061848,-0.13280704636110532,0.009240653390662943,0.4454935879487768,0.8498955683823928,1.019515294116649,0.692222145416462,0.15559482797853066,1.147942400667896,0.8139618212459963,0,0
-0.227682277365884,0.43273204687738287,-0.49293443614820376,-0.22545269234758494,0.2513207624412743,-0.388426703493911,0.4692959510728134,0.18114734896411305,0.7901439023396967,1.171795815103884,0.01759177318114671,0.385319817677583,1.017955105207494,1.1487912968983405,0,0
-0.4025455532008985,0.3075215899268392,-0.37468775968166035,-0.31365310400963164,0.3825090431325473,-0.31511591078107776,0.3947242697500115,0.3212474248638702,0.5073532839420982,1.2528531709685709,0.06400993316817437,-0.07249841301183214,-1.4515491198323445,-1.4706953353726089,0,0
-0.4873602182422359,0.24599201607828447,-0.3210111808211916,-0.32720205931054935,0.43597642788081076,-0.24206756644347602,0.3723949711826168,0.32327760967574093,0.6006117159330309,1.4194704156733717,0.1704607124433213,0.17046071244429423,-1.5707963267885674,-1.5484536765891768,0,0
-0.3851305253452313,0.30311824886527755,-0.4149147820822054,-0.27643887012039986,0.3793968393885218,-0.3215426179128683,0.4206484680389148,0.29486323916799073,0.5219436640686237,1.3376270142081403,0.015476958872782767,0.005376292285737793,-1.570796326790975,1.5243181954477614,0,0
-0.4753077768528446,-0.15350582237473598,0.5014328799431637,-0.06400861858418058,0.47062055004517467,0.06944926090097989,-0.4967456531354936,0.14806518005793667,0.30102170082730534,3.309928756500738,0.17246307152705942,-1.5707963267886074,-0.13552771399158592,0.020405330686954406,0,0
-0.4343348060489117,0.2658391242544278,-0.42868748830462,-0.24038354508595308,0.38412494549032156,-0.25961540282305934,0.4788973488632102,0.23415982365458463,0.47986197007130343,1.7379851306856293,0.2007835239622668,0.03481180146604574,-1.5707963267918006,-1.5597774890171878,0,0
-0.32022766763573474,0.3810340901551836,-0.4499839102926756,-0.2847791120188846,0.3306673896572592,-0.3323017968635035,0.43954418827115105,0.23604681872720448,0.6345323152170733,1.2469975431651372,0.0031975391556299908,-0.2843200558651288,-1.4181469983958743,-1.2903847385078422,0,0
-0.47276293939540703,0.24019173875535788,-0.39357244929633134,-0.2575225351623128,0.4236668102936634,-0.2383030087931724,0.442668578398075,0.25563380520012735,0.46975948752333724,1.783923233116279,0.1962368118171113,0.19623681181808458,1.508831958943525,1.5154782292719204,0,0
-0.45142761000370335,0.14768978299573335,-0.5213580656675524,-0.138798250958737,0.4960931213429685,-0.07493671491402064,0.47669255432828717,0.0660451828770243,0.29148759021128623,3.5514613750751556,0.3761653191108653,-0.3498556018614494,-1.5230385510269386,-1.3726127450395735,0,0
-0.3716338843048379,0.15118390060779027,-0.22680394485556674,-0.47005642034450584,0.6545377554017727,-0.04578544906136967,-0.056099926241367976,0.3646579687980853,0.8565602333931546,1.2293685757120851,0.817992963877022,0.44991849454514726,0.9012663848265696,0.7551044034845448,0,0
-0.33161635948624973,0.3610438684484169,-0.4382993662969686,-0.26957951955398113,0.3248298056660228,-0.35159139109980697,0.44508592011719555,0.2601270422053712,0.6295315028648399,1.2396036746402184,0.02652798521657138,-0.1700165110104076,-1.4613068746468143,-1.4391578277950707,0,0
-0.4687783094043581,0.28909026684462497,-0.3561443017453938,-0.3410671600562946,0.4281126807421316,-0.2100398948246295,0.39680993040762025,0.2620167880362992,0.56518251856133,1.423280837230391,0.11065722117411378,0.11065722117436468,1.4714679260803287,-1.4733144874345188,0,0
-0.4229732534770145,0.28629474478661693,-0.31149568679305384,-0.39291380007261983,0.4305145821539398,-0.26630215865182344,0.3039543581161286,0.37292121393782635,0.6536308685581773,1.1144539228645303,0.03278448467785032,-0.2620164179553643,-1.3151072650431406,-1.2647102873758136,0,0
-0.1750539043682721,0.44504245476926657,-0.4399728729769444,-0.07670125939987356,0.025952662373144777,-0.4637369226880805,0.5890741149720717,0.09539572731868744,0.9351766810826649,1.1323397223517142,0.3191185740987305,0.24695494514091695,1.5471786717978158,1.2831438617951956,0,0
0.26800698801140294,-0.3087772673371095,0.5409222731837152,0.24660641307358816,-0.13442319957463333,-0.01611941187356017,-0.6745060616204849,0.07829026613708147,0.6750290618590022,2.1884480543349953,1.287110068327081,-0.1427352773743134,0.8857790664764996,-1.4951287973105543,0,0
-0.46134037540888,-0.12449038205260839,0.4633126878480515,-0.20119770529017536,0.47894079209844614,0.2004603824656845,-0.48091310453761765,0.12522770487709925,0.3855330806478522,2.389728791467763,0.1609878137712304,1.4098085130324165,0.11710874456913958,-0.0,0,0
-0.4040032927945115,0.30435136666477247,-0.41758052456680966,-0.31322432239428477,0.4330436280142442,-0.2535741684372288,0.3885401893470771,0.2624471241667411,0.5253247971605209,1.377360164350172,0.10801172470019894,-0.23236671924766306,-1.4304213410278992,-1.3075868646012803,0,0
-0.5218176846494296,0.12729817589496462,-0.19503365418602264,-0.37557785747377265,0.5105431541803921,-0.19079336294800234,0.20630818465506015,0.4390730445268104,0.8410136885427928,1.2672432281049424,0.12628826576839683,-0.18605817715114256,-1.0646211831659917,-1.2130502463215262,0,0
-0.2750408936164526,0.4250383010039889,-0.4525284271936626,-0.23549358031543094,0.2244921476171404,-0.37938506089549595,0.5030771731929747,0.18984034020693796,0.7687114697129945,1.1879386472940887,0.19263690787636495,0.47205077255016187,1.0456622601676735,1.129775689999897,0,0
-0.3898678309921449,0.2351751609506528,-0.32689617381138664,-0.36681992109437006,0.4621103799804497,-0.2976457146127038,0.25465362482308185,0.4292904747564211,0.6782687107936411,1.070175964807115,0.1737694026206675,-0.18061861058580414,-1.3734007669386057,1.5631041708269395,0,0
0.4826309468994281,0.07390272121718407,-0.49556043742215855,0.14116057300602983,-0.4783973969052597,-0.14432167596283818,0.4913268874279902,-0.07074161826037571,0.28173881297709025,3.4569130949986646,0.1443814893937414,1.4420998255130255,0.0,0.0,0,0
-0.43665756098991826,0.219620431767195,0.5055989113064067,0.10601395184502323,0.4327664398214814,-0.12956475381605448,-0.5017077901379697,-0.19606962979616377,0.41872738473659665,2.4232157431332877,0.19103778902027868,-0.17985349979324014,-1.5707963267785032,-1.426181887565449,0,0
-0.4342494218122405,-0.19646970072392483,-0.48753001244254524,0.18886146262745448,0.46931711768062906,0.19675914456455143,0.45246231657415664,-0.18915090646808108,0.3762598920959282,2.433308597748526,0.1810486885871058,0.1291472901263614,-1.570796326789661,-1.5707963267892469,0,0
0.158675442461782,0.362517953814288,0.5813016022342495,-0.21642224601483898,-0.07585642347020319,-0.04885775929610103,-0.6641206212258283,-0.09723794850334792,0.721024990921613,2.151210477053868,1.0222763854999026,1.1207225447215692,-0.43016730135522585,0.32904969484282565,0,0
-0.498509215195275,0.09243105983548358,-0.4913265693254463,-0.0932714065149027,0.49706575292057026,-0.037963994514504676,0.49277003160015104,0.0388043411939238,0.18488072701581965,5.361129486763945,0.017239671236191568,-0.01723967119482687,-1.5707963267916605,-1.4608518638720047,0,0
-0.18356984705238905,-0.36644709642454754,0.4160776727357164,-0.1771923973993174,0.35370041811405,0.34593054517136357,-0.5862082437973772,0.1977089486525013,0.7140060774246414,1.4069586943909589,0.14930578544620027,-1.53477587735671,0.15101534292297603,-0.35016667609291885,0,0
-0.2642753114169539,0.3464257480040808,-0.5225208023420195,-0.2103902537302886,0.33254422123309746,-0.35669788531790925,0.4542518925258758,0.22066239104411708,0.6867919661452261,1.3891905328982017,0.22650354340659493,0.004587123789418325,1.3014130610088765,1.3052213256146572,0,0
0.10177510245674112,0.3102701099785812,-0.6596044799968614,0.05841449982543001,0.07985432350796808,-0.4600984721393783,0.4779750540321523,0.09141386233536719,0.8763555326763405,1.4766691690638372,0.6260837255035947,-0.7181918376173154,-1.4924074353144337,1.5645464081794473,0,0
-0.4703440544996489,0.2784570507572058,-0.3524024136308727,-0.31308259146665607,0.3992730470721111,-0.24696152140689834,0.4234734210584106,0.28158706211634865,0.531526128556547,1.5030487434033815,0.2425546090915204,0.10487693873078183,-1.566612250788638,-1.4823750031682708,0,0
-0.343517431065162,-0.35745983390098074,-0.4771739916497457,0.2789570620897102,0.3623954763454705,0.2675704418119001,0.4582959463694373,-0.1890676700006296,0.5953488742467725,1.4699011668490751,2.983955203667411e-07,0.0,-1.3502289494052426,-1.5707963267904124,0,0
-0.5613838829815423,0.14132372951795963,0.16706494151885826,0.4086936358122982,0.45763121089028747,-0.04561792757447329,-0.06331226942760339,-0.5043994377557846,0.9304556240756974,1.1160035306037719,0.37026080929501626,0.2172376491423569,-1.5707963267885674,-1.4827889532629865,0,0
-0.4577337330180148,0.14769567999524005,-0.4108281714335817,-0.1435318803726475,0.41782641119285135,-0.3195205279382282,0.4507354932587452,0.3153567283156356,0.57676644976966,1.4309367949912777,0.21147913567304744,-0.0,-1.2018367805851737,1.5479865952542131,0,0
-0.39847944028228727,0.2504073965461439,-0.45184599740947734,-0.22918171232537318,0.415875888992133,-0.29336430412456443,0.4344495486996316,0.2721386199037937,0.5012027228780116,1.567269608078391,0.0779869879425263,-0.00564965740361629,1.5394586268579922,1.439542091070989,0,0
-0.34138860114495295,0.3374284232477894,-0.44093740093335754,-0.2378177442310654,0.31226439761387165,-0.36220308396553874,0.47006160446443895,0.2625924049488147,0.6373636072163033,1.302112606429572,0.07602777955259621,-0.0076921559757080005,-1.5707963267890144,1.4990962432680996,0,0
-0.41174774632508493,0.2747423465132731,-0.43275175976952757,-0.265217870552606,0.41777669941905193,-0.2699892632330452,0.42672280667556056,0.26046478727237804,0.46818296411565186,1.5777945525234818,0.022016183978427147,-0.11848995915906939,-1.4855760958177788,-1.474159499268899,0,0
-0.22690504516963625,0.40174354522207084,-0.5020510253377576,-0.19844988546993958,0.25694448003224524,-0.40676899545373485,0.4720115904751486,0.20347533570160356,0.7875418402882141,1.2047588216735925,0.0910051115840502,-0.15342392158040216,1.5622495263708316,-1.5707963267856373,0,0
-0.4235111738807533,0.26436363823991615,-0.46508862714747323,-0.25780777871862876,0.4574810392826744,-0.19407113302761142,0.4311187617455521,0.187515273506324,0.4817395099628024,1.7667946510817736,0.14843290925087763,-0.14843290925146202,-1.570796326789661,-1.4121410646029235,0,0
-0.43113771669099804,0.2715469617486498,-0.3902129049750397,-0.2688853689248053,0.38844704848504685,-0.29925436781310255,0.4329035731809908,0.296592774989258,0.5148365338334908,1.4501056190489896,0.15005444279142685,-0.08998192120359608,-1.366250735568401,-1.4342113072143783,0,0
-0.4765717553258198,0.1208883869632763,-0.48532585380707244,-0.11804520681004332,0.47538630448981684,-0.15324397778674667,0.4865113046430754,0.1504007976335137,0.29509327572265914,3.2005726332853053,8.26443709365275e-07,-0.0,-1.5707963267897154,1.5035404052234538,0,0
0.4875378461129235,0.04462494431869616,-0.5019006377216595,0.1224563222592596,-0.4805881082377287,-0.12547071846931993,0.4949508998464647,-0.04161054810863585,0.24714645175499944,4.020745517062969,0.1642526203069576,1.4065437064827426,0.0,0.0,0,0
-0.4402737978350566,0.2298073591389216,-0.36649478498265553,-0.28971416124324934,0.4490806313714975,-0.28917536718186126,0.3576879514462146,0.349082169286189,0.5681163459172499,1.3922347181760601,0.0011540545397492276,0.4471396747404384,1.2640661019466595,1.1163509120276727,0,0
-0.3740321435983701,-0.26926048698570126,-0.4485589881841576,0.303118998597956,0.504876419495912,0.24584100101618736,0.3177147122866158,-0.27969951262844206,0.5556798048546321,1.6359044699417655,0.4716038900242301,1.3813161689005367,0.0,0.04491359546928537,0,0
0.5045953249624184,0.07490547879390452,-0.5110781301672784,0.1619135457766278,-0.454638397966368,-0.1683365275811454,0.4611212031712279,-0.0684824969893869,0.3354262330641254,3.0754677653905524,0.19406723613453572,-1.0401196537634536,-0.7853981633863373,-0.3217505543855311,0,0
-0.4368639701073523,0.2287595031509692,-0.4751627463837306,-0.2129097511409373,0.439887557708119,-0.19389087781213452,0.4721391587829639,0.17804112580210255,0.41839412604427634,2.144821936236945,5.131714152611123e-07,-0.0,1.4635174711515633,1.5400368007295508,0,0
-0.34008433800236954,-0.263924862130175,0.4387427550414836,-0.08724987269067047,0.47312331867332696,0.14290182279136393,-0.5717817357124411,0.20827291202948153,0.4934018408891346,2.2128546798962065,0.28555255483426245,-1.566612250788638,0.3671738338233739,-0.23727465530085726,0,0
-0.48884053951390005,0.27057405621801944,-0.36425403137951445,-0.3123299573661159,0.42494766366015946,-0.19456523999015202,0.4281469072332551,0.23632114113824845,0.5345156631151853,1.5731362718002606,0.21799060758430208,0.07224248087606935,1.5609927193205022,-1.3951364737826117,0,0
0.4933319852057406,0.11898505398790488,-0.4858737236162037,0.08680960241492673,-0.4921074944970107,-0.08519787159341013,0.4846492329074737,-0.12059678480942149,0.23609340257066572,4.113164356069499,0.06907233216465525,-1.50172399463707,0.0,0.0,0,0
-0.38525303969369884,0.2713641546768317,-0.03093850345823992,0.05387072426770654,-0.33166913912131013,-0.32369733247138993,0.7478606822732488,-0.0015375464731483821,0.6742723365017084,1.9041960308963914,2.301044596658912,1.0575440539355347,0.6353157527192591,-1.3717387186111691,0,0
-0.37102642115100554,-0.27146079638589493,0.5452053889826007,-0.28605606538142436,0.21182930299256184,0.4523742103909255,-0.38600827082415706,0.1051426513763938,0.6876363596140833,1.2610718849965477,0.5421199060879309,-1.522960506813412,-0.487836438662459,-0.10352467451187924,0,0
-0.49306058866395475,0.22592975796119205,-0.2956038538745146,-0.35102690699422007,0.46671102349646376,-0.22550319225510954,0.32195341904200553,0.35060034128813755,0.6734019152196365,1.3679223754636383,0.08356989077393065,-0.2420716945739921,-1.1621778496790662,-1.150771819134151,0,0
-0.36410346748104777,0.3343522482073767,-0.4029909598548036,-0.28811610562802203,0.3476967947957534,-0.34897717374671205,0.419397632540098,0.3027410311673574,0.5619623214628447,1.2035023898768344,0.04718551156820251,0.20902294280714337,1.3802782376046907,1.3397056596022783,0,0
-0.48275614228337094,0.2601950535761455,-0.2476748296746616,-0.40712377509978287,0.4120462763733355,-0.23492458101166352,0.318384695584697,0.3818533025353009,0.7059785973325731,1.1341298043015755,0.18799734032323331,0.18799734032399185,1.4661796691673223,-1.5707963267907126,0,0
-0.42800630845693166,0.2753058765628048,-0.42891059896857175,-0.2623149631024196,0.40623295859560177,-0.25146301802916937,0.4506839488299016,0.2384721045687841,0.4728883593523686,1.6360871508370012,0.08879857317912668,-0.008928334179876572,1.5650492636345665,-1.5216555923761508,0,0
-0.5194127001587959,-0.032759697821187005,-0.04129460129904259,0.46842215795497183,0.5020221973974518,0.06291916552456424,0.05868510406038666,-0.498581625658349,0.9877314106515763,1.0562884187893649,0.09351027049661172,-0.062418809996235274,-1.3876855095279363,-1.4247840690795086,0,0
-0.4405147202886358,0.25558591211029374,-0.3912961601760827,-0.28215265225489083,0.4315231406412505,-0.27053384856844387,0.40028773982346805,0.29710058871304096,0.5051307571903793,1.5054518460228405,0.036302594431375006,0.04481302725994037,-1.5384546666108032,1.567922771488694,0,0
-0.4167438270086405,0.2691631561692451,-0.3549437109616053,-0.3471404509318409,0.4511955962556594,-0.275694897909136,0.32049194171458645,0.3536721926717319,0.6082629217056144,1.2384756913079684,0.10482276129705007,-0.4074298519030897,-1.1518209646835744,-1.1775565555210907,0,0
-0.4706751331391212,0.24259578239429158,-0.37674282380472396,-0.29269764946890897,0.4577516335321359,-0.22928510005926192,0.38966632341170915,0.2793869671338793,0.5311386708548924,1.6228836429557163,0.04065130709232374,-0.06885648930138272,-1.4040736737619073,-1.3709676817188665,0,0
-0.5009715868988774,0.2625503701751639,0.4138112868488669,0.27327999441691964,0.418141124975386,-0.21212253450320123,-0.33098082492537556,-0.3237078300888823,0.5486990983374446,1.5395836801782727,0.13613896085326935,-0.11107934018681628,-1.4625257359272787,-1.1892261202913046,0,0
-0.4888373521771837,0.09564928070214164,-0.48662786335499963,-0.09622136837717109,0.4891442256247093,-0.1222979819631573,0.4863209899074741,0.12287006963818674,0.23976983793169834,3.9890253702066443,1.0989543239768278e-06,-0.0,-1.5325636003538385,1.5544043524923543,0,0
-0.4479040569055773,0.2614049213393366,-0.28099285564772475,-0.3888047726106693,0.4225834546929217,-0.2682663490660245,0.3063134578603802,0.39566620033735717,0.6828721851627809,1.1096491031748745,0.07791275141173058,0.08160277156405635,-1.5707963267914122,1.5643029115699179,0,0
-0.3901739070218489,0.28095170945434284,-0.33317432054956886,-0.364999263652993,0.4213395171224257,-0.3131751976554486,0.3020087104489921,0.39722275185409867,0.6185533977623103,1.064668046362306,0.07841033873922519,-0.0784103387391995,-1.4729502725225276,-1.5707963267883176,0,0
-0.4562279747368351,0.18901511656735234,-0.4512192514765986,-0.14460490439053608,0.3628151380766034,-0.24845149852487805,0.5446320881368303,0.2040412863480618,0.4528819571178105,2.2118807113238437,0.3970794452253251,-0.0,-1.4288992721848994,-1.5707963267900658,0,0
-0.21626008065438276,0.41563569953658597,-0.5115751991185494,-0.21167584648263527,0.2681715503249519,-0.39348992553743833,0.4596637294479803,0.18953007248348763,0.785854305172619,1.2003561603646828,0.12263773159224119,0.2754261036971732,1.0844621730958317,1.1781968128574052,0,0
-0.5430790940294064,0.1715827939104379,0.4948731137202082,0.04691912372860379,0.46508977930836914,-0.023952978431836948,-0.41688379899917094,-0.19454893920720476,0.3800272407166499,2.8349146328054213,0.3105986003713975,-0.0,1.2924966679218608,-1.119343235217807,0,0
-0.44754067031896727,0.24175597112707728,-0.4187600199018459,-0.25064871332159244,0.43437260276454204,-0.248333865352257,0.4319280874562712,0.2572266075467721,0.44790198654535696,1.7364759358175055,0.0535475364771683,0.05875582271603617,1.5677099168452386,1.5528341869500324,0,0
-0.3114147944548686,0.3678894613281105,-0.46032669315420116,-0.26014908278689225,0.324718999864938,-0.35138021626706223,0.4470224877441317,0.24363983772584394,0.6526287528109881,1.2614867679838675,0.030085386584383478,0.2005205496790012,1.2531609755115471,1.299849476462923,0,0
-0.3130821012430753,0.3345830810797084,-0.47965604382491167,-0.28853062683036407,0.4235782510948492,-0.3058299933208795,0.3691598939731377,0.2597775390715351,0.5784430517136114,1.410393277440764,0.3571340105209425,-0.3571340105232378,-1.4557289908775448,-1.365668962250547,0,0
-0.24956448190415673,0.4038709381835465,-0.5019046832349926,-0.20751981895252125,0.24427184689210352,-0.365979884187236,0.5071973182470458,0.1696287649562108,0.7768580056969498,1.3107760258987236,0.06490053191197433,-0.06656816377631544,1.4551851475693776,1.5461099847454662,0,0
-0.4951260937498289,-0.1353833358764205,-0.002519025102490336,-0.24303085982719325,0.7068840929282557,0.012591075819777755,-0.20923897407593647,0.3658231198838359,0.7318486858121489,1.9742175081923188,0.1528634580057373,0.7270452415495313,-1.2880403692997753,1.1469758438432907,0,0
-0.45441108333516517,-0.21712361481085418,0.36720413387246265,-0.11698037087071514,0.5578463891021976,0.09872261581720786,-0.4706394396394953,0.23538136986436145,0.4653949641734362,2.2728718214670853,0.2533874935708724,-1.4255989541356273,0.6998928697278876,-0.05975782638890711,0,0
-0.5780483726288774,0.014223538424832306,-0.021243603627210134,-0.40642752180027913,0.5134856784065555,-0.07965234075052702,0.08580629784953218,0.4718563241259738,0.958676724302863,1.2428032874546187,0.26419686634840883,0.23661765395010875,-1.4321565896531347,-1.4871595548023195,0,0
-0.3575184243417149,0.36566250553878965,-0.43712788117916124,-0.307770440743505,0.36002689064820953,-0.28631632617925795,0.43461941487266653,0.22842426138397334,0.5870633499938062,1.2944826962570408,0.026242780889448227,-0.2834601636550365,-1.431911311271168,-1.233456834854008,0,0
-0.3480140834774312,0.33895634325270757,-0.4344609592686392,-0.27050572423221253,0.3470474813674587,-0.3421889956368188,0.43542756137861166,0.2737383766163238,0.5925205111923804,1.2770967824068695,0.001616890369002732,-0.31399877168594953,-1.3062306166825643,-1.3146449442255796,0,0
-0.4817551646438999,0.23819761291452035,-0.3713060973406121,-0.2806691385329848,0.44142820090874757,-0.23305533664302136,0.4116330610757643,0.27552686226148587,0.5134708959203623,1.6598166190227401,0.1512176901470468,0.15121769014785902,-1.5707963267887617,-1.554038119207074,0,0
-0.461950316992203,0.051605136365039946,-0.09595427455324361,-0.48472779705026375,0.5680769763418944,-0.0315898397448854,-0.010172384796447541,0.4647125004301092,0.9779494197960289,1.0848784237066686,0.2626933453129969,-0.0,-1.5707963267872043,1.4288992722007328,0,0
-0.44074704121350994,0.2489395438910408,-0.4320517111344354,-0.21957271624700808,0.3802152512437415,-0.26091190751559784,0.4925835011042039,0.2315450798715652,0.4758599316428316,1.8305930869525444,0.2428953328079257,-0.0,-1.5013892778084266,-1.533604182705392,0,0
-0.4052970603540603,0.2626305763174153,-0.4348893608413806,-0.14194191619626012,0.22816041785006497,-0.30890752938793026,0.612026003345376,0.18821886926677506,0.5983520240811209,1.831750768209478,0.5845243567050057,-0.0,-1.3971251284476494,-1.5707963267910356,0,0
0.47239397356069507,0.20942874135958717,-0.4482958206921054,0.21848779048744713,-0.45495690828438035,-0.20702486971897938,0.4308587554157906,-0.22089166212805494,0.40745892284759233,2.1105922826495798,0.005813887983361721,-1.5649824388159617,0.0,0.0805705434633002,0,0
-0.40994373062450495,0.32324270322215054,-0.3711055238873891,-0.2981439612882916,0.33918200329265813,-0.32096880010677525,0.4418672512192359,0.29587005817291634,0.5487464331656446,1.3222536037342656,0.22737873019867577,0.09454487154054608,-1.5707963267911371,-1.5707963267917617,0,0
-0.39398626762027517,0.2758336873035651,-0.4386102584348279,-0.23740643927934119,0.3810800116115327,-0.31086612005760095,0.45151651444357027,0.272438872033377,0.5222372061747725,1.5171758396887385,0.03344477357334725,-0.0,-1.5681438131192398,1.4880839113492965,0,0
-0.4275802802333843,0.2960195240838166,-0.39653397760639625,-0.26562976008690514,0.3512828160909268,-0.2929701710466258,0.4728314417488537,0.2625804070497144,0.5303332256221951,1.5287393470998258,0.2706162119908548,0.09516620655439675,1.5673949793710567,1.5679714755545848,0,0
-0.3247222325294789,0.30902731194154337,-0.4782958439237412,-0.21518000526588016,0.34465982715233495,-0.35571314761695993,0.45835824930088515,0.2618658409412967,0.6226318723774914,1.4090523297569675,0.10292410960700485,0.17073521147610762,1.2842071543563294,1.175225176055209,0,0
0.0592047894984987,0.47728031689782036,-0.49787893408043443,0.0721491435199889,-0.07569027733184042,-0.4919395187228432,0.5143644219137762,-0.05748994169496604,0.9810863391048177,1.0443898471660928,0.0058947678477424825,-0.23060593626052006,-1.3539227111244472,-1.4165687168777328,0,0
-0.4307368077246408,0.2657187766423328,-0.41267150185294776,-0.26531607337373486,0.4122417226173123,-0.27160603316765014,0.43116658696027627,0.2712033298990522,0.4678492326939484,1.587856535516325,0.0688564893019344,-0.0554985052461564,-1.473667028921708,-1.4876550949015872,0,0
-0.18794551689396116,0.357102053065362,-0.586202294163525,-0.17404484678021384,0.3185057111949988,-0.3536538464760297,0.45564209986248727,0.17059664019088144,0.7404970494581146,1.4658258829764932,0.3875238057803216,-0.3875238057817069,1.5109224722845171,-1.5445851025941528,0,0
-0.39916502948115107,0.30819678974019044,-0.3309838398290298,-0.34605239252851755,0.37263665261809564,-0.3339105993934569,0.3575122166920852,0.3717662021817841,0.5540135988395283,1.0752043591330087,0.08240881014458214,-0.07796663383184563,-1.4062460933507193,-1.4728060883,0,0
-0.4426705950827231,-0.1656764773840344,-0.45578150155174124,0.1692727341601004,0.459617218978122,0.2593278077459423,0.43883487765634227,-0.2629240645220082,0.47806869566840754,1.7527916492757,0.0788957240532313,0.7971623265353056,0.8325734363499806,0.6246354227679363,0,0
-0.39993454898740616,0.3525245202114398,-0.3933988946710555,-0.34051385164258463,0.37346948371779454,-0.2601992735137376,0.41986395994066716,0.24818860494488243,0.5681518238758688,1.1829049331495722,0.10043611204905008,0.10043611204923758,1.3754401930808022,-1.5352126475644423,0,0
-0.44402754183853066,0.2448469483213372,-0.4018382913115537,-0.27197965451654915,0.4450520047616687,-0.25878586858319236,0.40081382838841567,0.2859185747784044,0.49601590475061125,1.5936231733945057,0.0004135935809685881,0.329836631528976,1.3068326031742294,1.2738340824405507,0,0
-0.4839539983679707,0.21560459216340253,-0.3957434920172955,-0.2455224961829796,0.45233454962944913,-0.22453615366603066,0.42736294075581704,0.25445405768560775,0.46812232165437345,1.8726649094899592,0.13692314962571006,0.0462632624247847,-1.4527904532770282,-1.4706539651918447,0,0
-0.4621033713521977,0.22702385643345707,-0.39719494508986575,-0.24438567978291953,0.42895046139953913,-0.2634256545612978,0.4303478550425243,0.2807874779107603,0.4856836774948015,1.6398928528990317,0.13939745714585877,0.01621479500448981,-1.4271387106263718,-1.5103513164937323,0,0
-0.39754089273750687,-0.18672074685163914,-0.47463813628846235,0.12358358343063074,0.36291246978665403,0.3260947257072349,0.5092665592393152,-0.2629575622862265,0.5795713120681474,1.6703180949849719,5.503352079576141e-07,0.0,-1.5645071015359002,-1.2433961149890311,0,0
-0.3452330191351245,0.35782354207766415,-0.44786448135173956,-0.2762533228922108,0.3380776507766828,-0.3157501721501833,0.45501984971018133,0.2341799529647299,0.6081591523915035,1.340438784932313,0.04906016866670559,0.3458159294456571,1.1147243304503553,1.2178059389731353,0,0
-0.43121944323580286,0.2158170352340172,0.5000241760630713,0.07341403407269545,0.44685416451242643,-0.09640270670278703,-0.5156588973396948,-0.19282836260392566,0.4150542136079379,2.4854876104723864,0.25158954891428736,-0.15169193280506155,-1.57079632677823,-1.4711276742966624,0,0
-0.45801545404869765,0.2620908139219019,0.2999564058997772,0.32349500329745573,0.4842085565512811,-0.20729266364283863,-0.3261495084023606,-0.378293153576519,0.6612416517613635,1.3426046042113258,0.12713276518062064,0.3354483277723598,1.488628804444882,1.3575918074152902,0,0
-0.15944508401360571,0.40412283385837555,-0.5464767285988877,-0.11920391985532268,0.160465005664358,-0.4018376276924078,0.5454568069481355,0.11691871368935486,0.8800552562922576,1.3548227086053164,0.0016680552026523345,-0.21700089070874098,1.5313431257044259,1.5379134469959566,0,0
-0.5222141279924631,0.10055257528599042,0.13769181993596602,0.43195533590335045,0.5535454357851322,-0.1342058020475046,-0.16902312772863493,-0.3983021091418363,0.893157386904911,1.2956939684160824,0.11499068439201922,0.01333254329423455,-1.4160159414162599,-1.433455049319985,0,0
-0.4385247792161421,-0.20349704912831856,-0.4794344930455545,0.18571250359716343,0.43801340779327447,0.2083621685373871,0.4799458644684222,-0.19057762300623193,0.3951296434895515,2.329389063941452,5.523488817468546e-07,0.0,-1.4907538012293242,-1.4801364395888477,0,0
-0.4479065363001071,-0.20160804118632678,-0.4107457790541771,0.26935844616518695,0.5272564217663163,0.2184640866324975,0.33139589358796784,-0.28621449161135765,0.5417741494238282,1.7552384066241917,0.2914567944783001,0.0,1.546261373738292,-1.5413930385835448,0,0
-0.4787751651354331,0.2240432672014433,0.4498124183653392,0.13956440072217915,0.4762388131061918,-0.1279291307407707,-0.4472760663360979,-0.23567853718285184,0.43904074928946374,2.0773736836795766,0.20687394897991676,-0.0,-1.3815973046744046,-1.4116596009841673,0,0
0.7601825366778382,-0.0037969876057809934,-0.3728029833161948,0.16025686400637731,0.09248555392208803,-0.021750642656675024,-0.47986510728373133,-0.1347092337439213,0.36577201456379577,4.204034475213904,2.802939324531303,-1.190619656233394,1.4196935483614752,0.9416405006045682,0,0
-0.43166375950735897,0.30380271502949047,-0.3854492149810549,-0.3141613782863195,0.3975654803491587,-0.2593672409976467,0.4195474941392552,0.26972590425447573,0.5260179905799438,1.3774445195986549,0.11616891332021557,0.12238001357344679,1.4531979861880817,1.563074472557496,0,0
-0.15527766019047745,-0.2442704577697534,-0.23771136435067777,-0.06243012715757328,0.7938471691179275,0.05873693769571206,-0.40085814457677227,0.24796364723161463,0.5880747008268892,2.4271079585015336,2.1534990337332633,0.17467219900320616,-1.4367731252093157,-0.21182754748362767,0,0
-0.3972536187309119,0.297874228887009,-0.41958750894492836,-0.26586478498429617,0.37440386275153714,-0.30779356386135703,0.4424372649243031,0.2757841199586442,0.5221006420837868,1.42326335359122,0.07645925960143803,-0.054368136473566614,-1.5032663165651292,-1.529723548199884,0,0
-0.4766560594698312,0.1464134150306873,-0.4290391949896909,-0.17940534504424965,0.49794146937306,-0.2288080446477158,0.4077537850864622,0.2617999746612782,0.478145363249051,1.9865095768625658,0.036680787760123,-0.0,-1.3724345836659542,-1.5554129250091744,0,0
0.48272032771699164,0.19969343218463595,-0.20434063411886896,0.3523087149225398,-0.5514882081226848,-0.15322810548040292,0.2731085145245622,-0.39877404162677277,0.7767761979452926,1.376956835743539,0.07083721088381928,1.1610383988620159,0.7929168187021773,0.5280744484211782,0,0
-0.39933763678682316,0.28585132181467987,-0.42736856497047687,-0.26559164758439224,0.39756532257421845,-0.29579603477534105,0.4291408791830816,0.2755363605450534,0.49818645408630535,1.4725579587861455,0.004422111700883365,-0.07181871218502577,-1.513167899312631,-1.5373160191400779,0,0
-0.43212603031473523,0.2571497877648512,-0.39297763058436685,-0.26714372077240967,0.40919896344440554,-0.2957300247123001,0.4159046974546965,0.30572395771985855,0.5100514584417665,1.4099677656803706,0.08567929750503091,-0.0,-1.4606449224675948,-1.553482039867182,0,0
-0.4271908691294977,0.24816546543179172,-0.39129809674474125,-0.2759534982990493,0.4308605299664648,-0.2946304083428061,0.3876284359077742,0.32241844121006374,0.5294596286693941,1.3905728853035373,0.0015730183109800028,0.23454062886773233,1.4273440634966799,1.3137539057739138,0,0
-0.3905117179519196,0.34136358740724,-0.3608003307305052,-0.3580598036574468,0.3791479665304788,-0.30002595960556255,0.37216408215194596,0.3167221758557693,0.538317986486456,1.1004202809271155,0.03113106822343735,0.1744208795872921,1.3605603811911524,1.471127674307695,0,0
-0.4187120108843403,0.29158800810868096,-0.3823755196035075,-0.320682210028904,0.4215345919101096,-0.275654110266533,0.37955293857773814,0.304748312186756,0.525515871575667,1.3434691351771244,0.012928604602503675,0.06945332599592413,1.5046677234369172,1.5441359784269606,0,0
-0.2816021197496958,0.0019802022204579973,-0.2950895022309323,-3.8396883439007004e-05,-0.28929082941765827,-0.0019284337381275192,0.8659824513982863,-1.3371598891497688e-05,0.004538207588460299,297.0529785663117,0.14690535999046186,-1.1071487181940904,-1.5707963257948967,1.2574489359509573,0,0
-0.4197706323512557,0.24719307657351974,-0.370149736611663,-0.27800078884825247,0.411437116961066,-0.32766195545618004,0.3784832520018528,0.3584696677309127,0.5703179222413535,1.2114406641853177,0.046209855033763785,-0.0,-1.4131412643099681,1.526490365349037,0,0
-0.4183070280558232,0.258978400463115,-0.43983567530013185,-0.2459130920001377,0.41797325057916723,-0.2668061755400647,0.44016945277678776,0.2537408670770874,0.462693123146547,1.6736990171267365,3.4142849556772876e-07,-0.0,1.552533517287301,1.5342828820525802,0,0
-0.2767868268117915,0.3596386978813619,-0.4701801389768448,-0.1709271050713085,0.23461134848376156,-0.41716133004845135,0.5123556173048749,0.22844973723839798,0.7632338029216801,1.2648503101888344,0.05673293622881553,-0.013422012740181148,-1.5707963267898204,1.3994172004100567,0,0
0.4866181392936025,0.09615256105340717,-0.4716137397499557,0.16513685163967579,-0.4913444518903337,-0.16074850807568072,0.4763400523466869,-0.10054090461740225,0.3187036908161392,3.0009405517269463,0.13400536119759118,1.5511359389509611,0.008264274659582864,0.0,0,0
-0.4336273245317917,0.3078320620639894,-0.41736797816232885,-0.32819801204739996,0.4577896348119185,-0.1781085114360873,0.3932056678822021,0.19847446141949787,0.5669679947155294,1.401532719327977,0.14428939453856318,-0.14428939453895864,-1.570796326788836,-1.269451103078631,0,0
-0.3178248256004655,-0.2902374089989685,-0.5068949591695445,0.19733601466737455,0.35984844219195206,0.33709999038756366,0.46487134257805796,-0.24419859605596972,0.609625344549809,1.549032948932878,0.19118445959752386,0.1911844595950084,-1.5519306407669387,-1.450808116711551,0,0
-0.464818351277455,0.24615216631051767,-0.3919570896746988,-0.25517188727787354,0.4082401406376481,-0.2569527117842292,0.4485353003145058,0.26597243275158505,0.4776155902710399,1.746624084031604,0.22123235365076943,0.1493226606943483,1.568026250780423,1.5441036389880287,0,0
-0.4547729823265786,0.21264745285495326,-0.39393220294132614,-0.25344079839163863,0.45993560163886976,-0.26686033863995384,0.3887695836290348,0.3076536841766392,0.5255129082788591,1.592143181259578,0.006557089397291537,0.14551585666120323,-1.5707963267902019,1.4429264082395812,0,0
-0.5004565303153279,0.1717623647571826,0.1920605794762807,0.4267301058000599,0.49693851046199117,-0.15877861746821798,-0.18854255962294392,-0.43971385308902455,0.8641869077074402,1.151136239735729,0.03618329598613788,0.036183295985744254,-1.4796787737171813,-1.4880588090500448,0,0
-0.4490986168600802,0.09214791218651618,-0.5325478673146942,-0.09081287899131793,0.5298957571925084,-0.08158679942148651,0.45175072698226604,0.08025176622628832,0.19438552612168344,5.806947038584509,0.8777589922086515,-1.034360869210133,-0.9730379351981803,-0.9511496134895225,0,0
-0.42293690769977943,0.2441366282494131,-0.4225308457949497,-0.2799081736123768,0.4796654999729877,-0.24679393496003352,0.3658022535217414,0.2825654803229972,0.5076900742945675,1.6047016626604034,0.2110933332232269,-0.0,1.534883630186313,1.5228878086322308,0,0
-0.46820942484936956,0.29595943018338305,-0.3385639785860478,-0.3143400497897023,0.3582418780881852,-0.26473122972497104,0.4485315253472322,0.28311184933129024,0.5594865251750183,1.5021165514298498,0.37265866620167787,0.013887995931063506,-1.4464413322419813,-1.3613531570862079,0,0
-0.5434625075553177,0.20191719612106437,0.41416870773915365,0.17054280038608818,0.497595051934957,-0.11326592820205361,-0.36830125211879294,-0.25919406830509895,0.4800433675969763,2.2577144385874717,0.19971035749296584,0.25144409027875464,-1.5035900010029597,-1.4264582680829263,0,0
-0.37679837799194643,-0.24770349519701723,-0.5037307812171118,0.213661915914967,0.4387794185700469,0.25049479298663624,0.44174974063901135,-0.21645321370458603,0.4710367774997079,1.8977996197120324,0.2621198412659776,0.0,-1.341375107124175,-1.3404745944659058,0,0
-0.43261840017637776,0.18605361044052257,-0.38191716289035454,-0.2506934384881854,0.4688263379163234,-0.30540430578908634,0.3457092251504089,0.3700441338367492,0.608879441753635,1.3345870464843417,0.06472428141668801,0.20152776773744208,1.5490606199585362,1.25270875968399,0,0
-0.35493689998203143,0.3400015373046859,-0.45823011086513826,-0.26313439671817124,0.3470133776529736,-0.3016183283631681,0.4661536331941961,0.22475118777665345,0.593102973688898,1.4407031227082643,0.05297796916492376,0.21481540040355196,1.2341215074145329,1.3258176636743917,0,0
-0.32349811431151443,0.3804919957573091,-0.4117554231810882,-0.29175786518183555,0.3134747446676691,-0.37285526309795014,0.4217787928249336,0.2841211325224766,0.627940716790204,1.1064408958925658,0.03284291588450347,-0.12297186956475309,-1.4670039863344189,-1.4497691069823624,0,0
-0.4435958470791796,0.2967176539243499,0.4409441409756765,0.1791611513254606,0.4301058089446512,-0.17584041256856223,-0.42745410284114815,-0.3000383926812483,0.527854586336179,1.48224721489828,0.27595416055306893,-0.01550263392513658,-1.453687582208692,-1.3961241277752476,0,0
-0.4397057006742305,0.2359271583143973,0.38577654232142355,0.3165109581519249,0.44404482835778963,-0.2803762021680095,-0.3901156700049827,-0.27206191429831283,0.5274993437051623,1.4805989938840796,0.10727885565058948,-0.0,-1.57079632677362,-1.5707963267698966,0,0
-0.46780958252648736,-0.16701160587125016,0.47281709405648387,-0.13262582171695755,0.4805856202498121,0.13463347500564044,-0.4855931317798086,0.1650039525825673,0.32078637792132697,2.910040591257454,0.06796323362088579,-1.5051971549614351,-0.0,-0.08257045569528386,0,0
-0.3610268709227778,0.2891804892754391,-0.4944047647130794,-0.21307491350205274,0.3629322694054964,-0.2820054120929035,0.49249936623036084,0.20589983631951717,0.5637057255970698,1.7278159852671366,4.321336746215854e-07,-0.0,1.3914574950017526,1.4084939415098898,0,0
0.500606579490353,0.1616987702455834,-0.4866488181535957,0.10416909671545002,-0.474831912239298,-0.09861849847627994,0.4608741509025406,-0.16724936848475352,0.32475582550645554,3.001249380691206,0.13142201470496792,1.570796326789491,0.0,0.17841049934817726,0,0
0.493934329667776,-0.07416199370083836,-0.48768564575067685,-0.1078602533966231,-0.49505016608154373,0.10666596639681362,0.4888014821644446,0.07535628070064784,0.21216310530741975,4.610086807578087,0.06612860336523536,0.0,1.5707963267645937,1.5707963267514184,0,0
0.41250510859952344,0.2934005285547581,-0.43366775864611873,0.3417923230581476,-0.32996799036312663,-0.3673928491898699,0.35113064040972186,-0.26780000242303587,0.6000932506091996,1.1931620969504941,0.20232162837872425,1.368474698408391,0.0,0.254124749552474,0,0
-0.22397354301644926,-0.3644693030931684,-0.40788053455282597,0.1289786431990275,-0.11903295623544301,0.2366315162934919,0.7508870338047182,-0.0011408563993510086,0.6965361348184077,1.927742453487096,0.9472355946361211,0.0,-1.5707963267532299,-1.5707963267825509,0,0
-0.33696887558981725,0.3154802687562855,-0.48929793844860403,-0.2271955003544893,0.3541588839381552,-0.31217446815360217,0.472107930100266,0.22388969975180595,0.6034309474876631,1.5317431893880518,0.05708078240780405,-0.0,1.3975506603485959,1.4098625875450446,0,0
-0.46087963989371933,0.11725914325482494,-0.4661118431915968,-0.1598055467314422,0.5636452545906961,-0.1792519023218869,0.36334622849462006,0.22179830579850413,0.4129842983790385,2.5676513237793177,0.48207870139523334,-0.0,-1.5707963267904124,1.4257546284737916,0,0
0.4718151068727074,-0.04558930487497926,-0.5228198681596802,-0.08797058709333389,-0.4656190167510325,0.09517327535838169,0.5166237780380052,0.03838661660993147,0.19036772416553863,5.6755581775050015,0.10033310422106849,-0.1003331042199514,1.325817663634419,1.1383885511609442,0,0
0.47827539524226154,0.166684772632265,-0.4936141352496083,0.16318750015957068,-0.44984089660148435,-0.16860856084463746,0.4651796366088311,-0.1612637119471982,0.32586808044992066,2.898624677125651,0.004428394360913225,1.4344523975067727,0.008771704844365864,0.17985349979087828,0,0
-0.500830916374424,0.20297230558243565,-0.32718897259708457,-0.30897044196165907,0.49473540639664465,-0.2153251829035426,0.333284482574864,0.32132331928276603,0.6274992421476582,1.5795274901745262,0.03476859185833412,-0.0,-1.3572358933086548,-1.3847381496402118,0,0
-0.3656052940765218,0.3482386181025926,-0.39998766427588306,-0.3009101880445668,0.34286441354380626,-0.337630886943972,0.42272854480859867,0.2903024568859462,0.5642759591185594,1.1995229457367789,0.07359060098294302,0.30677040163106034,1.2605018996765032,1.2844700843197248,0,0
0.5138886815090827,0.11807966443350489,-0.5005822727221123,0.1609864460773803,-0.4570117719051243,-0.15957316930646676,0.4437053631181539,-0.11949294120441845,0.3251984189064362,3.164687332858318,0.08673833867609893,1.570796326791938,-0.17736181059525655,0.24497866312392297,0,0
-0.5564410243497379,0.15140045494075566,0.44839407305646933,0.10039759428754681,0.507896646399605,-0.06769912738372454,-0.3998496951063365,-0.18409892184457796,0.3570846252255581,3.1723983542012664,0.17824738695757628,0.39092838044867767,-1.57079632677823,-1.47432255160432,0,0
0.435872077285784,0.2875004182020538,0.3890721750469601,-0.3000077855812566,-0.40611526128029785,-0.26351628003961364,-0.4188289910524463,0.2760236474188165,0.5021438894310701,1.4547900145637256,0.10305010551861465,1.0796327285267184,0.5247957716577145,0.5840810550306044,0,0
-0.49835673414763737,-0.0401924708101173,-0.49893104310227954,0.04015364648759182,0.49840740846716464,0.03310310751914297,0.4988803687827523,-0.033064283196617486,0.08017027274030752,12.418912642509012,2.8988408154629145e-06,0.0,-1.5565792752606695,-1.5707963267901572,0,0
-0.5190766859055348,0.27799434853879706,0.6358634328833684,0.220920120291014,0.11159200173218599,-0.32389875570974985,-0.2283787487100196,-0.17501571312006117,0.6951504933190384,1.9188459057540224,0.363393133495312,0.4636476090022146,0.3903450578527495,-1.4145461909102286,0,0
-0.47665232037894895,0.23800264801796533,-0.3721808338904338,-0.22680279567630193,0.3644431923188642,-0.28727707270530667,0.4843899619505186,0.27607722036364324,0.5414072955710874,1.7059287452910985,0.4308724645968267,0.4308724645997907,1.4429264082395812,1.3214162836424581,0,0
0.48154868419272756,0.01355494461340711,-0.4178295368660984,0.2229823937811913,-0.5324254664600839,-0.1972845260121856,0.4687063191334548,-0.03925281238241284,0.42613979304496263,2.4126908469296824,0.38534234438977444,1.525076575395347,0.08314123188786653,0.05549850524263991,0,0
-0.34708046990307584,0.35968934802801555,-0.42161210587641057,-0.27315983348417155,0.3144891033760644,-0.35054133378500085,0.4542034724034219,0.26401181924115685,0.6220310953041467,1.2331424151433799,0.10631189396521804,-0.008733402408464739,1.5670369460128881,-1.5604518682003692,0,0
-0.42566414121977997,-0.10173349822647686,0.5655738728323672,-0.28124643201603694,0.2783248131448083,0.39614250424681796,-0.41823454475739535,-0.013162574004304211,0.6714536639220887,1.4633218244171406,0.7104171607281667,0.876906586672014,0.11366322414429066,0.5984188934996938,0,0
-0.45011936573447564,0.28503006655672514,-0.37214023309251615,-0.30112550064096993,0.3934596340370379,-0.26414345897891356,0.42879996478995397,0.28023889306315836,0.5151834587045654,1.4994642714499595,0.1970855244819132,0.08054287099550421,-1.5673480645966456,-1.513629766379321,0,0
-0.46914938437159853,0.20620285437023475,-0.4434970628292798,-0.20405286661622635,0.43847905133689297,-0.20349919190606108,0.47416739586398543,0.20134920415205268,0.3870011057941766,2.29933851493253,0.15037142800779998,0.15037142800863068,1.4822434739859243,1.488016497135752,0,0
-0.06097727739187785,0.45786877226117784,0.5322180416877558,0.04704068295119299,0.07483230840432714,-0.43941279133794986,-0.5460730727002051,-0.06549666387442094,0.9675307371330755,1.2017310486830661,0.06367686195433532,-0.14888994761054508,-1.570796326787263,-1.5636535911183407,0,0
-0.12822123067512198,0.42013416361949585,-0.5607679668248496,-0.11218852312165048,0.11193869803944223,-0.36261942749378695,0.5770504994605293,0.05467378699594159,0.8906314905198881,1.4536100238992196,0.15718075693722325,-0.38186322838553305,-1.5149105248923247,-1.3932001595051986,0,0
-0.4489869608267075,0.27874767113796595,-0.3743815753988385,-0.2997550685938781,0.40390071460491417,-0.26461998590267194,0.41946782162063173,0.2856273833585842,0.5083781899588656,1.4835681861503163,0.15653855779037407,0.08314123188901594,-1.5707963267897154,-1.533604182705392,0,0
-0.322072364950913,0.356007421642039,-0.4358608954310266,-0.18904065604814543,0.22641056528083991,-0.39661270734264836,0.5315226951010997,0.22964594174875486,0.7280723626839589,1.2853543949683657,0.24754205332267343,-0.14358339364732176,-1.329297928034328,-1.4860576521719637,0,0
-0.8389619550248815,-0.02387373919536065,0.3704387372092749,-0.13628871355277075,0.2772517254736546,-0.002059209571346342,0.19127149234195198,0.16222166231947774,0.36101865521897547,4.05145278015976,0.9959406842275755,1.3547113545010188,-0.48344700157748804,1.5154894658584472,0,0
-0.4120372030482905,0.2869512565520824,-0.41651339669096904,-0.2688494429065067,0.38976924801785245,-0.2896822557003126,0.4387813517214071,0.27158044205473686,0.49319161478805695,1.4832553610550645,0.07905033390316651,-0.046945348261722204,-1.5060720453746943,-1.5138404507038705,0,0
-0.31269964387954857,0.40113918843644913,-0.5221691190102828,-0.3082577759404086,0.4013232611014756,-0.14715639153779517,0.4335455017883559,0.054274979041754656,0.6779810508051339,1.3472211875591393,0.12849682952202177,-0.11379200714416852,1.2247590506850499,-1.3090199510799738,0,0
-0.2703311914895152,0.3560219960415436,-0.512871026197049,-0.27362670703905334,0.41310237568257563,-0.3161877927376291,0.3700998420039885,0.23379250373513877,0.6224483848926344,1.3775065721094635,0.44571231262880756,-0.0,1.2490457724039148,1.3917015522066016,0,0
-0.35244865247762674,0.21393889654653528,-0.5370949994485413,-0.16900178997111984,0.4351874819680094,-0.2634458416892252,0.45435616995815853,0.2185087351138098,0.47783442877228016,2.0571464970481768,0.4095384052332053,-0.3524576228304282,-1.5707963267902019,1.4682996275502005,0,0
-0.46024854228348544,0.20546783516250977,-0.43507913384144237,-0.21856287546923614,0.46143298503369923,-0.22542222154518018,0.4338946910912286,0.2385172618519065,0.42760445164017247,1.9866417071648883,5.031211082975361e-07,-0.0,-1.5038573806797428,-1.5484536765891768,0,0
-0.5027131930446169,0.23276823934354662,-0.25232872943227513,-0.40085297986410384,0.4629994572031219,-0.19431167968102803,0.29204246527377015,0.36239642020158525,0.7370796009374333,1.2652648664573136,0.07838618058943053,0.12340079636402329,1.5426347598140409,-1.479547164464363,0,0
-0.3843427905407984,0.33182660466729286,-0.4166445643538797,-0.2576355930205814,0.31320001534248304,-0.3229451521892958,0.48778733955219505,0.24875414054258435,0.59219646667773,1.381293396416559,0.2416441405185629,0.06945332599592413,1.5358455302712284,1.5415648894285192,0,0
-0.4492091114621741,0.2234529786712209,-0.42826967149295525,-0.22475501844298018,0.4317573705626123,-0.25358052665410996,0.44572141239251706,0.25488256642586926,0.45503914225084235,1.7600697789759192,0.07414052121082952,-0.05708078240659007,-1.4335269211056354,-1.502136513661146,0,0
-0.40956628041388515,0.30428949510836917,-0.40349259041248015,-0.30842118198782204,0.4092548091317618,-0.27286843474446193,0.4038040616946035,0.2770001216239148,0.5017004241961543,1.336391089879927,3.028273795977481e-07,-0.0,1.5369927831062669,-1.527345431398544,0,0
-0.4729124865647224,0.17739336431812291,-0.4638764381053334,-0.1759932170448919,0.4599851238335896,-0.17361805018253598,0.4768038008364662,0.17221790290930497,0.33561699206948054,2.6874712778796677,0.07415796382558258,-0.1539446644609624,-1.393858270630776,-1.3858379365706912,0,0
-0.4633661681744656,0.24208356331064323,-0.42677012243592827,-0.2671085670801517,0.4786459782992902,-0.1804489495501624,0.4114903123111036,0.20547395331967083,0.47966517171697726,1.8500131684100851,0.10054056095956812,-0.14888994761133098,-1.4455807472557685,-1.30833692696166,1,80.02124719011874
-0.5255196363813068,0.18629897620355212,-0.18724529083420927,-0.3839913370618161,0.4227578038788956,-0.23599873163293938,0.29000712333662054,0.43369109249120336,0.7753898012422805,1.1597136076148438,0.33968585076895913,-0.0,-1.2734311815636008,-1.3299498715479698,0,0
-0.4633661681744656,0.24208356331064323,-0.42677012243592827,-0.2671085670801517,0.4786459782992902,-0.1804489495501624,0.4114903123111036,0.20547395331967083,0.47966517171697726,1.8500131684100851,0.10054056095956812,-0.14888994761133098,-1.4455807472557685,-1.30833692696166,1,78.99124737823882
-0.6644204018086628,0.058519795060453114,-0.030083834141867997,-0.3309281044017628,0.47394607790734933,-0.12295659326836299,0.22055815804318155,0.39536490260967266,0.8267876136339648,1.567365331521206,0.5654881034141995,0.44899664272296763,-1.3909428269914184,-1.3633001003533942,1,92.64525376665955
-0.5166131735135879,0.11903778740892047,-0.4238416319037585,-0.1267352163785248,0.45987361495626766,-0.19710605971993164,0.4805811904610787,0.20480348868953593,0.4007819365015245,2.481141261562464,0.41241044159784696,-0.0,-1.1304003405998508,-1.295659212586433,1,111.44051908024717
-0.393889464178504,0.31026572323216883,-0.4008736332623822,-0.3319257729520547,0.4318553970995359,-0.2713722257987021,0.3629077003413503,0.29303227551858796,0.5347715019241579,1.2966989368589141,0.13243288658426863,-0.31099828060684154,-1.3432623649275812,-1.2479055220338204,1,163.37782153294498
-0.4430859129630977,-0.2516098458229415,-0.4328871292542439,0.23084073202788793,0.3943482719737638,0.2470277397875838,0.4816247702435777,-0.22625862599253024,0.4610955024624359,1.8544744918786493,0.20349304525785442,0.0,1.5300948353206116,1.5222515004101076,0,0
-0.1723089938671518,0.3342773726965036,-0.206874672831963,0.010197397195749473,-0.3852093733743301,-0.2809864469475663,0.764393040073445,-0.06348832294468675,0.7073087719699194,1.868470689716194,1.2775560442295824,-0.13863973713734107,0.5819051181278024,-1.1368429573943073,0,0
-0.45711666146964075,0.22496576406635277,-0.41893217165705604,-0.2291817138643416,0.4282052880928179,-0.2513420632646279,0.447843545033879,0.2555580130626167,0.45872439774975327,1.7852832318756555,0.12260470461902422,-0.0,-1.4607609960852943,-1.5207063348084155,1,167.87737230123616
-0.3959559459327438,0.266127174305896,-0.416409056758224,-0.23156174799385576,0.3709025770736665,-0.3431068152666195,0.44146242561730137,0.3085413889545793,0.559030410942589,1.3164641240756416,0.06678577268586244,0.0996686524915925,-1.5707963267921865,1.3794490802899109,1,214.4837320679667
-0.41963959806269313,0.30730804219908986,-0.3984245669908277,-0.2886406512004093,0.3695437825270949,-0.2827394720850642,0.44852038252642584,0.26407208108638375,0.51737880609382,1.4567696686049123,0.17902292999972677,0.027899735482583073,-1.5707963267912866,-1.5133516102735922,1,175.21072094593026
-0.45711666146964075,0.22496576406635277,-0.41893217165705604,-0.2291817138643416,0.4282052880928179,-0.2513420632646279,0.447843545033879,0.2555580130626167,0.45872439774975327,1.7852832318756555,0.12260470461902422,-0.0,-1.4607609960852943,-1.5207063348084155,1,195.73538184635936
-0.3959559459327438,0.266127174305896,-0.416409056758224,-0.23156174799385576,0.3709025770736665,-0.3431068152666195,0.44146242561730137,0.3085413889545793,0.559030410942589,1.3164641240756416,0.06678577268586244,0.0996686524915925,-1.5707963267921865,1.3794490802899109,1,176.47061870180877
-0.45711666146964075,0.22496576406635277,-0.41893217165705604,-0.2291817138643416,0.4282052880928179,-0.2513420632646279,0.447843545033879,0.2555580130626167,0.45872439774975327,1.7852832318756555,0.12260470461902422,-0.0,-1.4607609960852943,-1.5207063348084155,1,182.51739025625747
-0.44973060519264935,0.232117898030638,-0.43933032140564926,-0.22900914230969077,0.4331537382163253,-0.22841224974161553,0.45590718838197336,0.22530349402066827,0.41761407537141143,1.963965923373803,0.07265738351982765,-0.07927277923238314,-1.4696574474752946,-1.461449034133221,1,218.78125890349153
-0.3959559459327438,0.266127174305896,-0.416409056758224,-0.23156174799385576,0.3709025770736665,-0.3431068152666195,0.44146242561730137,0.3085413889545793,0.559030410942589,1.3164641240756416,0.06678577268586244,0.0996686524915925,-1.5707963267921865,1.3794490802899109,1,213.46545503790475
-0.45711666146964075,0.22496576406635277,-0.41893217165705604,-0.2291817138643416,0.4282052880928179,-0.2513420632646279,0.447843545033879,0.2555580130626167,0.45872439774975327,1.7852832318756555,0.12260470461902422,-0.0,-1.4607609960852943,-1.5207063348084155,1,171.5301224477796
-0.45525091631353315,0.2450064983790591,-0.39859481468391345,-0.2537249246719678,0.4144936371053087,-0.2645190233922397,0.43935209389213786,0.27323744968514835,0.48107855957261625,1.6635838990206437,0.1593088511689647,0.015383401780674027,-1.4597895774950742,-1.5046107184680846,1,164.83596029105857
-0.45525091631353315,0.2450064983790591,-0.39859481468391345,-0.2537249246719678,0.4144936371053087,-0.2645190233922397,0.43935209389213786,0.27323744968514835,0.48107855957261625,1.6635838990206437,0.1593088511689647,0.015383401780674027,-1.4597895774950742,-1.5046107184680846,1,185.68209154913322
-0.3959559459327438,0.266127174305896,-0.416409056758224,-0.23156174799385576,0.3709025770736665,-0.3431068152666195,0.44146242561730137,0.3085413889545793,0.559030410942589,1.3164641240756416,0.06678577268586244,0.0996686524915925,-1.5707963267921865,1.3794490802899109,1,181.12881505959325
-0.4882429615631659,0.22252627797194896,-0.4147767785147827,-0.24462199864486128,0.4588627778774962,-0.17888186541922668,0.44415696220045237,0.20097758609213898,0.442438813953595,2.027419958176467,0.11729311665165035,0.027142653757230146,-1.5170583831080227,-1.418844469949479,1,212.92924266734428
-0.44973060519264935,0.232117898030638,-0.43933032140564926,-0.22900914230969077,0.4331537382163253,-0.22841224974161553,0.45590718838197336,0.22530349402066827,0.41761407537141143,1.963965923373803,0.07265738351982765,-0.07927277923238314,-1.4696574474752946,-1.461449034133221,1,242.9681928716034
-0.38899590826013114,0.29866569245938623,-0.426337752576943,-0.2819015443413612,0.40275283122834754,-0.29619740128820277,0.4125808296087265,0.27943325317017775,0.4990417032013083,1.4102716927697614,0.047159322199587975,0.13874249093630409,1.3850638353868927,1.391811384980591,1,174.69595601291851
-0.27251798732421806,0.39604506607721246,-0.4694957669401473,-0.24107998110070772,0.2859466531590795,-0.38453843464314463,0.45606710110528575,0.22957334966663986,0.7224791036756781,1.1857320417242776,0.029603142088619517,-0.1703333360789656,-1.5126427926999826,-1.4756778704084965,1,191.20633929376666
-0.3884651134567141,0.31417800597114676,-0.3923970144522867,-0.3130359217121395,0.3909795678924477,-0.31165466888054766,0.38988256001655314,0.31051258462154047,0.4913447030675501,1.248978295552619,0.008031955791613142,-0.008031955789613878,-1.5707963267916811,-1.564323925264365,1,185.3364293868152
-0.4074660256191193,0.20257343703819453,-0.39036502877344226,-0.2444838339618474,0.44012392668134886,-0.33837510855161845,0.35770712771121266,0.3802855054752714,0.6091295155632768,1.179402259922309,0.07594856897562913,-0.06885648930143907,-1.3511287128078855,1.4496814991219706,1,144.3509593339807
-0.39082518857523,0.274075269819594,-0.3877385295365055,-0.33093852020770836,0.4581332273445969,-0.28628926620914885,0.3204304907671386,0.3431525165972632,0.5722752587917024,1.2594121113725,0.21027466379316367,-0.382116681680229,-1.2363138453134968,-1.2803943842429382,1,147.06981801966893
-0.46282027164557504,0.24821313797971442,-0.3655182622423134,-0.29802186153036014,0.44045100863353204,-0.25444553224685185,0.3878875252543564,0.30425425579749754,0.5440187195802637,1.4997627405295209,0.08247742705737222,-0.21979507152629607,-1.2287325396969964,-1.2404989719592514,1,79.8341672552563
-0.48938213413240006,0.18467477240791466,-0.36885953878468936,-0.24612232029345718,0.47721855067048013,-0.24763097630217454,0.3810231222466092,0.3090785241877171,0.5381157844097987,1.7362748146965223,0.10168885176435404,-0.0,-1.2962210453487466,-1.4399689307143726,1,70.25791219855664
-0.48938213413240006,0.18467477240791466,-0.36885953878468936,-0.24612232029345718,0.47721855067048013,-0.24763097630217454,0.3810231222466092,0.3090785241877171,0.5381157844097987,1.7362748146965223,0.10168885176435404,-0.0,-1.2962210453487466,-1.4399689307143726,1,80.46471100700452
-0.46282027164557504,0.24821313797971442,-0.3655182622423134,-0.29802186153036014,0.44045100863353204,-0.25444553224685185,0.3878875252543564,0.30425425579749754,0.5440187195802637,1.4997627405295209,0.08247742705737222,-0.21979507152629607,-1.2287325396969964,-1.2404989719592514,1,72.27278281113671
-0.46282027164557504,0.24821313797971442,-0.3655182622423134,-0.29802186153036014,0.44045100863353204,-0.25444553224685185,0.3878875252543564,0.30425425579749754,0.5440187195802637,1.4997627405295209,0.08247742705737222,-0.21979507152629607,-1.2287325396969964,-1.2404989719592514,1,95.82056819170289
-0.18774353532187915,0.4145109329315312,-0.5124620089118991,-0.1268300637186684,0.12045959399903759,-0.3910588137054012,0.5797459502347406,0.1033779444925384,0.8798496889245995,1.3558204782470489,0.2082563449483497,-0.16789592325177083,-1.5477234988970645,-1.558058162298464,1,107.12062804524595
-0.3874388736065581,0.3176650954387018,-0.40858366169096455,-0.3150136128604627,0.40596059647497074,-0.28929273964305424,0.3900619388225519,0.2866412570648152,0.5153448091089251,1.2874532483567867,0.06100660768662587,-0.3648145527237774,-1.2709569134344076,-1.1995095466012333,1,166.4214795587793
-0.24908094543652828,0.3760633229423052,-0.4767442083395196,-0.12110076266647178,0.12379062774236944,-0.39609995151959,0.6020345260336784,0.14113739124375668,0.8329933199534676,1.3970863029259932,0.2979455282118146,-0.0,-1.5707963267867,1.4106879292847363,1,105.97141773859596
-0.3716946052071788,0.34307042627013046,-0.41404677990392486,-0.31580324361993845,0.3798059094046514,-0.2996156620642155,0.4059354757064523,0.2723484794140235,0.5402647179987456,1.2445212080597918,0.018539163297665504,0.12034585222442074,1.3658707887880959,1.4769551141694472,1,155.6413306413883
-0.4180297811950593,0.29133675102261347,-0.4672512170812156,-0.2727214395804523,0.4348440982071941,-0.17591686985309057,0.45043690006908077,0.15730155841092947,0.5176294988977304,1.6269387315680062,0.04028212920407598,-0.13706617431096554,1.513918240244273,-1.3676454348050606,1,174.9658813799342
-0.43967190282307717,0.24509740264495486,-0.368327519816473,-0.3041888089053931,0.4501583749712973,-0.2753979085975604,0.35784104766825287,0.3344893148579987,0.5683151322895689,1.393237445727867,0.021064915918639467,-0.20401797959352594,-1.2727771265192402,-1.3492382593065626,1,163.6543469293897
-0.4112247850184351,0.27264938086870477,-0.4470918741317506,-0.2746520868500127,0.4535627541611418,-0.2353084834434245,0.40475390498904396,0.23731118942473237,0.49292959997235597,1.6456280156657261,0.16834903224451336,-0.39514788030003917,-1.2847448850748715,-1.1978086049919352,1,172.48979441827407
-0.4112247850184351,0.27264938086870477,-0.4470918741317506,-0.2746520868500127,0.4535627541611418,-0.2353084834434245,0.40475390498904396,0.23731118942473237,0.49292959997235597,1.6456280156657261,0.16834903224451336,-0.39514788030003917,-1.2847448850748715,-1.1978086049919352,1,171.97605346431624
-0.43967190282307717,0.24509740264495486,-0.368327519816473,-0.3041888089053931,0.4501583749712973,-0.2753979085975604,0.35784104766825287,0.3344893148579987,0.5683151322895689,1.393237445727867,0.021064915918639467,-0.20401797959352594,-1.2727771265192402,-1.3492382593065626,1,201.03631645862197
-0.43021367073175476,0.2701913980147905,-0.4095536898492774,-0.28816242300387934,0.4376475190048977,-0.2534490529725074,0.40211984157613456,0.27142007796159634,0.48563993504370917,1.5509083794423308,0.030600824894220766,-0.330547981391927,-1.2442148921013843,-1.204739810944572,1,170.72704151729667
-0.38582168392679567,0.27899169090062753,-0.449711356597093,-0.2923345720564958,0.4754678134423829,-0.24808317933772264,0.3600652270815058,0.26142606049359096,0.5285791577844268,1.6193534763321535,0.334103632116363,-0.3553770181420315,-1.374577236987532,-1.30323794265519,1,155.5955789233228
-0.3251957127453334,0.30127828956816555,-0.4666064001660902,-0.21022323851077096,0.341486720316262,-0.3756950238072206,0.45031539259516157,0.2846399727498261,0.6207315841516837,1.3544430402868963,0.10638485443636272,-0.3200921811258779,-1.3184528213761353,-1.4989776146068072,1,174.20355229454077
-0.4180297811950593,0.29133675102261347,-0.4672512170812156,-0.2727214395804523,0.4348440982071941,-0.17591686985309057,0.45043690006908077,0.15730155841092947,0.5176294988977304,1.6269387315680062,0.04028212920407598,-0.13706617431096554,1.513918240244273,-1.3676454348050606,1,134.6476562662289
-0.38582168392679567,0.27899169090062753,-0.449711356597093,-0.2923345720564958,0.4754678134423829,-0.24808317933772264,0.3600652270815058,0.26142606049359096,0.5285791577844268,1.6193534763321535,0.334103632116363,-0.3553770181420315,-1.374577236987532,-1.30323794265519,1,185.93741685537876
-0.4180297811950593,0.29133675102261347,-0.4672512170812156,-0.2727214395804523,0.4348440982071941,-0.17591686985309057,0.45043690006908077,0.15730155841092947,0.5176294988977304,1.6269387315680062,0.04028212920407598,-0.13706617431096554,1.513918240244273,-1.3676454348050606,1,138.8684122642932
-0.41189730092058885,-0.15495701728121367,-0.5149621559170883,0.16120529349653723,0.5188250734725893,0.19620565427391704,0.4080343833650878,-0.20245393048924065,0.4121291876019441,2.5931578441889145,0.5861922411901296,-1.3203532372053721,-0.5317240672551332,-0.6234308114060871,1,127.4531087261699
-0.8031887660062806,-0.027507604786761102,0.29322872546643236,-0.16714535911117692,0.31001319595267324,-0.10904535579403112,0.19994684458717507,0.30369831969196914,0.5241441070196337,2.3642708016992833,1.1835146001539885,1.1768032915250537,0.5485494024752472,1.5192116958918405,1,292.67963355361667
-0.8031887660062806,-0.027507604786761102,0.29322872546643236,-0.16714535911117692,0.31001319595267324,-0.10904535579403112,0.19994684458717507,0.30369831969196914,0.5241441070196337,2.3642708016992833,1.1835146001539885,1.1768032915250537,0.5485494024752472,1.5192116958918405,1,152.28397800998343
0.42083376048855364,0.29966555972095543,-0.5101764017193385,0.16204108776484297,-0.3642469001434595,-0.20295679277237036,0.45358954137424434,-0.25874985471342804,0.5381817585303476,1.725894232468094,0.21487469923016386,-1.4826277149638127,-0.3217505543924755,0.0,1,129.62143088417034
-0.4181349510842462,0.27482121342232735,-0.40123078481532465,-0.2887325031621386,0.4210874861788217,-0.2839454251357953,0.39827824972074916,0.2978567148756065,0.4922788332338736,1.4306816618117018,0.009197719183037694,-0.004672863184317589,-1.5419581699205753,-1.5643448033987024,1,161.52388002420346
-0.4148510134022521,0.2919887246197678,-0.3986441683948283,-0.28841845795310456,0.3936737152755936,-0.2927347941319122,0.4198214665214869,0.28916452746524896,0.4880526294661997,1.4274652090370374,0.07282095260040798,0.31445141395437276,1.2897085709282474,1.2876444782592094,1,154.2465321668909
-0.41340339924526975,0.33412499049435257,-0.37332867181795143,-0.3211766551672236,0.35240358677675376,-0.29109323700385875,0.4343284842864673,0.2781449016767298,0.5555200983581349,1.2936513880960703,0.20401730813490254,-0.0710101112409754,-1.4801364395903946,-1.3727682559572596,1,151.10082014628657
-0.3849930362976492,0.2955585797094817,-0.4029204932619715,-0.2943870034869455,0.40077510884871664,-0.3206789974201205,0.38713842071090404,0.3195074211975843,0.5145150091740414,1.2554087039928674,0.05167687400963508,0.008733402408464739,1.56438615818779,1.5006773568182112,1,183.68319707759954
-0.3849930362976492,0.2955585797094817,-0.4029204932619715,-0.2943870034869455,0.40077510884871664,-0.3206789974201205,0.38713842071090404,0.3195074211975843,0.5145150091740414,1.2554087039928674,0.05167687400963508,0.008733402408464739,1.56438615818779,1.5006773568182112,1,179.36349274579044
-0.4181349510842462,0.27482121342232735,-0.40123078481532465,-0.2887325031621386,0.4210874861788217,-0.2839454251357953,0.39827824972074916,0.2978567148756065,0.4922788332338736,1.4306816618117018,0.009197719183037694,-0.004672863184317589,-1.5419581699205753,-1.5643448033987024,1,164.41699082374058
-0.428424957079469,0.11902761527952699,-0.2764201466712123,-0.30974788020203625,0.7599232397232678,-0.0295970504398427,-0.0550781359725865,0.22031731536235197,0.6299020193368308,2.2418906329766473,0.9325701836766305,0.09901291488088271,1.5484536765975525,1.5475447039921815,1,124.67920569657767
-0.4738177810590034,0.24792001506582576,-0.4158841253642452,-0.2505495200642509,0.414732534182541,-0.19955245752173756,0.47496937224070757,0.2021819625201627,0.4729414912426957,1.903400481740821,0.26453712091027237,0.13658501957650615,1.4885956072113185,-1.5435078170298815,1,267.12616107445234
-0.447262148841117,0.258796810805769,-0.37711015643418944,-0.30270989539403087,0.4416752588828596,-0.25789805115551606,0.38269704639244684,0.3018111357437779,0.537381358334269,1.4704821866178073,0.019305726663261257,-0.17985349979407828,-1.3213266758910907,-1.3184322735690412,1,86.05072928568688
-0.447262148841117,0.258796810805769,-0.37711015643418944,-0.30270989539403087,0.4416752588828596,-0.25789805115551606,0.38269704639244684,0.3018111357437779,0.537381358334269,1.4704821866178073,0.019305726663261257,-0.17985349979407828,-1.3213266758910907,-1.3184322735690412,1,97.89305138220014
-0.4715860324053753,0.161287187015563,0.222073180604564,0.3187618533268336,0.5963330282358633,-0.1709355024102177,-0.34682017643505203,-0.309113537932179,0.6705200980330749,1.7008455427753786,0.0777649396031329,-0.07776493960323527,-1.0636978223960285,-1.4570043196417874,1,87.11254210774544
-0.4738177810590034,0.24792001506582576,-0.4158841253642452,-0.2505495200642509,0.414732534182541,-0.19955245752173756,0.47496937224070757,0.2021819625201627,0.4729414912426957,1.903400481740821,0.26453712091027237,0.13658501957650615,1.4885956072113185,-1.5435078170298815,1,197.83491272766932
-0.4738177810590034,0.24792001506582576,-0.4158841253642452,-0.2505495200642509,0.414732534182541,-0.19955245752173756,0.47496937224070757,0.2021819625201627,0.4729414912426957,1.903400481740821,0.26453712091027237,0.13658501957650615,1.4885956072113185,-1.5435078170298815,1,241.56098426804263
-0.4738177810590034,0.24792001506582576,-0.4158841253642452,-0.2505495200642509,0.414732534182541,-0.19955245752173756,0.47496937224070757,0.2021819625201627,0.4729414912426957,1.903400481740821,0.26453712091027237,0.13658501957650615,1.4885956072113185,-1.5435078170298815,1,182.3321153400505
-0.4738177810590034,0.24792001506582576,-0.4158841253642452,-0.2505495200642509,0.414732534182541,-0.19955245752173756,0.47496937224070757,0.2021819625201627,0.4729414912426957,1.903400481740821,0.26453712091027237,0.13658501957650615,1.4885956072113185,-1.5435078170298815,1,190.22684121568753
-0.4738177810590034,0.24792001506582576,-0.4158841253642452,-0.2505495200642509,0.414732534182541,-0.19955245752173756,0.47496937224070757,0.2021819625201627,0.4729414912426957,1.903400481740821,0.26453712091027237,0.13658501957650615,1.4885956072113185,-1.5435078170298815,1,186.86364981792607
-0.355772496701464,0.2946593450558294,-0.45064020988151876,-0.22111922963060127,0.3482224229555961,-0.3535745891981956,0.4581902836273867,0.2800344737729675,0.589134766377305,1.4020100545257166,0.010051947403776402,0.39085976039865106,1.1623486487437602,1.016004099659545,1,215.50626600636116
-0.37105185224674436,0.29981835445843796,-0.42943297234418776,-0.25193935407510554,0.3651570035645729,-0.3405995806054125,0.4353278210263592,0.2927205802220801,0.5538083216145427,1.3503069574157527,0.004931139366411655,0.008733402408464739,1.567766033043064,1.4654476158114103,1,184.9466976189559
-0.3605519173068606,0.30725524510117286,-0.46101153659260596,-0.2502151117551189,0.37734788114571144,-0.3105764470067201,0.4442155727537551,0.2535363136606661,0.5592779967093989,1.4651678133537374,0.06030717114570441,0.1588240955469455,1.3055548887226027,1.3003315590188413,1,183.31129040540105
-0.46942339451588583,0.23904801265286554,-0.4276185992391834,-0.25843376462304446,0.4672568926761199,-0.17688138089788397,0.42978510107894924,0.19626713286806285,0.46598137401158884,1.8828434125186264,0.016249203275683365,-0.009755788045562106,-1.5680863063262558,-1.4296643829798437,1,162.71491624896703
-0.4488139645222119,0.24045827720705945,-0.4138876325481465,-0.2441121871194309,0.42122570800823467,-0.26038801091806685,0.4414758890621237,0.26404192083043826,0.46689464715161966,1.6976335630119637,0.11054699024073905,0.004950454608867949,-1.4843074268736534,-1.5302779743138515,1,198.60632895261676
-0.5140190482054842,0.2661462277541193,-0.2810456455160325,-0.39500610837706795,0.4546866333517413,-0.15809481119782415,0.3403780603697754,0.2869546918207728,0.6606193017509602,1.420471207840976,0.08737864244192177,0.027265968455677046,-1.5707963267921494,-1.2836231805540592,1,200.15979666582774
-0.4532814604580659,0.24411353970166638,-0.3880421444546643,-0.288142271977929,0.4573639430851843,-0.24609546171947452,0.38395966182754593,0.2901241939957372,0.5265956992621185,1.5747850811475554,0.01408357582440175,-0.014083575822926301,-1.4844444366346472,-1.4896496073422028,1,171.95379812450284
-0.4532814604580659,0.24411353970166638,-0.3880421444546643,-0.288142271977929,0.4573639430851843,-0.24609546171947452,0.38395966182754593,0.2901241939957372,0.5265956992621185,1.5747850811475554,0.01408357582440175,-0.014083575822926301,-1.4844444366346472,-1.4896496073422028,1,172.10771192750613
-0.6718985957141173,0.03713434811392484,-0.014753381434728092,-0.27207971529987074,0.43998732011396174,-0.19147417741540618,0.24666465703488366,0.4264195446013521,0.7766514893005065,1.591821179574785,0.8277668081292757,0.8277668081318578,-1.4430049196526518,1.4731695295595295,1,163.73955316243186
-0.43811304882836216,-0.2439833381124299,0.43723471835943845,-0.24339948453048393,0.4359497584164891,0.24290656170066702,-0.43507142794756537,0.24447626094224684,0.4275720193939596,1.7920576622547175,0.00246913078711764,-1.5683271960077438,-0.00444441518097929,0.00442474988433065,1,228.90086109409197
-0.48650968845641174,0.2749750152936663,-0.327779162386164,-0.3568209698547592,0.4414525335138466,-0.1995973349340104,0.3728363173287292,0.2814432894951033,0.5922851203104996,1.4538840431320454,0.1044571234744438,0.10445712347445738,1.5108681716803314,-1.436637724762814,1,77.48632074675803
-0.48650968845641174,0.2749750152936663,-0.327779162386164,-0.3568209698547592,0.4414525335138466,-0.1995973349340104,0.3728363173287292,0.2814432894951033,0.5922851203104996,1.4538840431320454,0.1044571234744438,0.10445712347445738,1.5108681716803314,-1.436637724762814,1,88.2340074253433
-0.5140190482054842,0.2661462277541193,-0.2810456455160325,-0.39500610837706795,0.4546866333517413,-0.15809481119782415,0.3403780603697754,0.2869546918207728,0.6606193017509602,1.420471207840976,0.08737864244192177,0.027265968455677046,-1.5707963267921494,-1.2836231805540592,1,316.72202731532093
-0.5307631352856773,0.18717573370401944,-0.28362119238602446,-0.30327825125381175,0.46619121173618994,-0.22963300504952727,0.3481931159355119,0.34573552259931967,0.6470371031199464,1.5361066084977621,0.26448838254963175,-0.0,-1.2019342559688853,-1.2825060828415655,1,90.8646473848301
-0.33694995272680334,0.34075688015080435,-0.49866540273873505,-0.23906296992449913,0.33039110827188545,-0.2687351609017091,0.505224247193653,0.1670412506754039,0.6118627517287845,1.6470923036153204,0.10954543196508466,0.042080407442333004,1.2924966677971228,1.460139105628318,1,89.60426204972592
-0.3667365747325931,0.2547554785321574,-0.47567187079031814,-0.2109469835896995,0.4016037431005659,-0.3162574605502638,0.4408047024223453,0.2724489656078059,0.5395356480736215,1.5567633246228338,0.16329438078704892,0.1948639196901218,1.2656188405142041,1.1242410701952543,1,162.56711961199358
-0.42273920483246863,0.3010191964050485,-0.3759904442618191,-0.3171164729677604,0.39663292862751437,-0.2831714869258633,0.40209672046677336,0.29926876348857523,0.5098605068075871,1.3343930243277524,0.08486553013373829,-0.1447099867074678,-1.3945078742836126,-1.3484792414470217,1,137.72554959472117
-0.4108561344900587,0.26377670657578417,-0.43402266929841693,-0.2524655726189991,0.4159617650588554,-0.28174120226027227,0.4289170387296202,0.2704300683034872,0.47649051500176093,1.562811674622237,0.021387112853157794,-0.0,1.5603800368673988,1.5180284564665985,1,155.26662515923903
-0.45276636660533953,0.31934681514349456,-0.36757398560172366,-0.34990592946454097,0.40241901342434033,-0.20654153860554636,0.4179213387827228,0.23710065292659277,0.5827101365274334,1.3009848856099981,0.1615429238107489,0.16154292381121277,1.3517858508826623,-1.5115437331286494,1,177.94308198340934
-0.3964503538146411,0.29117326628920276,-0.39041548937351944,-0.2984793253656623,0.3996047008252388,-0.31794398956311326,0.38726114236292175,0.32525004863957285,0.5120178652254843,1.2376592557734865,0.00895442533570724,-0.2559431360058265,-1.2799857357779705,-1.3480728509792623,1,164.28913220224467
-0.4192260323459525,0.295523337009347,-0.4058783106428995,-0.27914893757574044,0.3810650449191014,-0.2836310519974924,0.4440392980697505,0.2672566525638858,0.4999639049876937,1.490561665078754,0.13704255627783296,-0.3245516675201471,-1.2173266292077594,-1.190289949679795,1,247.48811563947817
-0.47499459286052337,0.14574806703978233,-0.44188198886933644,-0.16407291135440222,0.4834130515023506,-0.224516112394236,0.4334635302275093,0.2428409567088559,0.4479185876754312,2.0506967963535043,6.172750943067165e-07,-0.0,-1.3990934361115002,-1.5707963267891163,1,100.23890734487756
-0.42335052639023096,0.3130429479884494,-0.4087323372878007,-0.2688193514955901,0.33312096328086666,-0.2696416547971623,0.498961900397165,0.225418058304303,0.5374172500468473,1.5828673391713841,0.34836024164362583,-0.1853479499965034,-1.3592221087777687,-1.2656092095659515,1,170.98439753091372
-0.4144180323972231,0.26818088609348295,0.2561841777117228,0.37586421616377763,0.476486516107046,-0.2392238148720415,-0.31825266142154574,-0.4048212873852191,0.6955162660631469,1.1411823896488618,0.046209855033427304,0.046209855033091454,-1.432294844873047,1.5072979922150502,1,95.47252479947791
-0.42335052639023096,0.3130429479884494,-0.4087323372878007,-0.2688193514955901,0.33312096328086666,-0.2696416547971623,0.498961900397165,0.225418058304303,0.5374172500468473,1.5828673391713841,0.34836024164362583,-0.1853479499965034,-1.3592221087777687,-1.2656092095659515,1,167.22781100580076
-0.4192260323459525,0.295523337009347,-0.4058783106428995,-0.27914893757574044,0.3810650449191014,-0.2836310519974924,0.4440392980697505,0.2672566525638858,0.4999639049876937,1.490561665078754,0.13704255627783296,-0.3245516675201471,-1.2173266292077594,-1.190289949679795,1,167.54631872182833
-0.47499459286052337,0.14574806703978233,-0.44188198886933644,-0.16407291135440222,0.4834130515023506,-0.224516112394236,0.4334635302275093,0.2428409567088559,0.4479185876754312,2.0506967963535043,6.172750943067165e-07,-0.0,-1.3990934361115002,-1.5707963267891163,1,295.5959322049617
-0.4144180323972231,0.26818088609348295,0.2561841777117228,0.37586421616377763,0.476486516107046,-0.2392238148720415,-0.31825266142154574,-0.4048212873852191,0.6955162660631469,1.1411823896488618,0.046209855033427304,0.046209855033091454,-1.432294844873047,1.5072979922150502,1,317.77889539557833
-0.36009049207197413,0.3002955458507871,-0.5028073951292363,-0.25746741545378965,0.43823973588877374,-0.23087401373261468,0.4246581513124368,0.18804588333561717,0.5248812345237813,1.6871811079332928,0.2829083460731033,-0.558599315346005,-1.290948082110534,-1.1206209565482026,1,174.3933435357537
-0.553510469379503,-0.043423865053267896,0.1953078374755303,-0.1852844999733093,0.6926102586057203,0.0863020731215942,-0.3344076267017476,0.142406291904983,0.4083422881294319,3.802733426968083,0.13265316347698258,1.313788168777361,1.1407181917466136,0.9371633187384054,1,186.53448335111295
-0.4144180323972231,0.26818088609348295,0.2561841777117228,0.37586421616377763,0.476486516107046,-0.2392238148720415,-0.31825266142154574,-0.4048212873852191,0.6955162660631469,1.1411823896488618,0.046209855033427304,0.046209855033091454,-1.432294844873047,1.5072979922150502,1,314.801180333858
-0.375028851977536,0.32337952523064944,-0.42064849921562025,-0.2893733087721248,0.37579003321351573,-0.31364704536793614,0.4198873179796405,0.2796408289094115,0.5354436490931767,1.3194674382348708,0.0001226848329374853,-0.2412403627859047,-1.3734007669391883,-1.3489015856525313,1,108.51108115185062
-0.2961513668434912,0.3623993616952453,-0.4931499670530309,-0.19109479824876383,0.2309412510821436,-0.33210155477634756,0.5583600828143785,0.16079699132986608,0.7302746933120062,1.5140513495786285,0.24440577967620264,0.1697782739699245,1.2514098341951156,1.2907710439694073,1,103.81212028657035
-0.5648346366217974,0.035554808000393644,0.1288771651100044,0.4941482225594116,0.4908359829212431,-0.13316697572028116,-0.05487851140945003,-0.39653605483952414,0.9402692229389799,1.1852354940247898,0.1344775699770251,-0.13447756997746194,-1.4971045079138727,-1.1525719972090402,1,87.04705922932581
-0.553510469379503,-0.043423865053267896,0.1953078374755303,-0.1852844999733093,0.6926102586057203,0.0863020731215942,-0.3344076267017476,0.142406291904983,0.4083422881294319,3.802733426968083,0.13265316347698258,1.313788168777361,1.1407181917466136,0.9371633187384054,1,222.35773155638293
0.17469669871213667,0.25820098233610034,-0.7186123457576548,0.003558029177712641,0.22669146126859704,-0.4472004348973432,0.31722418577692113,0.18544142338353017,0.7306805573666644,1.4684355690651798,1.1509678920788722,-0.7853981633996222,1.5080373229042556,1.535097214133407,1,233.10993436667871
-0.553510469379503,-0.043423865053267896,0.1953078374755303,-0.1852844999733093,0.6926102586057203,0.0863020731215942,-0.3344076267017476,0.142406291904983,0.4083422881294319,3.802733426968083,0.13265316347698258,1.313788168777361,1.1407181917466136,0.9371633187384054,1,241.42724218863125
-0.48703633116212586,0.2480176492784535,-0.41101353271784785,-0.27815025745313166,0.4712865229845019,-0.1435074091492609,0.42676334089547174,0.1736400173239391,0.5042387301393694,1.8213251737443925,0.004016042672440083,0.004016042665858114,1.5588351747658793,-1.3501066713679664,1,209.37503319982898
-0.3608382638007674,0.026410302526693474,-0.33444021526666756,-0.04499560162188103,-0.15885107942911705,0.0211186112469001,0.854129558496552,-0.002533312151712504,0.0867558758625647,17.014949068767926,1.9482481439364165,-0.39060704371839683,-1.1861916119522253,-0.802264033884257,1,255.7704725388225
0.8052179427772751,0.05332982572620239,-0.29840978513055705,0.08542352982237343,-0.4529197256992063,0.062471581875519544,-0.05388843194751173,-0.2012249374240954,0.36064323425382927,4.389130981798335,0.5548870899457433,-0.8678772898900334,0.6913369287525248,0.5507447886027171,1,149.4030350874511
-0.48025079071502147,0.198077926628653,-0.4281576093027872,-0.2072596822342835,0.4490120280977594,-0.20889193003962941,0.45939637192004923,0.21807368564525995,0.4011970293210423,2.2007560518141402,0.1521338357973443,0.00564965740361629,-1.4467678095437508,-1.4699054798475137,1,214.97841839402193
-0.47519557886185076,0.23317958577918577,-0.38316151871580745,-0.28136339771122354,0.4650140938804338,-0.22260696480424144,0.3933430036972244,0.2707907767362792,0.5191406956605729,1.7028027972134387,0.03274263650565234,-0.12591262568737527,-1.3370531459184845,-1.3111666973793414,1,82.67464632011857
-0.4543727863504025,0.08991666972318701,-0.5201289747441596,-0.0917483042134531,0.5191079498653228,-0.12084254483707435,0.45539381122923955,0.12267417932734044,0.2530715715116021,4.267620337680884,0.6031984229885586,-0.3832841477512796,-1.5068169146297767,-1.570796326791722,1,239.19302502532094
0.035759015627573845,0.4631032559198275,0.49871744983491656,0.0024172664597655502,3.6739594643360426e-05,-0.49872330665127557,-0.5345132050571338,0.03320278427168256,0.9937886891379106,1.0742380124438171,4.290395989682698e-07,-0.0,-1.5707963267853728,1.428899272200066,1,297.16470667201617
-0.4543727863504025,0.08991666972318701,-0.5201289747441596,-0.0917483042134531,0.5191079498653228,-0.12084254483707435,0.45539381122923955,0.12267417932734044,0.2530715715116021,4.267620337680884,0.6031984229885586,-0.3832841477512796,-1.5068169146297767,-1.570796326791722,1,189.389411022954
-0.48025079071502147,0.198077926628653,-0.4281576093027872,-0.2072596822342835,0.4490120280977594,-0.20889193003962941,0.45939637192004923,0.21807368564525995,0.4011970293210423,2.2007560518141402,0.1521338357973443,0.00564965740361629,-1.4467678095437508,-1.4699054798475137,1,194.20460681505716
-0.48025079071502147,0.198077926628653,-0.4281576093027872,-0.2072596822342835,0.4490120280977594,-0.20889193003962941,0.45939637192004923,0.21807368564525995,0.4011970293210423,2.2007560518141402,0.1521338357973443,0.00564965740361629,-1.4467678095437508,-1.4699054798475137,1,194.0871528004248
0.8052179427772751,0.05332982572620239,-0.29840978513055705,0.08542352982237343,-0.4529197256992063,0.062471581875519544,-0.05388843194751173,-0.2012249374240954,0.36064323425382927,4.389130981798335,0.5548870899457433,-0.8678772898900334,0.6913369287525248,0.5507447886027171,1,224.0135626665715
-0.4543727863504025,0.08991666972318701,-0.5201289747441596,-0.0917483042134531,0.5191079498653228,-0.12084254483707435,0.45539381122923955,0.12267417932734044,0.2530715715116021,4.267620337680884,0.6031984229885586,-0.3832841477512796,-1.5068169146297767,-1.570796326791722,1,179.59509630567337
-0.4543727863504025,0.08991666972318701,-0.5201289747441596,-0.0917483042134531,0.5191079498653228,-0.12084254483707435,0.45539381122923955,0.12267417932734044,0.2530715715116021,4.267620337680884,0.6031984229885586,-0.3832841477512796,-1.5068169146297767,-1.570796326791722,1,213.19576187953817
-0.4894147455977144,0.23958499291218782,-0.3795831061712393,-0.2643038610346343,0.42135386313008355,-0.2231216084396333,0.44764398863887017,0.24784047656207983,0.47990932473481107,1.8296770372075604,0.27037557242899674,0.005101996546941104,-1.4126594006998219,-1.3700968142067045,1,187.95269619395464
-0.4667422304977495,0.26823230906858686,-0.3166766145943,-0.32693839044060424,0.3938488812518951,-0.2824364951246905,0.38956996384015435,0.3411425764967079,0.574944542075359,1.2881539129828197,0.2401288597033337,-0.14285582708220018,-1.2435005427247623,-1.265889508542206,1,107.2916832658626
-0.44804575868367985,0.25143705260098265,-0.30056273488822005,-0.3386927371979735,0.40544992259801643,-0.3063931978233336,0.34315857097388347,0.3936488824203244,0.62505040956706,1.1654338063246286,0.15615128158309924,-0.22990442813347836,-1.1417094190444184,-1.2738340824305574,1,114.0169774761005
-0.4667422304977495,0.26823230906858686,-0.3166766145943,-0.32693839044060424,0.3938488812518951,-0.2824364951246905,0.38956996384015435,0.3411425764967079,0.574944542075359,1.2881539129828197,0.2401288597033337,-0.14285582708220018,-1.2435005427247623,-1.265889508542206,1,142.39837609944263
-0.4292794325094761,-0.08533064109336001,0.4630604890309542,-0.28154620190724666,0.44315207465986306,0.29205768394055914,-0.4769331311813413,0.07481915906004753,0.5391839932259194,1.6387504398143211,0.44830497586015505,1.065138051847949,0.25452035827992997,-0.0,1,104.75156506091373
-0.41417303191603944,0.1912107977022897,-0.46650794397353795,-0.1712568427924357,0.4258845250571655,-0.2897304778357808,0.454796450832412,0.2697765229259268,0.5154762587264572,1.6466360448603767,0.09176608144042626,-0.0,1.5593899773916082,1.3372348649901409,1,142.62209729577665
-0.47135160384304287,0.22835641955956643,-0.4531704846759081,-0.22888674182557756,0.44933477631318575,-0.14155077402413294,0.47518731220576527,0.14208109629014407,0.43279844634822445,2.0700996668412097,0.13063857432467543,0.13063857432497789,1.3834290840571393,-1.5707963267914122,1,287.36968092623147
-0.412809372760368,0.28479001443031315,-0.4280919686265419,-0.2788317947008954,0.419091257597298,-0.2617204739051796,0.42181008378961193,0.25576225417576187,0.4790233323671199,1.5079296766855599,0.021854443484855046,-0.021854443483481815,1.5453472768285534,-1.541284602239766,1,142.86613107224875
-0.412809372760368,0.28479001443031315,-0.4280919686265419,-0.2788317947008954,0.419091257597298,-0.2617204739051796,0.42181008378961193,0.25576225417576187,0.4790233323671199,1.5079296766855599,0.021854443484855046,-0.021854443483481815,1.5453472768285534,-1.541284602239766,1,177.29978999261021
-0.3493162384376752,0.3304643225307529,-0.4618304191166925,-0.24332255378237228,0.3363538777455483,-0.3209869411679682,0.47479277980881934,0.23384517241958758,0.6101643665495633,1.4377486868437102,0.0508884279473729,-0.06940704898151809,1.5435657052732947,1.5632776714863519,1,175.35939507729475
-0.47135160384304287,0.22835641955956643,-0.4531704846759081,-0.22888674182557756,0.44933477631318575,-0.14155077402413294,0.47518731220576527,0.14208109629014407,0.43279844634822445,2.0700996668412097,0.13063857432467543,0.13063857432497789,1.3834290840571393,-1.5707963267914122,1,112.50016665989399
-0.39628645247666605,0.3373051775670244,-0.4268773769728286,-0.24902022543311325,0.2710565829252495,-0.27080929975939266,0.5521072465242451,0.18252434762548153,0.5953347226285223,1.6098689638194308,0.5028432109279102,-0.0,1.5498788759797766,-1.4611461546229652,1,164.2118375396818
-0.3770046673352257,0.34038053324470696,-0.37787008207989814,-0.3600573499733394,0.40247570944192407,-0.29282981805820796,0.3523990399731998,0.3125066347868403,0.546583754391656,1.1140827905204842,0.0837729437439638,-0.08377294374408484,1.5673949793710567,-1.4500628646235576,1,143.80505278710834
-0.40651755156160596,0.31648840128221567,-0.39593803400355954,-0.32381670012280755,0.4057665364263125,-0.271034644083711,0.39668904913885294,0.27836294292430286,0.5201096453287909,1.268589124474444,2.9802322387695424e-07,-0.0,1.5215750316814756,-1.506844245993113,1,267.4861474972004
-0.2874023675920882,0.27092696361147345,0.42316060548461276,0.2350146764732121,0.4147091566338813,-0.31091542583249043,-0.5504673945264059,-0.19502621425219502,0.5664980419559589,1.6733535020393815,0.06900076029895752,-0.4433343763084361,-1.0924438954104012,1.5506648186712029,1,168.24484875507042
-0.5121848772226256,0.21620561955630824,-0.2354806003889984,-0.3825066128343238,0.4417727787425622,-0.2222982045803752,0.30589269886906173,0.38859919785839075,0.7356022916695579,1.237129383201263,0.2140606835640645,0.2140606835653257,1.5573743140615157,-1.5596236073505714,1,87.83015481735593
-0.40651755156160596,0.31648840128221567,-0.39593803400355954,-0.32381670012280755,0.4057665364263125,-0.271034644083711,0.39668904913885294,0.27836294292430286,0.5201096453287909,1.268589124474444,2.9802322387695424e-07,-0.0,1.5215750316814756,-1.506844245993113,1,118.56710439724505
0.11102616924249695,0.47104129799108985,0.5319690029109304,-0.12290907089946371,-0.08006254021094591,-0.37875422182543544,-0.5629326319424814,0.030621994733809266,0.9304425039382184,1.2884295213627461,0.25102962847572,1.1930296688596465,0.15716304415178853,0.340032624187246,1,96.77974721578185
0.11102616924249695,0.47104129799108985,0.5319690029109304,-0.12290907089946371,-0.08006254021094591,-0.37875422182543544,-0.5629326319424814,0.030621994733809266,0.9304425039382184,1.2884295213627461,0.25102962847572,1.1930296688596465,0.15716304415178853,0.340032624187246,1,146.1148443687489
-0.34758162631570005,0.3079920376656256,-0.46921171172297105,-0.2818470700424316,0.4349521659610758,-0.286387932916631,0.3818411720775953,0.26024296529343705,0.5374168990193827,1.5211883347925148,0.3002150810776321,-0.12947986960292207,1.5019398374972839,1.5622858939702626,1,160.0900226813013
-0.41830153459747704,0.3114517818476491,-0.3611743847650231,-0.3502888874298021,0.40926394472602246,-0.27175521823592924,0.3702119746364777,0.31059232381808227,0.5476337341584473,1.2505888148405793,0.019155793354662744,-0.13773619096101786,-1.4485279228516037,-1.3458550617396992,1,137.15088297757364
-0.432945973947853,-0.2504720025961092,0.3860274757961337,-0.27757719710235357,0.46092235223142203,0.2483935009336441,-0.41400385407970286,0.2796556987648187,0.49809283592081954,1.6041198084478248,0.002631572875099182,-1.568164753919615,0.1057267366990337,-0.0,1,236.21344410675388
-0.432945973947853,-0.2504720025961092,0.3860274757961337,-0.27757719710235357,0.46092235223142203,0.2483935009336441,-0.41400385407970286,0.2796556987648187,0.49809283592081954,1.6041198084478248,0.002631572875099182,-1.568164753919615,0.1057267366990337,-0.0,1,291.90374020065275
-0.42236909607112166,0.2276739394592584,-0.4178534198401831,-0.22829416719825155,0.4192867000377546,-0.3079598380163306,0.4209358158735502,0.3085800657553238,0.5199311292605314,1.367802646326366,0.012577953014606675,0.012577953012361736,-1.4785927544939996,1.4724749284599745,1,157.72093278140142
-0.4709801493758579,0.20697693183966726,-0.4229027727167654,-0.2334004240790105,0.47601791222558615,-0.2109114518613674,0.4178650098670371,0.23733494410071063,0.44578548119343797,2.0117418949491204,0.020271170683882057,-0.013604602777867816,-1.4734617814320647,-1.4825904223948387,1,149.50157827731132
0.34386177332962026,0.2759270140526832,-0.43487071399419736,0.25284379901041887,-0.4044162430261049,-0.3078764546836282,0.495425183690682,-0.22089435837947394,0.5431099720195932,1.5935086848637234,0.06673105267181258,-1.055911550393994,-0.5395112353041775,-0.7813496025173879,1,164.80522220116373
-0.2773016734648136,0.4189625103610256,-0.44095471687482735,-0.21863950210336375,0.20661534949763477,-0.40082642680090996,0.5116410408420062,0.2005034185432481,0.7809274637636517,1.1620012353602476,0.2181862629736014,0.040701491478986315,1.5530990595415497,1.5489816060504555,1,143.9862441463202
-0.4709801493758579,0.20697693183966726,-0.4229027727167654,-0.2334004240790105,0.47601791222558615,-0.2109114518613674,0.4178650098670371,0.23733494410071063,0.44578548119343797,2.0117418949491204,0.020271170683882057,-0.013604602777867816,-1.4734617814320647,-1.4825904223948387,1,148.5772197057878
-0.415309141013018,0.25409582753000703,-0.3953805920011388,-0.29879753372287626,0.4562002065534066,-0.27978096832826327,0.35448952646075027,0.3244826745211325,0.5431945276378013,1.3982625086423992,0.13073002829496688,0.18797175506121092,1.396525895546679,1.327671229667597,1,140.80495418758954
-0.2773016734648136,0.4189625103610256,-0.44095471687482735,-0.21863950210336375,0.20661534949763477,-0.40082642680090996,0.5116410408420062,0.2005034185432481,0.7809274637636517,1.1620012353602476,0.2181862629736014,0.040701491478986315,1.5530990595415497,1.5489816060504555,1,168.88944682617466
-0.4151864583851655,0.27666944988859055,-0.4319470704834303,-0.25126806526525564,0.39127752941748245,-0.27740325701170243,0.4558559994511133,0.2520018723883676,0.4919074501530227,1.6023223286006514,0.08964671632183716,-0.0,-1.5707963267912735,1.567371682652427,1,175.5352326716243
-0.4445705158549815,0.2605740271768197,-0.42119719512199666,-0.27555761883868896,0.44746334613668176,-0.22251354380793084,0.4183043648402963,0.23749713546980006,0.4782475827311615,1.6638336285895337,0.019734279923485462,-0.0,1.553376486246602,-1.5004898626727683,1,156.84357926275246
-0.4151864583851655,0.27666944988859055,-0.4319470704834303,-0.25126806526525564,0.39127752941748245,-0.27740325701170243,0.4558559994511133,0.2520018723883676,0.4919074501530227,1.6023223286006514,0.08964671632183716,-0.0,-1.5707963267912735,1.567371682652427,1,149.17147382492664
-0.47601050401316414,0.2633345721774863,-0.39080481324310423,-0.3052705185291995,0.4637728604620624,-0.17871003231058893,0.40304245679420597,0.22064597866230212,0.5343656052020704,1.652787461517844,0.002170980286703666,0.005128160174260693,1.5673833707667713,-1.378656960323033,1,128.51367071551442
-0.3804363960127412,0.2825506848662123,-0.4556311916709307,-0.2349189026559223,0.3819610167509095,-0.3061323766333296,0.4541065709327624,0.2585005944230396,0.5355472112512856,1.5453778477782836,0.01721684170946765,-0.2088653383957484,-1.4214157823286024,-1.4774231511029898,1,184.92933462340613
-0.4151864583851655,0.27666944988859055,-0.4319470704834303,-0.25126806526525564,0.39127752941748245,-0.27740325701170243,0.4558559994511133,0.2520018723883676,0.4919074501530227,1.6023223286006514,0.08964671632183716,-0.0,-1.5707963267912735,1.567371682652427,1,153.88899884439329
-0.3913183683937249,0.28579320556707005,-0.44195990756235043,-0.23217083422650603,0.36103759791644796,-0.3106802026417716,0.4722406780396275,0.25705783130120746,0.5452963390805307,1.5326761814030296,0.09596104236166923,-0.0,-1.5707963267910798,1.5065989504253203,1,152.18135245134198
-0.42392592911109594,0.22994875178888563,-0.39341864984386266,-0.221046730527337,0.3877480496384106,-0.3427032360970296,0.42959652931654807,0.3338012148354809,0.5774117420971597,1.2616656952531908,0.12932256893687144,0.005952310654627067,-1.354711354494786,1.5113054803263892,1,180.71543499062187
-0.4681031377618416,0.260393239236776,-0.41531548009692765,-0.2701124638754064,0.42790685841299747,-0.19133499527001369,0.45551175944577177,0.2010542199086441,0.489982970448011,1.741008422320962,0.1694130438897995,-0.0,-1.5647723032757141,-1.4074600624360962,1,169.2596388332583
-0.4798063599888425,0.1716333978325196,-0.4368411542449677,-0.19084366116860066,0.4812567147791171,-0.2045427678475796,0.4353907994546931,0.22375303118366063,0.4116192775271639,2.2439236549641217,0.011298954174883686,-0.0,-1.4378945318128968,-1.5097022386575742,1,178.45776360637996
-0.42392592911109594,0.22994875178888563,-0.39341864984386266,-0.221046730527337,0.3877480496384106,-0.3427032360970296,0.42959652931654807,0.3338012148354809,0.5774117420971597,1.2616656952531908,0.12932256893687144,0.005952310654627067,-1.354711354494786,1.5113054803263892,1,188.1161552577066
-0.42206849030111454,0.18973578382290862,-0.46969297844777597,-0.15910271515749932,0.40985708308402186,-0.279181552792244,0.48190438566486865,0.2485484841268347,0.5021865120952639,1.803189694617593,3.10788357475613e-07,-0.0,-1.5707963267915068,1.3701434494782652,1,160.7187511680795
-0.4681031377618416,0.260393239236776,-0.41531548009692765,-0.2701124638754064,0.42790685841299747,-0.19133499527001369,0.45551175944577177,0.2010542199086441,0.489982970448011,1.741008422320962,0.1694130438897995,-0.0,-1.5647723032757141,-1.4074600624360962,1,222.3936610764819
-0.4681031377618416,0.260393239236776,-0.41531548009692765,-0.2701124638754064,0.42790685841299747,-0.19133499527001369,0.45551175944577177,0.2010542199086441,0.489982970448011,1.741008422320962,0.1694130438897995,-0.0,-1.5647723032757141,-1.4074600624360962,1,188.3826000921719
-0.4798063599888425,0.1716333978325196,-0.4368411542449677,-0.19084366116860066,0.4812567147791171,-0.2045427678475796,0.4353907994546931,0.22375303118366063,0.4116192775271639,2.2439236549641217,0.011298954174883686,-0.0,-1.4378945318128968,-1.5097022386575742,1,143.07131730691884
-0.4474344967444406,0.2661429651301332,-0.32258132253264876,-0.3670319634989266,0.4485035702174557,-0.2500419793540581,0.3215122490596336,0.3509309777228515,0.6432503297085174,1.2478890142118657,0.013557849935906984,-0.2026586691483764,-1.3240223334569097,-1.2832708916163318,1,158.46866905957515
-0.3000624200987997,0.35182489006946743,-0.4405037390571481,-0.2298668328530952,0.30000542654212753,-0.4129489043552961,0.44056073261382034,0.2909908471389238,0.6738150191326561,1.1520589200283398,0.03982456058975174,0.009008765290457492,1.5672627726005688,1.4068402546621996,1,169.2425275039885
-0.411284176347447,0.2843304796419791,-0.4117884922035961,-0.28482781229815174,0.41251189748493894,-0.2831049322797292,0.41056077106610406,0.28360226493590174,0.4691574018407108,1.4482796813495997,0.004328977291348011,-0.0,1.567820145109046,-1.5707963267919116,1,190.26239032315715
-0.45582232548787155,0.258517695783565,-0.386090174739752,-0.26793655776779196,0.4018810846515338,-0.2685656832786795,0.4400314155760897,0.2779845452629065,0.48962906691834285,1.6391059673590411,0.20137868258268626,0.13574538921127577,1.567539009328148,1.5450140753990176,1,176.8597721493517
-0.502215262202282,0.2355007338724679,-0.36408628988211683,-0.30678841373204174,0.49371128667695985,-0.16501254591151826,0.37259026540743895,0.23630022577109208,0.5408763944758788,1.8338195212302817,0.043707371406217124,0.10894195699042872,1.5474672266500415,-1.4312411882806826,1,205.44737665966574
-0.3848951743822541,0.321419661594695,-0.4242697025725154,-0.2931530957648762,0.3851754594500385,-0.2916895183967025,0.423989417504731,0.26342295256688364,0.5213169463812769,1.3802419809847692,0.005826591022882552,-0.2995319890713051,-1.3370531459225288,-1.2636679023061879,1,150.19086536407653
-0.31733503971022364,0.2929325584768694,-0.5101982059756728,-0.226706976669252,0.40539083354702093,-0.31333758300092424,0.42214241213887543,0.2471120011933068,0.5652502784498006,1.5378303405177638,0.3255086508144079,-0.35691193635352,-1.4749371796817077,-1.5073893748241123,1,154.20285852192816
-0.31733503971022364,0.2929325584768694,-0.5101982059756728,-0.226706976669252,0.40539083354702093,-0.31333758300092424,0.42214241213887543,0.2471120011933068,0.5652502784498006,1.5378303405177638,0.3255086508144079,-0.35691193635352,-1.4749371796817077,-1.5073893748241123,1,149.58022289071124
-0.3848951743822541,0.321419661594695,-0.4242697025725154,-0.2931530957648762,0.3851754594500385,-0.2916895183967025,0.423989417504731,0.26342295256688364,0.5213169463812769,1.3802419809847692,0.005826591022882552,-0.2995319890713051,-1.3370531459225288,-1.2636679023061879,1,165.30287564521143
-0.2921979276964766,0.35886760196016854,-0.46527117284729486,-0.23995969226524,0.31984041098460575,-0.3841770624333226,0.43762868955916573,0.2652691527383941,0.6708949252427379,1.2151353823978415,0.10193651794463991,-0.16878238235259907,-1.5017023360104895,-1.5558161740237821,1,159.8695371763471
-0.30886205112698606,0.3922538734014673,-0.44459254968475787,-0.2839052860472387,0.31638431694268854,-0.3503813228433054,0.43707028386905533,0.24203273548907686,0.6547538514179585,1.1872085217776522,0.0028643048629242527,0.00666656790389045,1.4531601561195895,1.5647541042572168,1,188.0239094391331
-0.30915432435578044,0.378158280913481,-0.44809379063564,-0.24103734616571923,0.279066402925944,-0.374007671066194,0.47818171206547644,0.23688673631843218,0.6967128952846373,1.2314775752122136,0.09435150316433638,-0.003816775359062545,1.5347463779737278,1.5314227467047354,1,200.25086849512607
-0.3562283307408572,0.3210483504538074,-0.4466236904289438,-0.2765205985915426,0.38645241221787024,-0.3141264370479983,0.41639960895193073,0.2695986851857335,0.5481706407933542,1.3587178149422707,0.09887492312135147,0.24497866312782846,1.2207944031066738,1.2421764005722498,1,181.54829646020343
-0.35998892814300576,0.33741562260021407,-0.43253860733370864,-0.27788652045334594,0.353984933581956,-0.3237469487395658,0.43854260189475847,0.2642178465926976,0.5759262921392581,1.3174992762571363,0.025467682050492744,0.14349364718101484,1.3681773669780195,1.4013455726736044,1,201.63367039360776
-0.30915432435578044,0.378158280913481,-0.44809379063564,-0.24103734616571923,0.279066402925944,-0.374007671066194,0.47818171206547644,0.23688673631843218,0.6967128952846373,1.2314775752122136,0.09435150316433638,-0.003816775359062545,1.5347463779737278,1.5314227467047354,1,213.6282401207829
-0.35998892814300576,0.33741562260021407,-0.43253860733370864,-0.27788652045334594,0.353984933581956,-0.3237469487395658,0.43854260189475847,0.2642178465926976,0.5759262921392581,1.3174992762571363,0.025467682050492744,0.14349364718101484,1.3681773669780195,1.4013455726736044,1,179.199375939781
0.4390566268837477,0.23296524307296226,-0.459474175590072,0.20296021295518302,-0.43999752774579026,-0.21287651238042102,0.4604150764521146,-0.2230489436477243,0.4194825491431184,2.0172382325588227,0.044678072364810785,1.5573743140525689,0.0,0.0,1,222.60072096900308
0.4390566268837477,0.23296524307296226,-0.459474175590072,0.20296021295518302,-0.43999752774579026,-0.21287651238042102,0.4604150764521146,-0.2230489436477243,0.4194825491431184,2.0172382325588227,0.044678072364810785,1.5573743140525689,0.0,0.0,1,221.50297964659245
-0.39439276253931377,0.2822841683075074,-0.39989277820367747,-0.294983983058176,0.4155270355391358,-0.3111708381545236,0.37875850520385546,0.3238706529051922,0.5178254143588719,1.284041791319956,0.06736221792744779,-0.06326388021761081,-1.4972114803822394,-1.5707963267915297,1,162.76036136017558
-0.45619259294994197,0.22666699731159076,-0.4325453981852014,-0.21276488333630936,0.4070060938474136,-0.24182310482985608,0.4817318972877298,0.22792099085457473,0.44058449148697587,1.9966711638410026,0.21151709229807553,0.00444441518097929,-1.4868816998533851,-1.5228164768594008,1,243.70230903960928
-0.43197698993055045,0.3079398370527587,-0.3617376888977804,-0.33162106777335965,0.3904262539177198,-0.2731046732539215,0.40328842491061107,0.2967859039745224,0.5342031044857765,1.305998238069681,0.13195159521934574,0.25854372250020335,1.3439974787443305,1.4349914509570139,1,164.8275581328509
-0.5204709341673769,0.19021208263143125,-0.30848499871428553,-0.3042322214615804,0.49330250751387617,-0.21010249991733396,0.33565342536778614,0.3241226387474831,0.6370094692312849,1.6133772584236152,0.1180765382329908,-0.06177696156098487,-1.2208536775778167,-1.259146438977496,1,89.87801695792129
-0.5204709341673769,0.19021208263143125,-0.30848499871428553,-0.3042322214615804,0.49330250751387617,-0.21010249991733396,0.33565342536778614,0.3241226387474831,0.6370094692312849,1.6133772584236152,0.1180765382329908,-0.06177696156098487,-1.2208536775778167,-1.259146438977496,1,75.8195254201242
-0.3956817901689172,0.33932311180602914,-0.3710167013749299,-0.33619366267155315,0.36561614375069235,-0.3041114682243192,0.4010823477931547,0.3009820190898433,0.5382275404955502,1.17948830889989,0.09504249023729812,0.36014555483184774,1.2036224929800279,1.2952313920603251,1,158.91105192946912
-0.3956817901689172,0.33932311180602914,-0.3710167013749299,-0.33619366267155315,0.36561614375069235,-0.3041114682243192,0.4010823477931547,0.3009820190898433,0.5382275404955502,1.17948830889989,0.09504249023729812,0.36014555483184774,1.2036224929800279,1.2952313920603251,1,214.1302868443508
-0.3897468211225897,0.3275854604286923,-0.39029305252273266,-0.3044710056471696,0.36101856307606456,-0.31943181290135353,0.41902131056925784,0.29631735811983084,0.5236403724746225,1.2508388824407108,0.09305730198532848,0.06818680917379573,1.5216555923829649,1.5403874523414625,1,137.115707572024
-0.4027670205251682,0.27240425216657044,-0.3994213153056218,-0.29010099741876294,0.4222071999246142,-0.3050604549385528,0.3799811359061759,0.32275720019074533,0.5179333806249031,1.314034757878671,0.06120954497970785,-0.08490179345017139,-1.4617416683480529,-1.5441866395441723,1,150.02237648319127
-0.3897468211225897,0.3275854604286923,-0.39029305252273266,-0.3044710056471696,0.36101856307606456,-0.31943181290135353,0.41902131056925784,0.29631735811983084,0.5236403724746225,1.2508388824407108,0.09305730198532848,0.06818680917379573,1.5216555923829649,1.5403874523414625,1,149.25569766249043
-0.5461665538296284,0.20966298154652294,-0.24275928974447172,-0.35693138838629523,0.45099389635073533,-0.19373628256157546,0.3379319472233648,0.3410046894013478,0.6959542535238435,1.4287274750736756,0.2832727630240928,0.40489178628877803,1.4265069322655244,1.510060308654338,1,85.6066691054015
-0.48490385820361376,0.22792844103478999,-0.3779394013180009,-0.24989270052748533,0.4187051612405351,-0.2486507307311386,0.44413809828107964,0.27061499022383395,0.4835734833809355,1.7848765215047664,0.2691674927861732,-0.0,-1.3521273809138958,-1.3964829365200924,1,82.3479259515141
-0.4329845511665496,0.26289983318801025,-0.37848612460575787,-0.3164882115120432,0.4540011569636554,-0.2601327676303997,0.357469518808652,0.3137211459544327,0.5589866932026837,1.407446109172361,0.0728700415546202,-0.3154215249835447,-1.2291808361405134,-1.2257941495808726,1,74.22172769797143
-0.37790682899481126,0.30422928771454955,-0.4337371661778211,-0.28752689942072795,0.4109908641819563,-0.2949305157843051,0.4006531309906761,0.27822812749048353,0.5061270806803387,1.409854308361312,0.11210287662651444,-0.13432144195368587,-1.5217790186889755,-1.497159221490855,1,96.5042761050172
-0.36496601651322386,0.3609135279755808,-0.4497201209585986,-0.326587992589299,0.4100242180300332,-0.23530615907703464,0.40466191944178925,0.2009806236907529,0.5910755403517318,1.2505344545016135,0.13494969419823405,0.07818133360674574,1.2641784937693317,-1.56674776591482,1,229.09637553454746
-0.38833266471835304,0.2741171202782704,-0.41491227368146066,-0.2518850059369722,0.3850522699412606,-0.33903510420989846,0.4181926684585531,0.3168029898686003,0.5463819574204846,1.270290563573603,2.537576312709815e-07,-0.0,-1.5127702533981875,1.4674315925760524,1,113.65583809338291
-0.38833266471835304,0.2741171202782704,-0.41491227368146066,-0.2518850059369722,0.3850522699412606,-0.33903510420989846,0.4181926684585531,0.3168029898686003,0.5463819574204846,1.270290563573603,2.537576312709815e-07,-0.0,-1.5127702533981875,1.4674315925760524,1,112.26517707513688
-0.37790682899481126,0.30422928771454955,-0.4337371661778211,-0.28752689942072795,0.4109908641819563,-0.2949305157843051,0.4006531309906761,0.27822812749048353,0.5061270806803387,1.409854308361312,0.11210287662651444,-0.13432144195368587,-1.5217790186889755,-1.497159221490855,1,226.24388018157032
-0.4875392803459451,0.1927283719285284,-0.37042198918301594,-0.24990451490480395,0.47089905603073395,-0.24736380328518526,0.38706221349822706,0.3045399462614608,0.531400826973459,1.7286462459388987,0.10791248881744891,-0.0,-1.3151514015116426,-1.4392846554700378,1,82.91668735191442
-0.4875392803459451,0.1927283719285284,-0.37042198918301594,-0.24990451490480395,0.47089905603073395,-0.24736380328518526,0.38706221349822706,0.3045399462614608,0.531400826973459,1.7286462459388987,0.10791248881744891,-0.0,-1.3151514015116426,-1.4392846554700378,1,96.0247222533032
-0.36496601651322386,0.3609135279755808,-0.4497201209585986,-0.326587992589299,0.4100242180300332,-0.23530615907703464,0.40466191944178925,0.2009806236907529,0.5910755403517318,1.2505344545016135,0.13494969419823405,0.07818133360674574,1.2641784937693317,-1.56674776591482,1,96.5045759251738
-0.37790682899481126,0.30422928771454955,-0.4337371661778211,-0.28752689942072795,0.4109908641819563,-0.2949305157843051,0.4006531309906761,0.27822812749048353,0.5061270806803387,1.409854308361312,0.11210287662651444,-0.13432144195368587,-1.5217790186889755,-1.497159221490855,1,218.21933906595987
-0.42247727831676246,0.32461332505669993,-0.35185495739589795,-0.3470266741993471,0.376308926704752,-0.2817332278921195,0.39802330900790833,0.30414657703476666,0.551081013860328,1.2216374668475845,0.14181000456198053,-0.15422760991369916,-1.4012340588675878,-1.2868655682263919,1,179.82705997382354
-0.4651021844645467,0.2011096939684689,-0.4352024095331692,-0.2020238505326048,0.43892919647482453,-0.23137644038182806,0.46137539752289136,0.23229059694596396,0.4295771155907319,1.9981527850824115,0.12240526839872488,0.06277455526768298,-1.5259714913447269,1.5484120064580926,1,228.58070034065037
-0.37790682899481126,0.30422928771454955,-0.4337371661778211,-0.28752689942072795,0.4109908641819563,-0.2949305157843051,0.4006531309906761,0.27822812749048353,0.5061270806803387,1.409854308361312,0.11210287662651444,-0.13432144195368587,-1.5217790186889755,-1.497159221490855,1,84.86896056052824
-0.633095197610654,-0.06309848674375736,0.748217344934235,-0.05067079486487575,-0.1540485377985504,0.03349247942334387,0.03892639047496952,0.08027680218528922,0.19804608488868938,9.634244177380326,2.9127411565536447,1.5473402189517034,-1.4453326852566706,1.3930514163976757,1,175.03323222473313
-0.4595061581221471,0.2292783161184053,-0.4250542708523478,-0.22425269205248635,0.4164675417411095,-0.23995369782574927,0.4680928872333855,0.23492807375983032,0.4404998779795277,1.9533262821573005,0.18410481882882881,0.04017936944068529,-1.5165019148838812,-1.541248278890542,1,219.19905021346253
-0.42247727831676246,0.32461332505669993,-0.35185495739589795,-0.3470266741993471,0.376308926704752,-0.2817332278921195,0.39802330900790833,0.30414657703476666,0.551081013860328,1.2216374668475845,0.14181000456198053,-0.15422760991369916,-1.4012340588675878,-1.2868655682263919,1,154.31584229858115
-0.5903926938140858,0.17187751822744052,-0.18802445768522288,-0.3603118553545688,0.46898858565441354,-0.15404345606590028,0.30942856584489503,0.34247779319302857,0.7445221970755707,1.5073945406820424,0.33643721282695105,0.1990110673313882,-1.4266419396738441,-1.309807386935769,1,92.99033336955524
-0.2848479128517271,0.4227788295928294,-0.42438568084591627,-0.26294804011384687,0.2524819731057788,-0.40064325414365015,0.4567516205918645,0.24081246466466757,0.725547912807836,1.0700918992109176,0.10754560730708786,0.004310318133832621,1.566429542328857,-1.5352381981794911,1,163.32431703466102
-0.41343704429868894,0.253348290985263,-0.39240554026535207,-0.30044520853134404,0.45512633339723263,-0.2841722705341878,0.3507162511668084,0.33126918808026884,0.5486839900601236,1.3749304786383187,0.13009174384783279,0.0723373305389432,1.517219888030411,1.434798908760957,1,184.30096557159885
-0.3625071820083363,0.34996177174679444,-0.3998910524160731,-0.3125552790970151,0.35541917660322464,-0.33163876489529676,0.40697905782118476,0.2942322722455174,0.5499631001381783,1.1837873752451955,0.02582813356852292,0.14125479393524618,1.3984346597233037,1.4454723403072256,1,151.46736931413827
-0.4060431553796107,0.2991758018543495,-0.31444684927881417,-0.3842022422246904,0.40422320419355895,-0.29814700345159856,0.3162668004648659,0.38317344382193946,0.6217787035579663,1.0558926667946755,0.004853614125209353,-0.13765208313489807,-1.4190786751446551,-1.415674051350149,1,162.74598656021507
-0.3079654940986453,0.3644344852759692,-0.4300673666382488,-0.28851549707277463,0.34506234008602077,-0.37542796185580923,0.3929705206508734,0.2995089736526146,0.6089348253718988,1.1124201403649956,0.1140023599684829,0.10323528917355805,1.3943557830377131,1.3750591402215775,1,159.15677239738682
-0.46509532608307014,0.22436676644526732,-0.3752273794713341,-0.2911705321789231,0.4813946980701912,-0.23582709515329492,0.358928007484213,0.3026308608869507,0.5620270948651591,1.5939504945692538,0.05105049576210578,-0.0,-1.4627284317818723,-1.4929054505341184,1,118.00845048893984
-0.4538787331470193,0.24259508087408901,-0.35246640434295184,-0.32165784443735373,0.46307906047798064,-0.2537654909280128,0.34326607701199063,0.3328282544912775,0.6001361292318311,1.4010347891666834,0.023650779084209435,-0.10626486289178191,-1.3697577958065863,-1.399417200400721,1,122.83718367088049
-0.46509532608307014,0.22436676644526732,-0.3752273794713341,-0.2911705321789231,0.4813946980701912,-0.23582709515329492,0.358928007484213,0.3026308608869507,0.5620270948651591,1.5939504945692538,0.05105049576210578,-0.0,-1.4627284317818723,-1.4929054505341184,1,104.06789189856137
-0.2857709241375838,0.36367970477412975,-0.46096414934274954,-0.2609079674629427,0.3400939524239898,-0.3824517412426919,0.40664112105634354,0.2796800039315049,0.6473475749746908,1.1628048583540505,0.17329886863531355,0.08424457825976889,1.363665330441884,1.3338095015148759,1,148.76559303928613
-0.24542059205209307,0.4045833101366666,-0.48210805700749126,-0.19837538518746786,0.23441294180163674,-0.4071818504336818,0.4931157072579476,0.20097392548448306,0.7916526755909536,1.2013619352427543,0.028138266741561235,-0.08673833867636034,1.5670369460128881,1.55248335593409,1,134.38158744156925
-0.4598243626124595,0.2644194741101353,-0.3463701811360288,-0.3185126936417928,0.4211690679391404,-0.2646126262079527,0.3850254758093478,0.3187058457396102,0.5613853470207019,1.3825608894035757,0.13034074803665538,-0.08371993552812544,-1.3649621486855064,-1.3590201667701143,1,113.69728136800954
-0.4538787331470193,0.24259508087408901,-0.35246640434295184,-0.32165784443735373,0.46307906047798064,-0.2537654909280128,0.34326607701199063,0.3328282544912775,0.6001361292318311,1.4010347891666834,0.023650779084209435,-0.10626486289178191,-1.3697577958065863,-1.399417200400721,1,136.91975966291946
-0.5396922309483475,0.1594179049662659,-0.23434480358788481,-0.33542088834670025,0.48803829768167983,-0.21235528412513732,0.2859987368545525,0.3883582675055717,0.7438499344554503,1.419950436980799,0.22842501275294946,0.1458109289451196,-1.3324753549077406,-1.4342113072143783,1,123.5480508148026
-0.4673724226013345,0.2429318290796899,-0.4036869153507231,-0.24983375580140174,0.41551819726768185,-0.2383859573478083,0.45554114068437573,0.24528788406952015,0.4569544769131367,1.8640137876549157,0.2110882290032014,0.004878010089421877,-1.4611191771761982,-1.4496986497155342,1,214.11244455556678
-0.4684751409601717,0.2395587595769627,-0.4068951312523901,-0.2451612839394615,0.41664807533099124,-0.23535580080876467,0.45872219688157045,0.24095832517126342,0.4507288074401325,1.9073440372790056,0.21446953372130545,0.025635408521786984,-1.4819721419812222,-1.471575702945352,1,266.94678000043245
-0.3641584681136189,0.3190865301929736,-0.46596334859401856,-0.26271274270466805,0.38149794284777616,-0.2841551597325256,0.4486238738598613,0.22778137224422007,0.5517171416573469,1.516120715341859,0.04285120834412072,0.09633949292248302,1.326524377334124,1.4130953766204766,1,187.94022760217288
-0.37744991036188846,0.32778252425710025,-0.4218781301789954,-0.3133567020782969,0.4045447881343538,-0.2849738229710229,0.39478325240653006,0.27054800079221963,0.5298521504732618,1.2889913522168819,0.08675516859306642,0.008196537749946177,1.4590838826602182,1.5673949793710567,1,148.48177600816118
-0.4670013179067342,0.23276073015530716,-0.4039512795137141,-0.2744089797380749,0.47970053845715643,-0.20851974214593855,0.39125205896329196,0.2501679917287063,0.49661799269334944,1.8046957984388772,0.06680846289590782,0.10340346239041014,1.5166487663919965,-1.5707963267921032,1,195.4870730291287
-0.3413418292694615,0.32773755715574826,-0.4687673869287981,-0.23901613095576746,0.3416501436573397,-0.32639600014310427,0.46845907254091984,0.2376745739431235,0.6130712779275354,1.432775385106148,2.2568756841992067e-05,0.004739301009488982,1.4523063676401127,1.4556615236075925,1,174.86591333576877
-0.4670013179067342,0.23276073015530716,-0.4039512795137141,-0.2744089797380749,0.47970053845715643,-0.20851974214593855,0.39125205896329196,0.2501679917287063,0.49661799269334944,1.8046957984388772,0.06680846289590782,0.10340346239041014,1.5166487663919965,-1.5707963267921032,1,183.71047841857677
-0.3413418292694615,0.32773755715574826,-0.4687673869287981,-0.23901613095576746,0.3416501436573397,-0.32639600014310427,0.46845907254091984,0.2376745739431235,0.6130712779275354,1.432775385106148,2.2568756841992067e-05,0.004739301009488982,1.4523063676401127,1.4556615236075925,1,184.54453210168694
-0.40100130696838143,0.30098607389977594,-0.3829032033653218,-0.308245360843557,0.39223331252199145,-0.3123573991646291,0.3916711978117118,0.3196166861084102,0.5013037230593358,1.255169536180684,0.028808258731297186,0.1794441670286005,1.4263547484238137,1.397550660345997,1,174.8020449868479
-0.3989641579492826,0.3035703832588735,-0.39531072387304816,-0.30533523465711393,0.3976149778121026,-0.3022133856935657,0.39665990401022816,0.3039782370918062,0.485366398733524,1.3073387881527616,0.004424398736685668,0.008888654789372482,1.5639704942434398,1.5673949793710567,1,188.2597997858288
-0.3989641579492826,0.3035703832588735,-0.39531072387304816,-0.30533523465711393,0.3976149778121026,-0.3022133856935657,0.39665990401022816,0.3039782370918062,0.485366398733524,1.3073387881527616,0.004424398736685668,0.008888654789372482,1.5639704942434398,1.5673949793710567,1,178.7800451262507
-0.40100130696838143,0.30098607389977594,-0.3829032033653218,-0.308245360843557,0.39223331252199145,-0.3123573991646291,0.3916711978117118,0.3196166861084102,0.5013037230593358,1.255169536180684,0.028808258731297186,0.1794441670286005,1.4263547484238137,1.397550660345997,1,159.6819301638387
-0.37744991036188846,0.32778252425710025,-0.4218781301789954,-0.3133567020782969,0.4045447881343538,-0.2849738229710229,0.39478325240653006,0.27054800079221963,0.5298521504732618,1.2889913522168819,0.08675516859306642,0.008196537749946177,1.4590838826602182,1.5673949793710567,1,154.6329252310761
-0.3540547031142906,0.35301895291094737,0.3557890511782596,0.34853473607582525,0.35681266368390735,-0.350252900542867,-0.3585470117478764,-0.35130078844390566,0.5038419415758054,1.0156746054791732,0.007781944077437699,0.007781944075521626,-1.570796326790944,1.5629533503609923,1,162.68372391738976
0.3521642623532188,-0.35216426235321874,-0.3521642623532187,-0.35216426235321874,-0.357688407645034,0.35216426235321874,0.3576884076450339,0.35216426235321874,0.5038602969224432,1.015686274509804,1.7441362009524762e-07,-0.0,-1.5629533503531496,1.5629533503609923,1,166.20759259714384
-0.4670013179067342,0.23276073015530716,-0.4039512795137141,-0.2744089797380749,0.47970053845715643,-0.20851974214593855,0.39125205896329196,0.2501679917287063,0.49661799269334944,1.8046957984388772,0.06680846289590782,0.10340346239041014,1.5166487663919965,-1.5707963267921032,1,221.69645741013116
-0.4846053939855606,0.1701751569174424,0.3722037780801053,0.36616579480157696,0.4509400434172805,-0.29816204537211544,-0.3385384275118253,-0.23817890634690392,0.6215088798141818,1.4082586651166649,0.30070840729289283,0.12863893406899332,1.3352513460803368,1.5607966601182304,1,105.57038679427663
-0.4846053939855606,0.1701751569174424,0.3722037780801053,0.36616579480157696,0.4509400434172805,-0.29816204537211544,-0.3385384275118253,-0.23817890634690392,0.6215088798141818,1.4082586651166649,0.30070840729289283,0.12863893406899332,1.3352513460803368,1.5607966601182304,1,198.1056070410792
-0.4846053939855606,0.1701751569174424,0.3722037780801053,0.36616579480157696,0.4509400434172805,-0.29816204537211544,-0.3385384275118253,-0.23817890634690392,0.6215088798141818,1.4082586651166649,0.30070840729289283,0.12863893406899332,1.3352513460803368,1.5607966601182304,1,107.84443980445502
0.42993326485011363,-0.17440629618622303,0.4818382136218012,0.17202383574081262,-0.4706335267828074,0.2323601299965754,-0.4411379516891074,-0.22997766955116503,0.4403636885900734,2.06012084959594,0.2124320205100299,-0.212432020504701,-1.443823537187796,1.5707963267872043,1,42.26391581360005
0.42993326485011363,-0.17440629618622303,0.4818382136218012,0.17202383574081262,-0.4706335267828074,0.2323601299965754,-0.4411379516891074,-0.22997766955116503,0.4403636885900734,2.06012084959594,0.2124320205100299,-0.212432020504701,-1.443823537187796,1.5707963267872043,1,224.27463326152997
-0.4360316877868438,0.3271579765107247,-0.35607243265187377,-0.3674721656393818,0.40433122121437975,-0.2311957262799312,0.38777289922433783,0.2715099154085883,0.5837414069371969,1.2097990830055643,0.08167962816235216,0.07702849891131106,1.4310405965440016,-1.4657710861201767,1,171.47474815671097
-0.43765170473472514,-0.06185130376247398,0.429836083821422,-0.16205632221500435,0.5356215383853569,0.15117918522810533,-0.5278059174720537,0.07272844074937296,0.33310323876443115,3.3949773591697676,0.1886402588875937,0.8129773758007298,0.9685089806705425,0.05258306161232293,1,87.18887806953967
-0.3875345572314576,0.3254172767406283,-0.4551497830548758,-0.28010796411859823,0.3815511993265221,-0.24519365072374236,0.4611331409598113,0.19988433810171224,0.5548324382591897,1.51320351685836,0.06573160535177935,-0.004328977287078243,1.4222178571413753,-1.5308176396685345,1,176.89059474019186
-0.3168099366703639,0.390614048013634,-0.43309355863167087,-0.2666482643387933,0.284494304684692,-0.36460007595624366,0.4654091906173428,0.24063429228140296,0.6785619666586205,1.189732449025081,0.11535384198368058,-0.12135200057125214,-1.4888904247252568,-1.4351163130813624,1,153.17256683292405
-0.32065013510609514,0.36284864892900365,-0.4649647139761151,-0.2894639828759138,0.3737087713315408,-0.31375302036564556,0.41190607775066945,0.24036835431255577,0.5932922414380633,1.2959926519851983,0.14890403837481675,-0.19193965139882616,-1.5676317803933784,-1.4309215141221685,1,170.04009308054665
-0.4360316877868438,0.3271579765107247,-0.35607243265187377,-0.3674721656393818,0.40433122121437975,-0.2311957262799312,0.38777289922433783,0.2715099154085883,0.5837414069371969,1.2097990830055643,0.08167962816235216,0.07702849891131106,1.4310405965440016,-1.4657710861201767,1,173.07783438991433
-0.3814302416371264,0.34426000043856986,-0.37613490946834655,-0.37504404253206786,0.41621942292342745,-0.2706422217568653,0.34134572818204545,0.30142626385036325,0.5737526285925794,1.1089186448422539,0.12278102750820008,-0.239323680995629,-1.4551179040934625,-1.264917455386363,1,150.18925943771038
-0.44012918125014305,0.18531598311063924,-0.46052330743794556,-0.16670593999485073,0.4239748686096719,-0.2592273030216192,0.47667762007841674,0.24061725990583074,0.4684547879896168,1.8749847393106336,0.047180575424361396,0.15731009216212663,1.45984086525078,1.2953702231013777,1,234.7252889290418
-0.3759892835161243,0.3038791940957341,-0.48165668315078686,-0.2372963120667771,0.36501987193958446,-0.25673066958202295,0.49262609472732677,0.1901477875530659,0.5461925352898357,1.737898030346,0.08531869170281359,-0.0,1.4009167562340157,1.5081605970661158,1,254.85730941416273
-0.3759892835161243,0.3038791940957341,-0.48165668315078686,-0.2372963120667771,0.36501987193958446,-0.25673066958202295,0.49262609472732677,0.1901477875530659,0.5461925352898357,1.737898030346,0.08531869170281359,-0.0,1.4009167562340157,1.5081605970661158,1,213.61613789068153
-0.31565419126548666,0.34035546426856744,0.44713821510121704,0.15834645629712316,0.39603926319254346,-0.24518642440601282,-0.5275232870282739,-0.2535154961596778,0.578823162362077,1.6412008114130625,0.2432473407145569,0.10827059086123449,-1.5707963267810077,1.3540710130789066,1,103.1862549237355
-0.3814302416371264,0.34426000043856986,-0.37613490946834655,-0.37504404253206786,0.41621942292342745,-0.2706422217568653,0.34134572818204545,0.30142626385036325,0.5737526285925794,1.1089186448422539,0.12278102750820008,-0.239323680995629,-1.4551179040934625,-1.264917455386363,1,155.78637400540464
-0.4962675625421745,0.2730592704852063,-0.32101778283025467,-0.3548923214237041,0.43374287442739723,-0.19527209854095276,0.3835424709450319,0.27710514947945053,0.5877642440783071,1.4715413902535754,0.16628246377708922,-0.0,-1.5070530142579714,-1.30323794265519,1,169.18262794520444
-0.6891674365293925,0.046527756650970524,0.23355291670208816,-0.3872072492171282,-0.03905999899202448,0.08623513248506022,0.49467451881932883,0.25444436008109744,0.7596140958042652,1.844991796472683,2.396879626812716,1.2511825212862928,-0.6422400754175762,1.277143543535707,1,123.39218315487469
-0.309313198467742,0.3431824298437397,-0.48820974253784255,-0.2194848501099947,0.3132696421778834,-0.344460839514234,0.4842532988277012,0.220763259780489,0.6687076650944009,1.4141969894848172,0.014082334406496214,0.004694801187517225,1.4129508903222714,1.4113229573496455,1,174.0826776330949
-0.41975381778393345,0.3284444825033839,-0.37969460460998894,-0.3035859964237793,0.3408760178045303,-0.28883874219285743,0.4585724045893921,0.2639802561132529,0.555128942980899,1.3896896615875798,0.2730672992629638,-0.017019633058209027,-1.5109428096754907,-1.417216549723501,1,180.5798247401671
-0.4115158842943685,0.3117784863572709,-0.40448696648273147,-0.2920554240277475,0.37465356304632447,-0.2829858526578932,0.4413492877307755,0.2632627903283698,0.514988911855134,1.4124168208462118,0.1331363275517807,-0.0,-1.5707963267917717,-1.5023320712422212,1,211.5481802843537
-0.31779029443365436,0.41631896362251025,-0.4214093276727011,-0.24016226862601334,0.11356103800970202,-0.27594635263822487,0.6256385840966534,0.09978965764172806,0.7248349537811545,1.512495118815102,0.7812291966222049,0.3738894348124824,1.1071487177990287,1.3640661489334571,1,593.3596620118387
-0.31779029443365436,0.41631896362251025,-0.4214093276727011,-0.24016226862601334,0.11356103800970202,-0.27594635263822487,0.6256385840966534,0.09978965764172806,0.7248349537811545,1.512495118815102,0.7812291966222049,0.3738894348124824,1.1071487177990287,1.3640661489334571,1,725.4394389895014
-0.31779029443365436,0.41631896362251025,-0.4214093276727011,-0.24016226862601334,0.11356103800970202,-0.27594635263822487,0.6256385840966534,0.09978965764172806,0.7248349537811545,1.512495118815102,0.7812291966222049,0.3738894348124824,1.1071487177990287,1.3640661489334571,1,170.91999616553852
-0.3206589033889032,0.326876964252567,-0.4351974665408231,-0.31518643139939145,0.4208090325556743,-0.331563474434321,0.33504733737405196,0.31987294158114543,0.563629294783925,1.3000515290397574,0.3074317239994561,-0.5442804849518087,-1.1839206090559273,-1.192368948755816,1,205.12846425463965
-0.44923103477309245,0.2421254885708049,0.438600750740315,0.21014999845264745,0.4524151606027422,-0.2048871906820275,-0.4417848765699647,-0.2473882963414248,0.44136824175013656,1.841921970670347,0.08349370646072715,-0.029694239606958488,-1.4718299213757964,-1.4898922276366826,1,344.03840406785343
-0.3206589033889032,0.326876964252567,-0.4351974665408231,-0.31518643139939145,0.4208090325556743,-0.331563474434321,0.33504733737405196,0.31987294158114543,0.563629294783925,1.3000515290397574,0.3074317239994561,-0.5442804849518087,-1.1839206090559273,-1.192368948755816,1,274.9503402729631
-0.46531366709560146,0.21510543635293236,-0.4312413509769307,-0.2126138888802702,0.42732701527549144,-0.2284600706354196,0.4692280027970407,0.22596852316275742,0.42468245689511347,2.056520392085396,0.17143848493056876,0.0734870602880368,-1.5463363741977167,1.5651784083727502,1,191.42006971077058
-0.46531366709560146,0.21510543635293236,-0.4312413509769307,-0.2126138888802702,0.42732701527549144,-0.2284600706354196,0.4692280027970407,0.22596852316275742,0.42468245689511347,2.056520392085396,0.17143848493056876,0.0734870602880368,-1.5463363741977167,1.5651784083727502,1,197.82164315578987
-0.353409941812873,0.15797185587548013,0.06446689567201441,0.31023597511391043,0.6829551014006339,-0.13802710203916937,-0.3940120552597753,-0.3301807289502212,0.6897077568537785,1.6816662492185106,0.1728606067905889,-0.0,-0.976582622975907,1.138388551256066,1,315.6166164653217
-0.353409941812873,0.15797185587548013,0.06446689567201441,0.31023597511391043,0.6829551014006339,-0.13802710203916937,-0.3940120552597753,-0.3301807289502212,0.6897077568537785,1.6816662492185106,0.1728606067905889,-0.0,-0.976582622975907,1.138388551256066,1,220.19456579424528
-0.3206589033889032,0.326876964252567,-0.4351974665408231,-0.31518643139939145,0.4208090325556743,-0.331563474434321,0.33504733737405196,0.31987294158114543,0.563629294783925,1.3000515290397574,0.3074317239994561,-0.5442804849518087,-1.1839206090559273,-1.192368948755816,1,264.54001787284716
-0.353409941812873,0.15797185587548013,0.06446689567201441,0.31023597511391043,0.6829551014006339,-0.13802710203916937,-0.3940120552597753,-0.3301807289502212,0.6897077568537785,1.6816662492185106,0.1728606067905889,-0.0,-0.976582622975907,1.138388551256066,1,270.32975820199397
-0.44222729510059844,0.2985921429618496,-0.3250369538009683,-0.354567489809255,0.39126007400031004,-0.27850899922248046,0.37600417490125665,0.33448434606988586,0.5743160018610561,1.2096149022482272,0.1526493283955054,0.15264932839615444,1.4898922276450361,1.551841251308281,1,288.2950990855974
-0.41011638160383057,0.25367662515774947,-0.3412343969142883,-0.3400902918824146,0.43971929808577653,-0.304031918445937,0.31163148043234223,0.3904455851706021,0.6208354536129937,1.1633045089008442,0.06689578929832263,0.004694801187517225,-1.5061383803673334,1.4943174328835669,1,169.31985412741193
-0.42462539209456385,0.29166549365563055,-0.3690037087344735,-0.3094382069111311,0.39254978545983016,-0.297374063026146,0.40107931536920716,0.3151467762816465,0.5157227608334568,1.3220053790645139,0.10619423299446207,0.19993577453939748,1.4472902284822542,1.4347001888294053,1,201.18637280209137
-0.4366460551712509,0.2858672081138135,-0.30593572117407286,-0.3947862888987952,0.43040760741229467,-0.2533814730291208,0.3121741689330291,0.36230055381410253,0.6564349198680306,1.1452499418383757,2.1335215960854858e-07,-0.0,-1.570796326790695,-1.4827889532629865,1,168.55641375630174
-0.5066089444889391,-0.21264113685375916,-0.24412316935751974,0.40957205915373984,0.5014251515409696,0.16403567474651706,0.24930696230548932,-0.3609665970464977,0.7767292377589071,1.3082200197467497,0.04849468005325732,-0.44701712572117336,-1.0427218783650827,-0.9183305029839774,1,130.84656577450644
-0.28879142797948826,0.35475930705185804,-0.4868002935618405,-0.20898399382746977,0.29252547810617185,-0.3733432588540617,0.48306624343515686,0.2275679456296735,0.7061623141738025,1.332046585758519,0.03072080089226476,0.24933119276955526,1.1915399490346172,1.1470049009397376,1,175.48335912188116
-0.26844551200894007,0.3845282891261537,-0.48313034158007107,-0.16577670321420915,0.16207968177895943,-0.3558270778647276,0.5894961718100518,0.13707549195278307,0.794124795965094,1.4487995376459992,0.34240206223127945,0.23624526072054453,1.2490457724057544,1.243396115000309,1,96.51572947251772
-0.36296118146970263,0.3444565900631891,-0.41088726447712076,-0.31225181659420076,0.37173704593950835,-0.31849179972337355,0.40211140000731505,0.28628702625438524,0.5389761555185827,1.2263377919149665,0.022668355171202862,-0.004237262776264669,1.5101564786794786,-1.5635237277388567,1,158.20460747230263
-0.36296118146970263,0.3444565900631891,-0.41088726447712076,-0.31225181659420076,0.37173704593950835,-0.31849179972337355,0.40211140000731505,0.28628702625438524,0.5389761555185827,1.2263377919149665,0.022668355171202862,-0.004237262776264669,1.5101564786794786,-1.5635237277388567,1,158.09666556041176
-0.45694758144902836,0.21476087890173423,-0.46117882008186484,-0.19369848510110016,0.4090298018934039,-0.1951458315625755,0.5090965996374894,0.17408343776194138,0.3977224055415379,2.367064004930057,0.2542992986694516,-0.008695433011854173,-1.570796326790815,-1.5303771757410545,1,142.45159804538739
-0.42462539209456385,0.29166549365563055,-0.3690037087344735,-0.3094382069111311,0.39254978545983016,-0.297374063026146,0.40107931536920716,0.3151467762816465,0.5157227608334568,1.3220053790645139,0.10619423299446207,0.19993577453939748,1.4472902284822542,1.4347001888294053,1,174.81156328909162
-0.3259202369214951,0.3839799943434523,-0.44368561396345857,-0.25815181254739294,0.2792991317818351,-0.3426559641227947,0.4903067191031186,0.21682778232673533,0.6786724141379584,1.28536486831454,0.17926972869756844,0.35563588430386833,1.1501329776691707,1.2357722157206865,1,70.52821976353482
-0.39467666794533013,0.32420323536609574,-0.415346086546182,-0.3019086460778556,0.383582588516913,-0.2815414939591115,0.4264401659745991,0.2592469046708714,0.5270523743394394,1.3444661848285602,0.04608453303730545,0.17623469773746395,1.3360737143131267,1.4405041670691936,1,181.10504649495684
-0.39813670975162124,0.2952089151391364,-0.39391981073601406,-0.2787321904898571,0.37384749861059047,-0.3297021441419872,0.41820902187704484,0.3132254194927079,0.5248511723196009,1.2697320472831766,0.07623720344510694,-0.037020115874125716,-1.4601391056170812,-1.5484951918997911,1,179.1851607623597
-0.39813670975162124,0.2952089151391364,-0.39391981073601406,-0.2787321904898571,0.37384749861059047,-0.3297021441419872,0.41820902187704484,0.3132254194927079,0.5248511723196009,1.2697320472831766,0.07623720344510694,-0.037020115874125716,-1.4601391056170812,-1.5484951918997911,1,149.01579801868996
-0.393065915115603,0.29351902597320323,-0.3819904680724756,-0.27417909448482203,0.36115205427060754,-0.35341424419827644,0.4139043289174711,0.3340743127098952,0.5547828085381333,1.1737944376299805,0.0960887155175681,-0.0,-1.4450689634811624,1.5400892583682444,1,192.95301431749743
-0.4326995546715395,0.2733073805616047,-0.3615060593753585,-0.2960736990768105,0.3936794995416297,-0.308041350977661,0.4005261145052683,0.3308076694928668,0.5323054025845037,1.30426069772028,0.1351077669197203,0.14399642170960208,1.5670369460128881,1.4822909453435853,1,146.69683189107292
-0.46983859565121755,0.21170655304885969,-0.36997456983102844,-0.2676702808211075,0.4596301225652746,-0.26230980217759287,0.38018304291697147,0.3182735299498407,0.5446164427441601,1.5862761942882462,0.0693876508898477,0.07414951965904287,-1.4460241441171446,-1.5642817609712005,1,121.78590560373534
-0.47564689696354784,0.24106538366858332,-0.4105089340782804,-0.2444463532918609,0.4133549953300541,-0.21391008072337334,0.472800835711774,0.2172910503466509,0.46048250610739055,1.9535011421414803,0.27036462256099797,0.09631938271862842,-1.5707963267920395,-1.5086872581525153,1,191.4352357902426
-0.4967369567970194,0.1471285373246375,-0.16407979125409705,-0.46239119296549674,0.5306259372034535,-0.10945385760140047,0.13019081084766285,0.42471651324225973,0.911381540339722,1.1581038996857382,0.1436809664636218,0.08275984365407094,1.517567965213082,-1.5707963267902454,1,179.1296746203298
-0.47564689696354784,0.24106538366858332,-0.4105089340782804,-0.2444463532918609,0.4133549953300541,-0.21391008072337334,0.472800835711774,0.2172910503466509,0.46048250610739055,1.9535011421414803,0.27036462256099797,0.09631938271862842,-1.5707963267920395,-1.5086872581525153,1,242.61089431932132
-0.45308561228568783,0.21904151122345958,-0.4221309633118456,-0.23310694106370708,0.44799121150033616,-0.24878391146894055,0.42722536409719714,0.2628493413091881,0.46102086635662815,1.7611772082702741,0.027789489852196796,0.03259714511812985,-1.5170238515285204,1.556830754357045,1,207.04884688582382
-0.47564689696354784,0.24106538366858332,-0.4105089340782804,-0.2444463532918609,0.4133549953300541,-0.21391008072337334,0.472800835711774,0.2172910503466509,0.46048250610739055,1.9535011421414803,0.27036462256099797,0.09631938271862842,-1.5707963267920395,-1.5086872581525153,1,196.268128948771
-0.45308561228568783,0.21904151122345958,-0.4221309633118456,-0.23310694106370708,0.44799121150033616,-0.24878391146894055,0.42722536409719714,0.2628493413091881,0.46102086635662815,1.7611772082702741,0.027789489852196796,0.03259714511812985,-1.5170238515285204,1.556830754357045,1,180.5672220279551
-0.3973758148068628,0.2766327329463245,-0.40832009921175627,-0.2449866389122497,0.36801898831215035,-0.3408793740708564,0.43767692570646877,0.3092332800367816,0.5499933712367528,1.3013083495189972,0.08576196718415667,-0.0,-1.468877959310274,1.510797754101099,1,176.34134077509205
-0.36826464512004603,0.33352552421911796,-0.431302541093036,-0.2919327120518657,0.3758610047478965,-0.3038440005053101,0.4237061814651857,0.2622511883380579,0.544956503132174,1.341464706722355,0.016130027556404417,-0.24841901652706241,-1.4080689521508822,-1.3330704829969526,1,149.65507008516215
-0.45814495598122973,0.30049933187214917,0.3561394412789722,0.32050586864747344,0.4119193928372319,-0.23403002416511826,-0.30991387813497434,-0.3869751763545044,0.6155540347210506,1.229805879556857,0.184231711643418,-0.03011137801326383,-1.464998153862352,-1.3528838104219152,1,105.63206798605178
-0.4351384925791692,0.2510146403062525,-0.4243660268726271,-0.26231538695749673,0.4434346625651897,-0.24825706691407168,0.41606985688660647,0.259557813565316,0.4585037843686123,1.683499275809151,0.03285291699782313,-0.13477128447848333,-1.4312411882806826,-1.4250788514241048,1,151.17332957925777
-0.4351384925791692,0.2510146403062525,-0.4243660268726271,-0.26231538695749673,0.4434346625651897,-0.24825706691407168,0.41606985688660647,0.259557813565316,0.4585037843686123,1.683499275809151,0.03285291699782313,-0.13477128447848333,-1.4312411882806826,-1.4250788514241048,1,196.1368858944629
-0.3803694987189542,0.33964730708810364,-0.3998406251380643,-0.2990704086228072,0.34792645666983135,-0.32186587369883857,0.43228366718718725,0.2812889752335422,0.5504611874261605,1.2579103735096386,0.10848331155519078,-0.19739555985081883,-1.3734007669410095,-1.3321870042830504,1,169.40283169347254
-0.36826464512004603,0.33352552421911796,-0.431302541093036,-0.2919327120518657,0.3758610047478965,-0.3038440005053101,0.4237061814651857,0.2622511883380579,0.544956503132174,1.341464706722355,0.016130027556404417,-0.24841901652706241,-1.4080689521508822,-1.3330704829969526,1,160.99005419575403
-0.38949371269393934,0.3142187888771958,-0.40779282912171505,-0.2634756419811673,0.34130856116799296,-0.3320896107782455,0.45597798064766143,0.2813464638822171,0.5582623297311303,1.3364684881549866,0.15313142968410723,-0.2170393981593366,-1.294082290135873,-1.3465615756824652,1,182.50221716031254
-0.42681382133552054,0.2581563382512842,-0.3913489111614685,-0.28233885787916435,0.42595408899404985,-0.2901992981802998,0.39220864350293927,0.31438181780818,0.5155673749062155,1.410510331496725,0.009763278223518974,-0.14319913720229516,-1.3524582875902134,-1.430617483555279,1,207.52580775740776
-0.38442260702425385,0.26613832567576673,-0.44353707109576307,-0.22687425236113168,0.3847240600062263,-0.32618655200126717,0.4432356181137907,0.2869224786866322,0.5436883439217713,1.4463539840778528,0.02418882965966795,-0.0,-1.5707963267919205,1.4263547484232202,1,221.54472703230098
-0.37151638769521217,0.32282284163655156,-0.4256178403561612,-0.27024095010427057,0.35554065859494677,-0.3269434040056736,0.4415935694564266,0.2743615124733926,0.5634847019320264,1.3346513698252225,0.05117323956885581,-0.26662476624250125,-1.3226828776950876,-1.335613883819479,1,194.12300401978402
-0.46185649150187413,0.2543213854343908,-0.41181573059497917,-0.2598723363531709,0.41914036613681427,-0.223708658494125,0.4545318559600391,0.22925960941290516,0.47120113498419447,1.7821850182770562,0.17498735815332572,-0.0,-1.517276058332614,-1.4464413322454597,1,193.11723503043882
-0.44830616640750326,0.22470079265501117,-0.43739689497587314,-0.24547573252852714,0.4779041971102838,-0.21549814444012338,0.40779886427309253,0.23627308431363936,0.4462007467716469,1.9226001832013586,0.1307525955088732,-0.12559800198676443,-1.4547398969302487,-1.435516536441108,1,178.76675222577865
-0.44830616640750326,0.22470079265501117,-0.43739689497587314,-0.24547573252852714,0.4779041971102838,-0.21549814444012338,0.40779886427309253,0.23627308431363936,0.4462007467716469,1.9226001832013586,0.1307525955088732,-0.12559800198676443,-1.4547398969302487,-1.435516536441108,1,190.41067409938233
-0.8407730239674726,0.008432782702686473,0.2664545177228529,-0.11811661776185983,0.2607327473174082,-0.07885026506868502,0.31358575892721147,0.1885341001278584,0.3539849494769562,3.7644091976651746,1.6521472921744653,1.3954389617439942,-0.08314123189533777,1.4775828189985438,1,192.67627925269977
-0.44830616640750326,0.22470079265501117,-0.43739689497587314,-0.24547573252852714,0.4779041971102838,-0.21549814444012338,0.40779886427309253,0.23627308431363936,0.4462007467716469,1.9226001832013586,0.1307525955088732,-0.12559800198676443,-1.4547398969302487,-1.435516536441108,1,227.3431428110807
-0.8407730239674726,0.008432782702686473,0.2664545177228529,-0.11811661776185983,0.2607327473174082,-0.07885026506868502,0.31358575892721147,0.1885341001278584,0.3539849494769562,3.7644091976651746,1.6521472921744653,1.3954389617439942,-0.08314123189533777,1.4775828189985438,1,103.68523398041053
-0.5300138439222604,0.003741871367290802,-0.316250907775894,0.05489031026528587,0.7755490668569642,0.033324995032219806,0.0707156848411901,-0.0919571766647965,0.19171863247705248,8.890604381951967,0.05895073550384612,-0.48689923183559336,0.23228898896861297,0.09406123462622205,1,113.4367731801438
0.4776189593629055,0.3199234431216788,0.32868386649582887,-0.40113209763425717,-0.43458744684089673,-0.1468164314888704,-0.37171537901783763,0.2280250860014487,0.6577514835063116,1.26509867082842,0.03750422104976293,1.4431518704338422,0.009708432834156025,0.43911265594001375,1,143.05683906076132
-0.46185649150187413,0.2543213854343908,-0.41181573059497917,-0.2598723363531709,0.41914036613681427,-0.223708658494125,0.4545318559600391,0.22925960941290516,0.47120113498419447,1.7821850182770562,0.17498735815332572,-0.0,-1.517276058332614,-1.4464413322454597,1,207.56219004919043
-0.49994060645527877,0.19863400976036255,-0.3293165834928364,-0.29025644580203663,0.47471426680990597,-0.2393677160164313,0.3545429231382092,0.3309901520581054,0.6055010241038039,1.5688695545735667,0.12812856154160568,-0.1613751104225355,-1.1368429573943073,-1.2273100655499904,1,76.4071807326645
-0.39519581538220394,0.2769952830399564,-0.3840311391741349,-0.3344504115594245,0.4560638196256229,-0.2824618650144639,0.323163134930716,0.339916993533932,0.574061751120946,1.262308392396252,0.19211958255332312,-0.48017502960779457,-1.1341691669752727,-1.1597317793978499,1,80.66601892664208
-0.49994060645527877,0.19863400976036255,-0.3293165834928364,-0.29025644580203663,0.47471426680990597,-0.2393677160164313,0.3545429231382092,0.3309901520581054,0.6055010241038039,1.5688695545735667,0.12812856154160568,-0.1613751104225355,-1.1368429573943073,-1.2273100655499904,1,77.44551682152454
-0.46185649150187413,0.2543213854343908,-0.41181573059497917,-0.2598723363531709,0.41914036613681427,-0.223708658494125,0.4545318559600391,0.22925960941290516,0.47120113498419447,1.7821850182770562,0.17498735815332572,-0.0,-1.517276058332614,-1.4464413322454597,1,194.45388083499995
-0.34589951797797935,0.3121266131987308,-0.4503560237221258,-0.22787813637229337,0.3366634443068495,-0.35840373032955164,0.4595920973932556,0.2741552535031142,0.6101478262444119,1.3570573351346038,0.0008666286314591102,0.005917090706062337,1.5381548632977846,1.4209085746911574,1,136.21456266709328
-0.4345265777915773,-0.21308492619231864,0.41120506899848364,-0.24858725937730528,0.4742683446169125,0.23542511327343257,-0.4509468358238188,0.22624707229619137,0.44781559469759885,1.9115527468310491,0.05187319028341494,1.4673928644080818,0.19101266781138176,0.02409172342506638,1,182.4913195098038
-0.43189686867523425,0.31225989194235776,-0.34785387430794096,-0.34112949953030697,0.38149288469757064,-0.28054344244596435,0.39825785828560445,0.30941305003391345,0.5424142918770986,1.2705359740992506,0.15633345797668552,0.18247129486085795,1.4333701813031727,1.5196781078908574,1,119.7059497084348
-0.0033564268484200326,0.3462914241323781,-0.6413401625985157,-0.18165328339434375,0.42219961363637243,-0.3941247692817836,0.2224969758105633,0.22948662854374927,0.7874620726643853,1.4364080441444138,1.1894150592670933,-0.682316554877297,-1.5707963267918101,-1.2906883514841911,1,170.53200356925305
0.38888571923533083,0.28080265216201267,-0.3074738115210673,0.376455875380006,-0.4363360058519841,-0.3030951142933844,0.3549240981377205,-0.3541634132486342,0.6029229097441934,1.1294825334220806,0.07205647963395699,-1.5302094905523778,0.01030891314619015,-0.12365958436609663,1,149.43127817831117
0.31133353799827107,0.4296235048892132,-0.7187120111421144,0.050349061425445686,0.2076534743015039,-0.21532643260604034,0.19972499884233938,-0.26464613370861856,0.7151293511410006,1.483639053006404,2.0829950929811734,-1.0585975606115197,-1.450892341425914,0.0,1,172.9043772993527
-0.4714426196817942,-0.029960529306657834,0.5013183171534692,-0.0014273196106153493,0.4970503603718014,0.003056658806137951,-0.5269260578434765,0.028331190111135232,0.059938132600245955,17.639630212779114,0.05400150037668207,0.8393996637781508,-0.0,-0.0,1,126.71295093681233
-0.0033564268484200326,0.3462914241323781,-0.6413401625985157,-0.18165328339434375,0.42219961363637243,-0.3941247692817836,0.2224969758105633,0.22948662854374927,0.7874620726643853,1.4364080441444138,1.1894150592670933,-0.682316554877297,-1.5707963267918101,-1.2906883514841911,1,261.5543664973854
-0.32791895475486943,0.36691167470335556,-0.4391585747130883,-0.28063700712577766,0.33372735370342166,-0.34590755853723965,0.43335017576453605,0.2596328909596618,0.6219410185111699,1.2240252644573772,0.0070670201610926455,-0.17863100651475883,-1.4780400066029102,-1.4222914388467687,1,159.93206078173165
-0.25793146444342613,0.3086527758097468,-0.5232877917778477,-0.16812692625079115,0.3189617158596919,-0.3949286607898406,0.462257540361582,0.25440281123088493,0.6934114006206774,1.4007551661717728,0.2906646201955263,-0.35812964471926845,-1.4574906063240998,1.4962459488534954,1,149.22229725252618
-0.32791895475486943,0.36691167470335556,-0.4391585747130883,-0.28063700712577766,0.33372735370342166,-0.34590755853723965,0.43335017576453605,0.2596328909596618,0.6219410185111699,1.2240252644573772,0.0070670201610926455,-0.17863100651475883,-1.4780400066029102,-1.4222914388467687,1,189.8865566976108
-0.3434296473120928,0.3180583498211931,-0.45861819917764696,-0.27748094250930183,0.40402351796332747,-0.3127669124381305,0.3980243285264123,0.27218950512623935,0.5441761874512884,1.3674812483751708,0.20131506943509472,-0.12927500404878223,1.54989344835277,-1.570796326790848,1,145.7284768276427
-0.4470099021720926,0.2552446472102046,-0.41116829236013813,-0.26953968370890985,0.4348172244671126,-0.24277107648938656,0.42336097006511814,0.2570661129880918,0.4643752765728664,1.674548841220961,0.045275932311908774,-0.031078073483603266,-1.5031577288282607,-1.4736191048354654,1,160.3672819949988
-0.322546538203792,0.2707189030701614,-0.5428478076715793,-0.19096538397959442,0.3941326853801211,-0.27537097157561546,0.4712616604952501,0.19561745248504853,0.5537949123483192,1.8570376695312927,0.2828972163257818,-0.21812309440085956,1.4335432016576666,1.438031438413344,1,172.66678595274254
-0.4380083480708432,0.26326881849844963,-0.42104666008801334,-0.22589120080403646,0.35863591672128686,-0.2744167508722674,0.5004190914375698,0.2370391331778542,0.5045788921251851,1.745308955579199,0.3050854306827968,-0.0,-1.4739776843963004,-1.5081916777347342,1,158.88207903601634
-0.4585312854711545,0.23552618790538685,-0.4223726314670688,-0.234377534970458,0.4203766814094446,-0.23736796838517193,0.4605272355287787,0.23621931545024308,0.43525442864615216,1.940631753362981,0.16137511042082173,-0.0,-1.4904501854533652,-1.4947527675134122,1,285.690873162759
-0.3265068388562304,0.32769649694412095,-0.42465038348317186,-0.3044384876567811,0.3955646245805737,-0.35060512018358747,0.35559259775882857,0.3273471108962476,0.556353166362055,1.2092187123730802,0.21291928072016322,0.004081609987011777,1.4689138891820728,1.4131994252694227,1,186.95688006743313
-0.3897146060083955,0.31134259391284014,-0.3621559041751695,-0.35446852716376437,0.4119663622993349,-0.30108424235543796,0.3399041478842301,0.34421017560636225,0.5601174189727441,1.1474243670648892,0.06984504991697421,-0.0,1.543311840521403,1.5671467079661003,1,180.42502496054541
-0.3618346238858978,0.28593002353619523,-0.4772030424523669,-0.22721085451914555,0.383813630801509,-0.30477419408506223,0.45522403553675567,0.24605502506801255,0.5507886075924399,1.578500796462855,0.09222810337491419,-0.20131710837564035,-1.5007889696164185,-1.541865494377906,1,151.96449211153856
-0.3897146060083955,0.31134259391284014,-0.3621559041751695,-0.35446852716376437,0.4119663622993349,-0.30108424235543796,0.3399041478842301,0.34421017560636225,0.5601174189727441,1.1474243670648892,0.06984504991697421,-0.0,1.543311840521403,1.5671467079661003,1,193.78968021161347
-0.4380083480708432,0.26326881849844963,-0.42104666008801334,-0.22589120080403646,0.35863591672128686,-0.2744167508722674,0.5004190914375698,0.2370391331778542,0.5045788921251851,1.745308955579199,0.3050854306827968,-0.0,-1.4739776843963004,-1.5081916777347342,1,176.39455862387416
-0.3618346238858978,0.28593002353619523,-0.4772030424523669,-0.22721085451914555,0.383813630801509,-0.30477419408506223,0.45522403553675567,0.24605502506801255,0.5507886075924399,1.578500796462855,0.09222810337491419,-0.20131710837564035,-1.5007889696164185,-1.541865494377906,1,154.31528431955658
-0.4470099021720926,0.2552446472102046,-0.41116829236013813,-0.26953968370890985,0.4348172244671126,-0.24277107648938656,0.42336097006511814,0.2570661129880918,0.4643752765728664,1.674548841220961,0.045275932311908774,-0.031078073483603266,-1.5031577288282607,-1.4736191048354654,1,168.51643239285707
-0.322546538203792,0.2707189030701614,-0.5428478076715793,-0.19096538397959442,0.3941326853801211,-0.27537097157561546,0.4712616604952501,0.19561745248504853,0.5537949123483192,1.8570376695312927,0.2828972163257818,-0.21812309440085956,1.4335432016576666,1.438031438413344,1,152.81494744901605
-0.41553021901141374,0.2785926977306054,-0.4184140522773132,-0.27736711240903766,0.41656968197619065,-0.2744606636539842,0.4173745893125363,0.27323507833241645,0.46466489449516285,1.503325647549812,0.0037174549982326222,-0.0037174549944569823,1.5658458721885284,-1.565833588378541,1,207.39917696816215
-0.41553021901141374,0.2785926977306054,-0.4184140522773132,-0.27736711240903766,0.41656968197619065,-0.2744606636539842,0.4173745893125363,0.27323507833241645,0.46466489449516285,1.503325647549812,0.0037174549982326222,-0.0037174549944569823,1.5658458721885284,-1.565833588378541,1,373.5691776053967
-0.480741702544393,0.21347538110521908,-0.42324238534584774,-0.23192486099617804,0.46158812868369525,-0.19257273560518454,0.44239595920654556,0.21102221549614344,0.41971393496835924,2.115692229492689,0.08086851394914127,0.08651817135281312,1.568219012916503,-1.5262713179579022,1,217.84215233866524
-0.5655720879062731,0.11065520537973363,-0.19478221169307938,-0.32291022254316354,0.5163292782746648,-0.19136390835086686,0.24402502132468762,0.4036189255142968,0.7860328778536391,1.4891369039681965,0.27829965900525566,0.2782996590069981,-1.3245036039723501,-1.4887888812641754,1,148.37689786744102
-0.41553021901141374,0.2785926977306054,-0.4184140522773132,-0.27736711240903766,0.41656968197619065,-0.2744606636539842,0.4173745893125363,0.27323507833241645,0.46466489449516285,1.503325647549812,0.0037174549982326222,-0.0037174549944569823,1.5658458721885284,-1.565833588378541,1,231.75296677086655
-0.4772995106021594,0.18643690560757442,-0.45257962854803807,-0.19120260576764952,0.46427810987532897,-0.17606863220178476,0.4656010292748684,0.18083433236185986,0.35607649915459566,2.496827030739796,0.06907233216462147,-0.0,-1.5219354916054029,-1.4994888620072375,1,199.7833091097768
-0.41553021901141374,0.2785926977306054,-0.4184140522773132,-0.27736711240903766,0.41656968197619065,-0.2744606636539842,0.4173745893125363,0.27323507833241645,0.46466489449516285,1.503325647549812,0.0037174549982326222,-0.0037174549944569823,1.5658458721885284,-1.565833588378541,1,241.1540655915852
-0.41553021901141374,0.2785926977306054,-0.4184140522773132,-0.27736711240903766,0.41656968197619065,-0.2744606636539842,0.4173745893125363,0.27323507833241645,0.46466489449516285,1.503325647549812,0.0037174549982326222,-0.0037174549944569823,1.5658458721885284,-1.565833588378541,1,257.57171679857527
-0.480741702544393,0.21347538110521908,-0.42324238534584774,-0.23192486099617804,0.46158812868369525,-0.19257273560518454,0.44239595920654556,0.21102221549614344,0.41971393496835924,2.115692229492689,0.08086851394914127,0.08651817135281312,1.568219012916503,-1.5262713179579022,1,217.59734815308306
-0.41553021901141374,0.2785926977306054,-0.4184140522773132,-0.27736711240903766,0.41656968197619065,-0.2744606636539842,0.4173745893125363,0.27323507833241645,0.46466489449516285,1.503325647549812,0.0037174549982326222,-0.0037174549944569823,1.5658458721885284,-1.565833588378541,1,229.8483272396649
-0.480741702544393,0.21347538110521908,-0.42324238534584774,-0.23192486099617804,0.46158812868369525,-0.19257273560518454,0.44239595920654556,0.21102221549614344,0.41971393496835924,2.115692229492689,0.08086851394914127,0.08651817135281312,1.568219012916503,-1.5262713179579022,1,219.1585941560912
-0.23106494087551754,0.4238431152038116,-0.5051075084945256,-0.21478265432086488,0.2433915646466511,-0.37077751288361394,0.492780884723392,0.16171705200066722,0.7929427017799735,1.2558047928100455,0.032652460073774744,0.24111767845336904,1.129798565446788,1.2717691332467618,1,87.32570249917626
-0.4891612038029939,0.2259042234083909,-0.28977763238215887,-0.3626501541960532,0.47204460075641036,-0.22131866922534787,0.3068942354287424,0.3580646000130102,0.6927552051773561,1.3336840947765303,0.048953157379319684,-0.30766697857647934,-1.119927574865548,-1.1010138254300987,1,93.96980422110656
-0.510304448847011,0.19634324117890709,-0.30363225095342056,-0.3147909778314805,0.4841261082870632,-0.2232515725783477,0.32981059151336833,0.3416993092309212,0.6528340019165724,1.5147681187849016,0.11759834061171556,-0.273008703089307,-1.029228721397315,-1.0848682827595375,1,69.93923569299002
-0.4048150887094283,0.27575003492119865,-0.40433229453500297,-0.30347388145478954,0.4423740625697514,-0.2810142161870882,0.3667733206746798,0.3087380627206791,0.5186593173889918,1.3838167636866021,0.12666181846705796,-0.14247077800708102,-1.4540117313225138,-1.4702194093370213,1,193.51450984454107
-0.4112632464323901,0.2852343162967105,-0.4341335428593539,-0.2652577506319497,0.4021028822388831,-0.26715998822764386,0.443293907052861,0.24718342256288303,0.4846859259648357,1.5884078505619899,0.03839281114270158,-0.2077222151328254,-1.4023206654550198,-1.3600977823368743,1,203.79447671149336
-0.4048150887094283,0.27575003492119865,-0.40433229453500297,-0.30347388145478954,0.4423740625697514,-0.2810142161870882,0.3667733206746798,0.3087380627206791,0.5186593173889918,1.3838167636866021,0.12666181846705796,-0.14247077800708102,-1.4540117313225138,-1.4702194093370213,1,172.30250727649855
-0.3659899676003232,0.30534232061427447,-0.45133456389356286,-0.2383641046678025,0.35460025748888785,-0.32520724147576957,0.46272427400499816,0.25822902552929766,0.5763593999614722,1.449622508449274,0.027546114584275992,0.1338109774752264,1.3886280163253146,1.3380775857872897,1,167.44307678472373
-0.3659899676003232,0.30534232061427447,-0.45133456389356286,-0.2383641046678025,0.35460025748888785,-0.32520724147576957,0.46272427400499816,0.25822902552929766,0.5763593999614722,1.449622508449274,0.027546114584275992,0.1338109774752264,1.3886280163253146,1.3380775857872897,1,199.91863193695264
-0.36417860468673,0.29617227752770237,-0.45147176193207395,-0.22941449845778555,0.3557247061900116,-0.335784396875505,0.4599256604287924,0.2690266178055881,0.5759636840948285,1.4421833952803027,0.006027208397383249,0.27490984148201236,1.262323847981269,1.1642295002032843,1,162.95002321750903
-0.32588538492121605,0.3783917440010377,-0.4513786058939457,-0.28430538700474917,0.33160992010505713,-0.32367234714177817,0.44565407071010466,0.2295859901454896,0.6297744308254302,1.2777076735884123,0.01613323287606451,-0.1369157757557487,-1.5707963267911087,-1.4305026914435626,1,173.05710192076896
-0.4147900426083586,0.2857129318784631,-0.40624094997538285,-0.29248284604175556,0.41599606214450674,-0.27822690522198673,0.4050349304392347,0.2849968193852792,0.4803570181228913,1.436859514507731,0.004674228306359447,-0.20599133667682756,-1.3673565154971983,-1.349146763812868,1,153.15668572464511
-0.39151187839171214,0.3084441032469563,-0.39666616031004037,-0.3076287124843703,0.3956261819666625,-0.3078030826724325,0.39255185673508997,0.3069876919098465,0.4882479263534993,1.285672957832123,0.013366718978188138,-0.1629264588511036,-1.4160159414197215,-1.4143785101791075,1,156.32499024528636
-0.32588538492121605,0.3783917440010377,-0.4513786058939457,-0.28430538700474917,0.33160992010505713,-0.32367234714177817,0.44565407071010466,0.2295859901454896,0.6297744308254302,1.2777076735884123,0.01613323287606451,-0.1369157757557487,-1.5707963267911087,-1.4305026914435626,1,157.68336386540642
-0.37902805981996185,0.31698253224690154,-0.43094292900270176,-0.26679329872734997,0.3607003092937869,-0.31298434879844766,0.44927067952887667,0.2627951152788961,0.5545054216203104,1.3972379104612245,0.06393438559702537,0.1973955598507752,1.342986867668443,1.3500316801849859,1,160.10802877485045
-0.38491228455367765,0.3169552013921804,-0.411711491346472,-0.2893495223707642,0.37516110458236895,-0.31329804885827534,0.42146267131778065,0.2856923698368592,0.5251107240438471,1.3219672605149728,0.032973799062967005,-0.09025189048776372,-1.4942908890192124,-1.485966382745324,1,156.536649819178
-0.38491228455367765,0.3169552013921804,-0.411711491346472,-0.2893495223707642,0.37516110458236895,-0.31329804885827534,0.42146267131778065,0.2856923698368592,0.5251107240438471,1.3219672605149728,0.032973799062967005,-0.09025189048776372,-1.4942908890192124,-1.485966382745324,1,180.76113768456875
-0.32501558379465373,0.3629385001899684,-0.461606937505817,-0.28717721191215373,0.3658708106879965,-0.3147609983334287,0.4207517106124742,0.23899971005561405,0.5979740133475485,1.3019910004962598,0.10830774641699986,-0.5633162614941284,-1.1812486047318616,-1.0498865459435975,1,171.1814445609496
-0.38798264367369956,0.31162781475327794,-0.41710953737398193,-0.3141062940061699,0.4225081947124686,-0.27699419703097755,0.38258398633521284,0.2794726762838695,0.525377453285744,1.341812313461765,0.11813794016918505,-0.36982791192869774,-1.2916556250919595,-1.205778178257168,1,151.26980718312916
-0.3602056565900771,0.3052065341352184,-0.40277128135883905,-0.29566739811175197,0.3895051291973042,-0.3484380171940944,0.37347180875161196,0.33889888117062794,0.5445608106791949,1.152675511006448,0.0940438831245004,-0.11305300001182449,-1.461956624517901,1.567237622960239,1,175.3897014180698
-0.3537045451625865,0.3222918595189412,-0.4622010375821166,-0.23950595178258088,0.3413488536982349,-0.31967183347785944,0.4745567290464683,0.23688592574149916,0.6013644753083215,1.459206769553638,0.044148002285050475,0.23684876094804383,1.242608093096379,1.2459240343631364,1,191.62442082553494
-0.6255935826021671,0.06322076461733712,-0.05746212458184965,-0.3429114531726283,0.4678536908684748,-0.15968196610653768,0.21520201631554203,0.43937265466182884,0.8553864247910008,1.3977623506855537,0.5510540777674372,0.36958637437585434,-1.3258176636578023,-1.4108832036303893,1,95.30261690337943
-0.4352929114604107,0.2535502619222173,-0.4371973603126686,-0.23990879546280697,0.41247885006239526,-0.24733292548828062,0.46001142171068393,0.23369145902887026,0.4493967945125475,1.7912535388975765,0.09463618427960359,0.004878010089421877,-1.5707963267920637,-1.5573562758833548,1,248.7750142687849
-0.4352929114604107,0.2535502619222173,-0.4371973603126686,-0.23990879546280697,0.41247885006239526,-0.24733292548828062,0.46001142171068393,0.23369145902887026,0.4493967945125475,1.7912535388975765,0.09463618427960359,0.004878010089421877,-1.5707963267920637,-1.5573562758833548,1,279.4978796938424
-0.38190086470333534,0.28148022405345646,-0.47362693239566733,-0.21193457337232008,0.3544820557261717,-0.28632721009721407,0.501045741372831,0.21678155941607768,0.5534263900292645,1.7165549711874046,0.09966865249277859,-0.0,1.4765878384576225,1.460139105628318,1,89.68273947316908
-0.3226329478750278,0.30756452340843377,-0.47776198547690396,-0.16834989924955893,0.2775791193921758,-0.37344686093956886,0.522815813959756,0.234232236780694,0.6814048723422378,1.4692526768764795,0.06847411263796402,0.20487671703969537,1.3159560504347652,1.1373408826778597,1,90.77096229427707
-0.3948417920223646,0.29996775290470107,-0.44686392975150235,-0.25706560512746834,0.37838120427317457,-0.27599671619166954,0.46332451750069237,0.23309456841443682,0.5242362057992602,1.580285757349212,0.07220847189867406,0.15711026534849057,1.3435007077997583,1.3983332552743282,1,77.73159811441788
-0.4368852571612059,0.2504855218669294,-0.4158934003724937,-0.23364916687778126,0.3912015945533744,-0.28463839550807896,0.46157706298032525,0.26780204051893086,0.4963469158928264,1.6263514789087663,0.1700400703991311,-0.004878010089421877,-1.459493527915658,-1.5418570397922995,1,200.60575084805723
-0.35636948563780846,0.3128309164600953,-0.44963145810699817,-0.26511191932531125,0.3835964151430108,-0.32048593256102276,0.42240452860179584,0.27276693542623875,0.5522750833354351,1.3769347650495176,0.09466692807323565,0.014422076927054378,1.4627442355701477,1.4477842141660713,1,142.9271243900053
-0.3318165188957667,0.2805206535798679,-0.481392306800263,-0.18251953400964974,0.33545116819307824,-0.36568024977021396,0.47775765750295157,0.26767913019999573,0.6198035733809361,1.4842906584170952,0.09143410034208749,0.08648889991887215,1.3924398318754612,1.187719261261099,1,163.82727996006102
-0.359412146210749,0.3122868689886008,-0.4154109634351984,-0.2950569091680773,0.3930078426754891,-0.335179272331852,0.3818152669704583,0.3179493125113286,0.528001430795687,1.2377636270578984,0.10907806164498815,-0.1842499542807461,-1.4288992721873994,-1.4861283785317299,1,142.5690478436499
-0.09100699419806638,0.45316242998945255,0.5002553883242519,0.11681504100210922,0.08896509733763736,-0.5129050593533302,-0.49821349146382293,-0.057072411638231596,0.9645883238837661,1.0335394688287614,0.14291796572870571,0.053282851560046904,1.4561497650882254,1.3611564809274692,1,118.21901108223615
-0.09100699419806638,0.45316242998945255,0.5002553883242519,0.11681504100210922,0.08896509733763736,-0.5129050593533302,-0.49821349146382293,-0.057072411638231596,0.9645883238837661,1.0335394688287614,0.14291796572870571,0.053282851560046904,1.4561497650882254,1.3611564809274692,1,74.43660944672986
-0.09100699419806638,0.45316242998945255,0.5002553883242519,0.11681504100210922,0.08896509733763736,-0.5129050593533302,-0.49821349146382293,-0.057072411638231596,0.9645883238837661,1.0335394688287614,0.14291796572870571,0.053282851560046904,1.4561497650882254,1.3611564809274692,1,100.15160159491406
-0.43285952920621285,0.2692821203476641,-0.43048065703034244,-0.23612038858830117,0.371657048886243,-0.2601195834216351,0.49168313735031227,0.22695785166227217,0.48945446288243544,1.7463915585723522,0.24631417883943885,-0.0734870602880368,-1.4626922915586498,-1.44685575410257,1,173.01561637629018
-0.5689024990271628,0.15979999539611356,-0.21466952268106634,-0.027687519109461965,0.6137629935049711,0.24191886956725164,0.16980902820325808,-0.37403134585390324,0.7284630648963341,1.9200666919541352,1.433065412742498,1.2181277928413277,-0.41670226073818506,-1.3571009177767432,1,229.92725317225887
-0.5689024990271628,0.15979999539611356,-0.21466952268106634,-0.027687519109461965,0.6137629935049711,0.24191886956725164,0.16980902820325808,-0.37403134585390324,0.7284630648963341,1.9200666919541352,1.433065412742498,1.2181277928413277,-0.41670226073818506,-1.3571009177767432,1,170.18739492404907
0.4239318487987244,0.23302058871746276,-0.5048955591523643,0.11249800644459679,-0.4251526801282064,-0.14269508491776517,0.5061163904818463,-0.20282351024429437,0.44064359222789196,2.3196641919497947,0.19351341938186756,1.5134574354693875,-0.11649146069342206,0.0,1,327.5724316889876
-0.5689024990271628,0.15979999539611356,-0.21466952268106634,-0.027687519109461965,0.6137629935049711,0.24191886956725164,0.16980902820325808,-0.37403134585390324,0.7284630648963341,1.9200666919541352,1.433065412742498,1.2181277928413277,-0.41670226073818506,-1.3571009177767432,1,211.8779265369018
0.4734706094594576,-0.08745691516006933,-0.45942368228850017,-0.17552293284258108,-0.5013721156363906,0.16930137920513363,0.48732518846543327,0.09367846879751672,0.3409268677103416,2.867249406605106,0.1704607124432827,-0.1704607124415536,-1.3734007669663835,1.5707963267532299,1,285.7601586849212
0.4239318487987244,0.23302058871746276,-0.5048955591523643,0.11249800644459679,-0.4251526801282064,-0.14269508491776517,0.5061163904818463,-0.20282351024429437,0.44064359222789196,2.3196641919497947,0.19351341938186756,1.5134574354693875,-0.11649146069342206,0.0,1,335.48567540383794
-0.5689024990271628,0.15979999539611356,-0.21466952268106634,-0.027687519109461965,0.6137629935049711,0.24191886956725164,0.16980902820325808,-0.37403134585390324,0.7284630648963341,1.9200666919541352,1.433065412742498,1.2181277928413277,-0.41670226073818506,-1.3571009177767432,1,141.60599966134612
0.4239318487987244,0.23302058871746276,-0.5048955591523643,0.11249800644459679,-0.4251526801282064,-0.14269508491776517,0.5061163904818463,-0.20282351024429437,0.44064359222789196,2.3196641919497947,0.19351341938186756,1.5134574354693875,-0.11649146069342206,0.0,1,198.8293380720628
-0.5689024990271628,0.15979999539611356,-0.21466952268106634,-0.027687519109461965,0.6137629935049711,0.24191886956725164,0.16980902820325808,-0.37403134585390324,0.7284630648963341,1.9200666919541352,1.433065412742498,1.2181277928413277,-0.41670226073818506,-1.3571009177767432,1,240.62094254742016
-0.5145402711381851,0.19805966608432765,-0.32230145968881735,-0.29101328542657345,0.4752778369059696,-0.2241853926397355,0.3615638939210329,0.31713901198198124,0.6019601564236418,1.627582617482407,0.1674604975980655,0.40763150546176274,1.454087742277502,1.4025895549439236,1,63.968801577826326
-0.38753188413749395,0.26344057093508305,-0.40909151946301303,-0.25149971225308215,0.39250075164890336,-0.34682734791822306,0.4041226519516036,0.3348864892362222,0.5543793532234311,1.1928966775987258,0.024797374331435983,0.6314534989426542,1.0158659717547067,0.8074940142841155,1,165.05700837189715
-0.5737813299181773,0.18066031571331023,-0.2144568003820012,-0.3506524150154557,0.4688665038342599,-0.17278807442914906,0.31937162646591866,0.34278017373129455,0.7230059865101438,1.5036037398196531,0.31241749206175207,0.6182963634712121,1.2924966677971228,1.367580110916901,1,87.1554322439458
-0.3772903056189809,0.31867758580941924,-0.40764094717291377,-0.31660099718509527,0.40576956751243565,-0.30209859287761803,0.37916168527945904,0.30002200425329406,0.5167422791621474,1.2803997119675812,0.09190058355560997,-0.2794837910757028,-1.3568788071494957,-1.3143946104526467,1,151.48447715756816
-0.17692865650675738,0.4299625441130606,-0.5231320433971192,-0.16060666848888036,0.19493365444109512,-0.413010534552251,0.5051270454627813,0.1436546589280708,0.8667947298018186,1.2198006257660736,0.021844379491668394,-0.2860514417185431,-1.476955114161673,-1.4175361249224716,1,136.6906301169888
-0.47815323895429,0.2476220178655554,-0.2657188742699725,-0.41170171960290014,0.4629845871735985,-0.20364737825274606,0.28088752605066397,0.36772707999009074,0.7335499260704172,1.2074711976505619,0.003174378104123967,0.065042223963505,1.5393381765939456,-1.4810724767588421,1,204.46833818733225
-0.3848994197925397,0.30398413548141356,-0.4638367906703454,-0.25900496134346956,0.39092358757005646,-0.26101917809214614,0.45781262289282865,0.21604000395420214,0.5207349726163215,1.631228333394865,2.5593584831532414e-07,-0.0,1.433849726803044,1.535475333586839,1,164.85924819371613
-0.4772000107046221,0.12747136521943547,-0.45021681147225123,-0.1206951441047323,0.44296655886090675,-0.235588796611053,0.4844502633159666,0.2288125754963498,0.44659170674262133,2.0707309060193437,0.19739555985011423,0.19739555985171225,-1.5319557664409233,1.3767104475339922,1,204.54403706989683
-0.4707535174950073,0.16502982313186507,-0.4489453279302768,-0.17570596812231223,0.47382509349003976,-0.21302077964653793,0.4458737519352443,0.22369692463698512,0.4125142025047088,2.162904324052349,5.565538822705549e-07,-0.0,-1.466464495664255,-1.570796326789661,1,367.335447507229
-0.6210125561669085,-0.0166341508993998,0.11706077469884889,-0.40481098004203614,0.5653105111283976,0.10039874964587685,-0.061358729660338035,0.321046381295559,0.8611013313208932,1.6343749205893208,0.14563710261675186,0.6454107181862816,1.1669365318911336,1.4691074750358593,1,213.79604942654203
-0.4707535174950073,0.16502982313186507,-0.4489453279302768,-0.17570596812231223,0.47382509349003976,-0.21302077964653793,0.4458737519352443,0.22369692463698512,0.4125142025047088,2.162904324052349,5.565538822705549e-07,-0.0,-1.466464495664255,-1.570796326789661,1,304.49898271642184
0.3938337504835673,0.22803083093952342,0.4100832022398547,-0.26223660662195564,-0.44859087191404623,-0.32045098555991386,-0.3553260808093757,0.3546567612423461,0.5796975194395567,1.2719067115154996,0.1704110198842392,0.7811428699372093,0.8242136094814296,0.5890801893395281,1,168.21637622428716
-0.29514331995963067,0.4251324186226204,0.4457428534354144,0.216369562445749,0.29087122623250977,-0.34707085558736,-0.4414707597082935,-0.29443112548100947,0.6851092569932382,1.1489379063451801,0.2028982556850033,-0.0,-1.56438615818138,-1.4967630828228686,1,226.69614048190354
-0.40434524003489014,0.2662071674833002,-0.398287763568196,-0.22445905448352352,0.34952563721957525,-0.3587185118928844,0.4531073663835109,0.3169703988931077,0.5793712176814593,1.269005000275901,0.16445854639942611,-0.0,-1.380808038872472,1.52400775696283,1,185.36253519683643
-0.3781549100758831,0.2934824732427231,-0.46918612770594686,-0.2698188498485115,0.4351538576829179,-0.2551340238626253,0.412187180098912,0.2314704004684137,0.5094159102938552,1.6054284772954353,0.2073807562015913,-0.03938848455577564,1.4337301524877852,1.5282687921786522,1,152.45892143377716
0.13321934264302876,-0.3815705281378257,-0.7388325677258004,0.07376699691023156,0.14196036900236178,0.11619777643473099,0.46365285608040985,0.19160575479286315,0.6892361254955778,2.0979329738799057,0.7114591257395613,0.4636476089990517,0.06569480155217743,1.0653975374744915,1,210.28426300197688
-0.3781549100758831,0.2934824732427231,-0.46918612770594686,-0.2698188498485115,0.4351538576829179,-0.2551340238626253,0.412187180098912,0.2314704004684137,0.5094159102938552,1.6054284772954353,0.2073807562015913,-0.03938848455577564,1.4337301524877852,1.5282687921786522,1,166.8821054298273
-0.3848994197925397,0.30398413548141356,-0.4638367906703454,-0.25900496134346956,0.39092358757005646,-0.26101917809214614,0.45781262289282865,0.21604000395420214,0.5207349726163215,1.631228333394865,2.5593584831532414e-07,-0.0,1.433849726803044,1.535475333586839,1,118.82650197241797
-0.29514331995963067,0.4251324186226204,0.4457428534354144,0.216369562445749,0.29087122623250977,-0.34707085558736,-0.4414707597082935,-0.29443112548100947,0.6851092569932382,1.1489379063451801,0.2028982556850033,-0.0,-1.56438615818138,-1.4967630828228686,1,289.47921744791853
-0.45180935566708286,0.24215355383666357,-0.4237921749831246,-0.23506240445477447,0.41121324705800477,-0.24603048786855308,0.4643882835922026,0.238939338486664,0.44727306653437604,1.8767463927313686,0.16785214946382027,-0.03656905591376416,-1.462450349576046,-1.4720767407666489,1,194.4307141130458
-0.29514331995963067,0.4251324186226204,0.4457428534354144,0.216369562445749,0.29087122623250977,-0.34707085558736,-0.4414707597082935,-0.29443112548100947,0.6851092569932382,1.1489379063451801,0.2028982556850033,-0.0,-1.56438615818138,-1.4967630828228686,1,316.05284221737196
-0.6170529701517553,0.15217669875583248,-0.25261385022135086,-0.2313490047155376,0.43249493965552255,-0.18114729707119515,0.43717188071758367,0.2603196030309003,0.5183292646786241,2.144177672236136,0.7704793730497619,0.6111277321486294,-1.4951831835543006,-1.524261319090696,1,259.60585876692926
0.3003732004455828,0.34313795803875624,-0.7778304999244458,0.021128526370723173,0.18295793905799632,-0.18505423373924637,0.29449936042086655,-0.17921225067023303,0.5694987756815981,2.0413094270488457,0.23789392256665834,-1.3111666973887242,-1.3288134605751563,0.04183604011358545,1,175.2012306955803
-0.3912387659293437,0.31413612209148073,-0.4346704832468787,-0.2853483609323794,0.3922939239838584,-0.2747373730139978,0.433615325192364,0.2459496118548965,0.5205238689891538,1.4483874612725947,0.006871331336931024,-0.31855567708964916,-1.3373932819637282,-1.2420853279584558,1,162.15311531302743
-0.3912387659293437,0.31413612209148073,-0.4346704832468787,-0.2853483609323794,0.3922939239838584,-0.2747373730139978,0.433615325192364,0.2459496118548965,0.5205238689891538,1.4483874612725947,0.006871331336931024,-0.31855567708964916,-1.3373932819637282,-1.2420853279584558,1,149.77346710862224
-0.4158559700238278,0.23971908204498277,-0.4326289549747454,-0.22674373595733835,0.4120946311428681,-0.2986138324590042,0.43639029385570516,0.28563848637135975,0.5077265112374117,1.4874040218961766,0.005617918429424196,0.005617918424986924,-1.5274797858264455,1.4754076848581863,1,171.58528188775506
-0.4001364616168235,0.28755881096520436,-0.4407899477110121,-0.28090471516771076,0.43214500148945323,-0.25839941519127235,0.4087814078383823,0.2517453193937788,0.49623167930715373,1.5356041488515135,0.1171591251695948,-0.16037544397672346,-1.5075894948942845,-1.4375695751511424,1,157.7429576294045
-0.4158559700238278,0.23971908204498277,-0.4326289549747454,-0.22674373595733835,0.4120946311428681,-0.2986138324590042,0.43639029385570516,0.28563848637135975,0.5077265112374117,1.4874040218961766,0.005617918429424196,0.005617918424986924,-1.5274797858264455,1.4754076848581863,1,173.7161040160765
-0.6170529701517553,0.15217669875583248,-0.25261385022135086,-0.2313490047155376,0.43249493965552255,-0.18114729707119515,0.43717188071758367,0.2603196030309003,0.5183292646786241,2.144177672236136,0.7704793730497619,0.6111277321486294,-1.4951831835543006,-1.524261319090696,1,186.28765545720807
-0.6170529701517553,0.15217669875583248,-0.25261385022135086,-0.2313490047155376,0.43249493965552255,-0.18114729707119515,0.43717188071758367,0.2603196030309003,0.5183292646786241,2.144177672236136,0.7704793730497619,0.6111277321486294,-1.4951831835543006,-1.524261319090696,1,201.96314961178075
0.3003732004455828,0.34313795803875624,-0.7778304999244458,0.021128526370723173,0.18295793905799632,-0.18505423373924637,0.29449936042086655,-0.17921225067023303,0.5694987756815981,2.0413094270488457,0.23789392256665834,-1.3111666973887242,-1.3288134605751563,0.04183604011358545,1,121.26070493832154
-0.41031804026364305,0.23043865528845076,-0.4617527162267334,-0.22037840733706393,0.4414357851067374,-0.2661740338932481,0.43063497138363904,0.25611378594186135,0.4717243532615984,1.7292926754803792,0.13427777250440517,0.3318512209840453,1.1760052070980938,1.0948226856763792,1,153.1376934530014
-0.38317201087006003,0.3242453195419025,-0.4024728111644127,-0.31680471054021603,0.393394982145443,-0.30124960078321616,0.39224983988902973,0.29380899178152975,0.5101910728426723,1.2415065220539887,0.032023427194441685,0.14324294881304542,1.3779120145444474,1.4366855442104152,1,72.86206588514766
-0.4001364616168235,0.28755881096520436,-0.4407899477110121,-0.28090471516771076,0.43214500148945323,-0.25839941519127235,0.4087814078383823,0.2517453193937788,0.49623167930715373,1.5356041488515135,0.1171591251695948,-0.16037544397672346,-1.5075894948942845,-1.4375695751511424,1,158.45673814640892
-0.403938624897053,0.3030672342973662,-0.42364278335892025,-0.26583571432762476,0.36736348915977046,-0.2900862414768216,0.46021791909620274,0.25285472150708016,0.5242650477614715,1.4901045657727996,0.13476101196527948,-0.27147848240024613,-1.3032911454643945,-1.2758988202112669,1,145.55077153568232
-0.4432928972259431,0.2204760246734027,-0.36944143702385257,-0.27563016143392205,0.4475388584537883,-0.29432587798868237,0.3651954757960074,0.34948001474920176,0.5735227337446461,1.3836961819211246,0.020566719927980738,-0.1283232276871595,-1.2718161632858092,-1.4529242235911923,1,83.6461495920239
-0.48876848572620646,0.15981827923383948,-0.3454053390077361,-0.2585313833902522,0.503979634495257,-0.25191105890202103,0.33019419023868574,0.35062416305843375,0.6047380236594113,1.6297120267706378,0.04934263225514011,0.04934263225357817,-1.297787623702004,-1.5188949283302478,1,89.25684785939853
-0.3086388423228761,0.3433221893679652,-0.5016008815915445,-0.21741467443212723,0.3128383864864574,-0.3225660227137119,0.49740133742796316,0.1966585077778739,0.665223801488528,1.5002551492786766,0.01010066659619649,0.010100666585423926,1.3576652989976523,1.4092534029914876,1,80.0136564134486
-0.403938624897053,0.3030672342973662,-0.42364278335892025,-0.26583571432762476,0.36736348915977046,-0.2900862414768216,0.46021791909620274,0.25285472150708016,0.5242650477614715,1.4901045657727996,0.13476101196527948,-0.27147848240024613,-1.3032911454643945,-1.2758988202112669,1,171.76557306288063
-0.5574332815147449,0.10548585348606437,-0.11209185245671659,-0.4298907247889018,0.5266446328108784,-0.09312244130380933,0.14288050116058315,0.41752731260664677,0.9186671785416795,1.2792717011988846,0.04937546045427108,0.23154377092746636,1.5478995655811423,-1.5276576386916918,1,99.82502333134973
-0.48876848572620646,0.15981827923383948,-0.3454053390077361,-0.2585313833902522,0.503979634495257,-0.25191105890202103,0.33019419023868574,0.35062416305843375,0.6047380236594113,1.6297120267706378,0.04934263225514011,0.04934263225357817,-1.297787623702004,-1.5188949283302478,1,68.67431222813994
-0.19358863234992205,0.4540937785774198,0.571859947965667,0.0867692396650274,0.11200252124034024,-0.37670986656496824,-0.4902738368560851,-0.16415315167747901,0.8824246200587924,1.278441411556057,0.10814781615288488,-0.0,1.2367441082718524,-1.5707963267896057,1,110.39456609170496
-0.5068750633558202,0.188626494998765,-0.4415667654606147,-0.18752929212646485,0.40267549054336077,-0.09366203538717642,0.5457663382730742,0.09256483251487627,0.395957154990322,2.7984187340934064,0.8270603347807459,0.19342732671279214,1.4385452752629173,-1.5013113020607194,1,310.3106186102935
-0.5068750633558202,0.188626494998765,-0.4415667654606147,-0.18752929212646485,0.40267549054336077,-0.09366203538717642,0.5457663382730742,0.09256483251487627,0.395957154990322,2.7984187340934064,0.8270603347807459,0.19342732671279214,1.4385452752629173,-1.5013113020607194,1,114.88812538958824
-0.5068750633558202,0.188626494998765,-0.4415667654606147,-0.18752929212646485,0.40267549054336077,-0.09366203538717642,0.5457663382730742,0.09256483251487627,0.395957154990322,2.7984187340934064,0.8270603347807459,0.19342732671279214,1.4385452752629173,-1.5013113020607194,1,249.24145809292605
-0.5068750633558202,0.188626494998765,-0.4415667654606147,-0.18752929212646485,0.40267549054336077,-0.09366203538717642,0.5457663382730742,0.09256483251487627,0.395957154990322,2.7984187340934064,0.8270603347807459,0.19342732671279214,1.4385452752629173,-1.5013113020607194,1,398.26865020621653
-0.40907727269995914,0.2910283213940495,-0.44271254156067774,-0.2873967203903444,0.4402921206527596,-0.23222080711439672,0.41149769360787725,0.22858920611069158,0.5107520086366221,1.5265671408164492,0.1204897459883656,-0.12048974598869706,-1.5707963267919811,-1.432445356614667,1,266.447225646895
-0.4775815667340483,0.22222954507098108,-0.32790471698828366,-0.2835153644425161,0.4206101231285026,-0.29162010449334674,0.38487616059382934,0.3529059238648818,0.5789079225714757,1.3935693057276106,0.2323545263162318,0.07204006538719794,-1.3442689965152235,-1.5054688571684431,1,167.96275771432875
-0.40907727269995914,0.2910283213940495,-0.44271254156067774,-0.2873967203903444,0.4402921206527596,-0.23222080711439672,0.41149769360787725,0.22858920611069158,0.5107520086366221,1.5265671408164492,0.1204897459883656,-0.12048974598869706,-1.5707963267919811,-1.432445356614667,1,183.16886967757168
-0.4601313983945595,0.24669054391658846,-0.38814920641336,-0.2750397489734564,0.4340747296688789,-0.25108657550975455,0.4142058751390405,0.27943578056662255,0.4958154163759586,1.6127062068999798,0.09966865249134596,0.0996686524915925,-1.5624862687793348,-1.5707963267922924,1,240.4581032603109
-0.41052996126330504,0.30727212515824703,-0.3923879861201793,-0.3357643033346113,0.43304306739175624,-0.25557178076765574,0.369874879991728,0.28406395894402,0.5424481875192543,1.3118588485448925,0.08832128665703262,-0.23224673604596122,-1.4071924473244497,-1.2806142288828446,1,170.64599874912673
-0.36509414564298237,0.3266244391568921,-0.4689561527329771,-0.22994905151250675,0.307000020410655,-0.283414519308571,0.5270502779653046,0.18673913166418565,0.6076027256080831,1.6326931532433757,0.2532657662308894,0.2532657662321798,1.2018367805929064,1.2885731960176992,1,147.7722270567228
-0.3236853402932626,0.3800393654223826,-0.43557919236066583,-0.2748368724961018,0.3078581253279871,-0.35381146354022663,0.45140640732594134,0.24860897061394588,0.6509151176079138,1.2086728864781324,0.06469518373504224,0.14452516944759186,1.36287483991733,1.4250125621716134,1,144.18687100258023
-0.41052996126330504,0.30727212515824703,-0.3923879861201793,-0.3357643033346113,0.43304306739175624,-0.25557178076765574,0.369874879991728,0.28406395894402,0.5424481875192543,1.3118588485448925,0.08832128665703262,-0.23224673604596122,-1.4071924473244497,-1.2806142288828446,1,163.0009712255393
-0.26150295345498276,0.3888825097721856,-0.4641953928333642,-0.21756324503076038,0.26845329124570794,-0.41864620524880997,0.45724505504263907,0.24732694050738474,0.7440896208416795,1.1410621452043919,0.046322308522243706,0.19641420589699912,1.3196890376458628,1.2462833484898619,1,142.54096671625624
-0.430951576483507,0.27505721292685403,-0.41313206224185944,-0.3098169927648837,0.47352846104812685,-0.2169437476124893,0.37055517767723956,0.251703527450519,0.5290070435153476,1.5464522605538646,0.18582966089857064,-0.21329527996376524,-1.4314076281310726,-1.2979142220079274,1,185.90481059453683
-0.45029469439637265,0.2740395563305085,-0.26769149098553674,-0.41584241957249957,0.4200317381855924,-0.2471361587701394,0.29795444719631703,0.38893902201213043,0.7004225610625221,1.0814444613288743,0.06913676825395045,-0.23063930184717507,-1.3219641181918993,-1.2337708148011193,1,159.51010298983155
-0.4369686863195712,0.27406789780481805,-0.34694013804421475,-0.33619301775844,0.4264867365825095,-0.27633026639847996,0.3574220877812764,0.3384553863521019,0.5825288230814818,1.2798598761090416,0.03459786260360865,-0.20800268372388594,-1.293570781229018,-1.2972012854545059,1,148.18514374412194
-0.430951576483507,0.27505721292685403,-0.41313206224185944,-0.3098169927648837,0.47352846104812685,-0.2169437476124893,0.37055517767723956,0.251703527450519,0.5290070435153476,1.5464522605538646,0.18582966089857064,-0.21329527996376524,-1.4314076281310726,-1.2979142220079274,1,169.58354507909223
-0.4289341879269607,0.31460405389637747,-0.35490251641943427,-0.31895486200113804,0.3585076589571206,-0.29774937684788466,0.4253290453892743,0.30210018495264523,0.5412260879909402,1.3483564225531643,0.22726250448696378,-0.10422348641679183,-1.3799652240699831,-1.335613883819479,1,165.6013773692027
-0.4289341879269607,0.31460405389637747,-0.35490251641943427,-0.31895486200113804,0.3585076589571206,-0.29774937684788466,0.4253290453892743,0.30210018495264523,0.5412260879909402,1.3483564225531643,0.22726250448696378,-0.10422348641679183,-1.3799652240699831,-1.335613883819479,1,174.4700621508474
-0.26150295345498276,0.3888825097721856,-0.4641953928333642,-0.21756324503076038,0.26845329124570794,-0.41864620524880997,0.45724505504263907,0.24732694050738474,0.7440896208416795,1.1410621452043919,0.046322308522243706,0.19641420589699912,1.3196890376458628,1.2462833484898619,1,144.77721104422693
-0.3236853402932626,0.3800393654223826,-0.43557919236066583,-0.2748368724961018,0.3078581253279871,-0.35381146354022663,0.45140640732594134,0.24860897061394588,0.6509151176079138,1.2086728864781324,0.06469518373504224,0.14452516944759186,1.36287483991733,1.4250125621716134,1,128.31963312049038
-0.36509414564298237,0.3266244391568921,-0.4689561527329771,-0.22994905151250675,0.307000020410655,-0.283414519308571,0.5270502779653046,0.18673913166418565,0.6076027256080831,1.6326931532433757,0.2532657662308894,0.2532657662321798,1.2018367805929064,1.2885731960176992,1,120.68722816257147
-0.3198658686048864,0.36159043113187106,-0.47092793106951525,-0.24518770390526173,0.3114283998476516,-0.33342348079516915,0.47936539982674997,0.2170207535685598,0.6604670853843906,1.3673011641758666,0.0521258308772253,0.005376292285737793,1.433730152488939,1.5003735565632237,1,167.64966606414777
-0.4648263570912228,0.27215710956617506,-0.38077419908115956,-0.2983254179817628,0.4189976754180255,-0.22980312387578988,0.42660288075435693,0.2559714322913777,0.5085448047362783,1.5625881509064665,0.16193732826746202,0.1674317784712946,1.4641787457876305,1.5678023237680099,1,180.4713228879994
-0.5274486572589068,0.20522717521779316,-0.3032895148287593,-0.2912200731235625,0.443972106813369,-0.2331280244205967,0.386766065274297,0.3191209223263661,0.5928979161446031,1.5916033353718408,0.3209034559124885,0.34653886443689974,-1.5707963267885674,1.524437812673347,1,245.87291824563633
-0.4422589225211824,0.2535938363113751,-0.33299922252860664,-0.3303629148816187,0.4299348613971816,-0.287981951727705,0.3453232836526074,0.3647510302979486,0.606274062100589,1.254749368742778,0.056055986653647215,-0.06933313368852853,-1.3719923171685995,-1.45671054762331,1,173.56001641727414
-0.4422589225211824,0.2535938363113751,-0.33299922252860664,-0.3303629148816187,0.4299348613971816,-0.287981951727705,0.3453232836526074,0.3647510302979486,0.606274062100589,1.254749368742778,0.056055986653647215,-0.06933313368852853,-1.3719923171685995,-1.45671054762331,1,255.60294814479997
-0.4648263570912228,0.27215710956617506,-0.38077419908115956,-0.2983254179817628,0.4189976754180255,-0.22980312387578988,0.42660288075435693,0.2559714322913777,0.5085448047362783,1.5625881509064665,0.16193732826746202,0.1674317784712946,1.4641787457876305,1.5678023237680099,1,167.63025914965368
-0.5274486572589068,0.20522717521779316,-0.3032895148287593,-0.2912200731235625,0.443972106813369,-0.2331280244205967,0.386766065274297,0.3191209223263661,0.5928979161446031,1.5916033353718408,0.3209034559124885,0.34653886443689974,-1.5707963267885674,1.524437812673347,1,176.09731691763398
-0.42894692011318575,0.28700007530691934,-0.4229195698436987,-0.2946320157507289,0.4363011394704616,-0.22518636726782756,0.41556535048642285,0.23281830771163708,0.5032560381792094,1.4876209082794378,0.03488083884459141,0.00442474988433065,1.4960853439911062,-1.5007889696164185,1,199.1418858263765
-0.4908837304456967,0.23345060104094156,-0.3288344594552341,-0.3276383689086796,0.469527141289905,-0.21892284750220986,0.35019104861102585,0.3131106153699479,0.6153822905547379,1.4988878567117172,0.06051146691171551,-0.072040065387568,-1.352935788174922,-1.3120254348243274,1,86.51740000385006
-0.4453192212251172,0.22767346197006127,-0.4379915043651395,-0.2204297999891419,0.4251565546026796,-0.2472815893301873,0.4581541709875772,0.24003792734926788,0.44028021682583807,1.8539651322993767,0.08396056804297847,-0.0,-1.5233459375156742,-1.568129666446524,1,205.99042191850182
-0.42894692011318575,0.28700007530691934,-0.4229195698436987,-0.2946320157507289,0.4363011394704616,-0.22518636726782756,0.41556535048642285,0.23281830771163708,0.5032560381792094,1.4876209082794378,0.03488083884459141,0.00442474988433065,1.4960853439911062,-1.5007889696164185,1,202.88840001913874
-0.42894692011318575,0.28700007530691934,-0.4229195698436987,-0.2946320157507289,0.4363011394704616,-0.22518636726782756,0.41556535048642285,0.23281830771163708,0.5032560381792094,1.4876209082794378,0.03488083884459141,0.00442474988433065,1.4960853439911062,-1.5007889696164185,1,202.88840001913874
-0.42894692011318575,0.28700007530691934,-0.4229195698436987,-0.2946320157507289,0.4363011394704616,-0.22518636726782756,0.41556535048642285,0.23281830771163708,0.5032560381792094,1.4876209082794378,0.03488083884459141,0.00442474988433065,1.4960853439911062,-1.5007889696164185,1,199.1418858263765
-0.30421975971404996,0.4288413132068792,-0.4194497590240829,-0.27787486095948444,0.24410443461084882,-0.3665397905790771,0.479565084127284,0.2155733383316823,0.7150594182656926,1.130294444854324,0.22274598085624644,0.10404064371340413,1.4379624681406757,-1.5707963267913756,1,178.303344998349
-0.2559477575238059,0.4365580877610518,-0.4664346760510156,-0.24295361986675376,0.23966266212724802,-0.3779802012926895,0.48271977144757344,0.18437573339839144,0.7731226397132499,1.165266826929932,0.10757503255624991,0.0038759495827020854,1.455480096556671,-1.54606638705519,1,156.4951695161106
-0.37878717090146974,0.31976987502860754,-0.4376243265402021,-0.2793960592880294,0.3801172891770484,-0.29316445718883155,0.4362942082646235,0.2527906414482534,0.5356546735430386,1.4257947203629673,0.004651129256196817,0.004651129251130919,1.4850961013486932,1.5502512727649196,1,162.10437636066075
-0.351939077467868,0.3004439991076978,-0.45684043252834156,-0.2170336039313847,0.3391583112140767,-0.35074762647149454,0.4696211987821329,0.2673372312951815,0.6033040557298182,1.4227173614010278,0.008016129003027856,0.25184668700670876,1.28537210640804,1.159218871263909,1,164.13158661516735
-0.2559477575238059,0.4365580877610518,-0.4664346760510156,-0.24295361986675376,0.23966266212724802,-0.3779802012926895,0.48271977144757344,0.18437573339839144,0.7731226397132499,1.165266826929932,0.10757503255624991,0.0038759495827020854,1.455480096556671,-1.54606638705519,1,166.7824333320415
-0.4453192212251172,0.22767346197006127,-0.4379915043651395,-0.2204297999891419,0.4251565546026796,-0.2472815893301873,0.4581541709875772,0.24003792734926788,0.44028021682583807,1.8539651322993767,0.08396056804297847,-0.0,-1.5233459375156742,-1.568129666446524,1,194.73875465004198
-0.37878717090146974,0.31976987502860754,-0.4376243265402021,-0.2793960592880294,0.3801172891770484,-0.29316445718883155,0.4362942082646235,0.2527906414482534,0.5356546735430386,1.4257947203629673,0.004651129256196817,0.004651129251130919,1.4850961013486932,1.5502512727649196,1,154.35832956402967
-0.351939077467868,0.3004439991076978,-0.45684043252834156,-0.2170336039313847,0.3391583112140767,-0.35074762647149454,0.4696211987821329,0.2673372312951815,0.6033040557298182,1.4227173614010278,0.008016129003027856,0.25184668700670876,1.28537210640804,1.159218871263909,1,167.05853420054655
-0.351939077467868,0.3004439991076978,-0.45684043252834156,-0.2170336039313847,0.3391583112140767,-0.35074762647149454,0.4696211987821329,0.2673372312951815,0.6033040557298182,1.4227173614010278,0.008016129003027856,0.25184668700670876,1.28537210640804,1.159218871263909,1,167.05853420054655
-0.45299915308776373,0.25138812484935663,-0.3960250377078786,-0.27425561002896703,0.43294346354140995,-0.251928301664623,0.4160807272542324,0.27479578684423345,0.48642803120974615,1.6135877655070894,0.0759642961100458,0.08104039464341553,-1.570796326791671,-1.5707963267918197,1,162.42223487257252
-0.45299915308776373,0.25138812484935663,-0.3960250377078786,-0.27425561002896703,0.43294346354140995,-0.251928301664623,0.4160807272542324,0.27479578684423345,0.48642803120974615,1.6135877655070894,0.0759642961100458,0.08104039464341553,-1.570796326791671,-1.5707963267918197,1,184.72652960184297
-0.3866659830834375,0.3316700449269132,-0.41490523517142003,-0.2729793762575842,0.3330656653389337,-0.31365838095275295,0.4685055529159237,0.2549677122834239,0.5700900932815208,1.368932085833877,0.18716132347301956,0.007662685269568603,-1.5707963267918006,-1.535675638804944,1,192.9342168857507
-0.34474055483993943,0.28839878727759183,-0.4634119215311664,-0.232034379728479,0.38088958850096644,-0.3445448119898203,0.4272628878701394,0.2881804044407074,0.5637469196392788,1.4071945911645198,0.1510305046279544,0.026194880321984144,1.452888477398446,1.3206932575745896,1,214.0863369272679
-0.4172626710435961,0.27075323006140495,-0.3702990921434726,-0.31162929353954233,0.42264889170669545,-0.300281005593424,0.3649128714803734,0.34115706907156135,0.5482828139627706,1.286656111182683,0.009302057277246789,-0.009302057275179085,-1.4953384952121296,-1.5707963267914364,1,163.36992266853898
-0.3922748382393232,0.2967812900443008,-0.42605553123673706,-0.2852536756227645,0.4098671064875997,-0.28882618273197236,0.4084632629884605,0.277298568310436,0.489522543314225,1.4274453052338258,0.060453641147741294,-0.2973024020955705,-1.3271941252873722,-1.3071416743974127,1,206.775183753715
-0.4180594303337359,0.3059058729827041,-0.37255472819234253,-0.3267141828991037,0.39880200436800417,-0.28398710770350544,0.39181215415807424,0.3047954176199051,0.5167629264687085,1.2912354376168464,0.05993572376915675,0.16859693961013353,1.4186706956581183,1.475377403545006,1,161.8446511470875
-0.4150149521809252,0.3133001026379819,-0.37429304026195354,-0.31935111204356015,0.3809781508282575,-0.29330986618832317,0.40832984161462127,0.2993608755939014,0.5208900838964763,1.3014197628783404,0.11039557806121574,-0.21135497633634798,-1.329628620825285,-1.2782345603882876,1,184.0996612270157
-0.33697858146897136,0.35058322675129705,-0.4432445115261613,-0.27415268972836887,0.3461383129812182,-0.3388390375487983,0.4340847800139144,0.26240850052587006,0.6048503467103574,1.2725572366461713,0.023241496172554745,-0.1808383977018633,-1.4766799258375682,-1.4445825983262601,1,189.14742862616234
-0.382241696868243,0.2968032809406292,-0.4135415417882921,-0.2926789520409682,0.4074752145038261,-0.31213783645988225,0.38830802415270904,0.3080135075602214,0.509154644877583,1.3238974069940952,0.0839448089801878,-0.2068739489805703,-1.3932732215380925,-1.431517067254995,1,187.9337257351112
-0.39364339638668583,0.30241725175440504,-0.3882597036606747,-0.3193833163854547,0.4095463040700607,-0.30321850737265316,0.3723567959772998,0.3201845720037028,0.5136943406970413,1.255831812444014,0.05092700649868709,-0.23949926591105225,-1.3428978530542497,-1.3458298175027497,1,190.4296268543636
-0.30894169966837176,0.3184368982077483,-0.4553711159596749,-0.1779754758164905,0.27992812701494957,-0.41755034523348994,0.484384688613097,0.2770889228422321,0.6916482841154173,1.2768642567482253,0.0005893155269994768,-0.05695587608690364,-1.4857081516346713,1.392984161245562,1,210.42014892416452
-0.4172626710435961,0.27075323006140495,-0.3702990921434726,-0.31162929353954233,0.42264889170669545,-0.300281005593424,0.3649128714803734,0.34115706907156135,0.5482828139627706,1.286656111182683,0.009302057277246789,-0.009302057275179085,-1.4953384952121296,-1.5707963267914364,1,176.46381997770436
-0.3762053308933219,0.33075676566190143,-0.4050525660527378,-0.24229527265811016,0.29407379294184594,-0.35931364495572055,0.4871841040042138,0.27085215195192924,0.6157061252743004,1.2929646835000332,0.24706068573938472,0.11924720695855337,1.567092640029845,1.4705239919170623,1,180.60795212188563
-0.4299294152044554,0.24565358135015272,-0.42561551417594135,-0.2667635517703842,0.460504957143835,-0.24844255030626416,0.39503997223656184,0.26955252072649566,0.47755426539405943,1.6602791115372935,0.11729646099453234,-0.08047101126589164,-1.5025793598934492,-1.5108681716703674,1,169.54708423700245
-0.43906135866893625,0.29700942485472964,-0.40238734413543936,-0.28645380443791646,0.38036760069961917,-0.24787641194861473,0.46108110210475645,0.23732079153180152,0.5252000269864477,1.5427578218853115,0.22761561241168132,-0.12786991856060217,-1.4293975282496496,-1.3139399743043454,1,154.3487130316505
-0.43906135866893625,0.29700942485472964,-0.40238734413543936,-0.28645380443791646,0.38036760069961917,-0.24787641194861473,0.46108110210475645,0.23732079153180152,0.5252000269864477,1.5427578218853115,0.22761561241168132,-0.12786991856060217,-1.4293975282496496,-1.3139399743043454,1,179.66670512060765
-0.39925282457821937,0.24781532908024223,-0.49997528592908025,-0.1972015871056794,0.3910797566876114,-0.22264160085441115,0.5081483538196883,0.1720278588798483,0.47427875255075413,2.142860643776248,0.06577325138423741,0.06577325138402937,1.3109819569520142,1.3657673274304543,1,164.79099287041717
-0.4299294152044554,0.24565358135015272,-0.42561551417594135,-0.2667635517703842,0.460504957143835,-0.24844255030626416,0.39503997223656184,0.26955252072649566,0.47755426539405943,1.6602791115372935,0.11729646099453234,-0.08047101126589164,-1.5025793598934492,-1.5108681716703674,1,174.44621020026347
-0.011079420087324,-0.03926092741272917,0.003057837671991211,-0.03488191484985401,0.7091095717071203,0.036627726891784174,-0.7010879892917874,0.037515115370799025,0.10826938827647926,18.36767707571217,0.3010066423809869,-1.5707963265448965,-1.3713557800155516,-1.1596065132199174,1,178.90245088634117
-0.3762053308933219,0.33075676566190143,-0.4050525660527378,-0.24229527265811016,0.29407379294184594,-0.35931364495572055,0.4871841040042138,0.27085215195192924,0.6157061252743004,1.2929646835000332,0.24706068573938472,0.11924720695855337,1.567092640029845,1.4705239919170623,1,193.86250964290983
-0.011079420087324,-0.03926092741272917,0.003057837671991211,-0.03488191484985401,0.7091095717071203,0.036627726891784174,-0.7010879892917874,0.037515115370799025,0.10826938827647926,18.36767707571217,0.3010066423809869,-1.5707963265448965,-1.3713557800155516,-1.1596065132199174,1,236.25731204353812
-0.42221638176633863,-0.1199603643360395,0.4918217551005473,-0.2735407060770534,0.4045868129991573,0.30778975405428655,-0.4741921863333659,0.08571131635880634,0.561573329067066,1.6617294425199427,0.41399900261231193,1.1567973241890466,0.09858051363987934,-0.0,1,99.01405011112438
-0.011079420087324,-0.03926092741272917,0.003057837671991211,-0.03488191484985401,0.7091095717071203,0.036627726891784174,-0.7010879892917874,0.037515115370799025,0.10826938827647926,18.36767707571217,0.3010066423809869,-1.5707963265448965,-1.3713557800155516,-1.1596065132199174,1,236.08305210568525
-0.39925282457821937,0.24781532908024223,-0.49997528592908025,-0.1972015871056794,0.3910797566876114,-0.22264160085441115,0.5081483538196883,0.1720278588798483,0.47427875255075413,2.142860643776248,0.06577325138423741,0.06577325138402937,1.3109819569520142,1.3657673274304543,1,161.884386011355
-0.4683643610358677,0.1529128921572623,0.06931764351830062,0.421036390650015,0.5294402821339987,-0.049111749055924143,-0.13039356461643153,-0.5248375337513532,0.9437973936209885,1.0549023685174157,0.16208746248743822,-0.0,-1.2587542052250589,-1.57079632678823,1,100.24511654686751
-0.4683643610358677,0.1529128921572623,0.06931764351830062,0.421036390650015,0.5294402821339987,-0.049111749055924143,-0.13039356461643153,-0.5248375337513532,0.9437973936209885,1.0549023685174157,0.16208746248743822,-0.0,-1.2587542052250589,-1.57079632678823,1,113.77606206371352
-0.40677092757221117,0.22580207001452932,-0.3946182579114016,-0.2719044667388493,0.4510784863469073,-0.3135814849018846,0.35031069913670543,0.35968388162620457,0.5775603000881617,1.274162398019813,0.12415493675516047,-0.15444869667464176,-1.342693698511565,-1.5669649279144775,1,155.17577074798982
-0.336615508309882,0.3418697213591282,-0.4632269471336204,-0.22955722846209936,0.30451480775696554,-0.33736219656058525,0.49532764768653686,0.22504970366355642,0.6510808758704493,1.4112331436896053,0.10904140659323547,-0.07854180092643465,-1.5707963267914122,-1.5707963267916811,1,157.92690277781747
-0.40677092757221117,0.22580207001452932,-0.3946182579114016,-0.2719044667388493,0.4510784863469073,-0.3135814849018846,0.35031069913670543,0.35968388162620457,0.5775603000881617,1.274162398019813,0.12415493675516047,-0.15444869667464176,-1.342693698511565,-1.5669649279144775,1,147.85697540383003
-0.392349362344043,0.31826727302594876,-0.44784191408386836,-0.26105336994459094,0.35259475984533795,-0.26561595539112975,0.48759651658257336,0.20840205230977193,0.5461868108829274,1.6020984764409791,0.18195931667802095,0.06816730953448286,1.412831433849294,1.5313431257004846,1,186.21804034181613
-0.41617967728256117,0.30430597171039275,-0.3466885684872757,-0.3597296992226734,0.4125838349547809,-0.2806170577417161,0.35028441081505607,0.33604078525399667,0.5766291904259622,1.1911449691067362,0.0035842140461998773,0.003584214042305196,1.567661540828219,-1.511490952931529,1,193.87271648295936
-0.5032193711205928,0.18316486626701753,-0.3992274118869699,-0.20323022853516273,0.4468978732391703,-0.21919647977659487,0.4555489097683925,0.23926184204474008,0.43955529707189045,2.0912877687115587,0.28177186727356623,0.2817718672756951,-1.5707963267909126,1.4934859326189052,1,174.28944692347702
-0.49423861097378435,0.18341329528065686,-0.3797288597292438,-0.24432024937529107,0.49379170270345063,-0.2225116179851143,0.38017576799957753,0.2834185720797485,0.5214219533018771,1.8721956269071058,0.040675227527054186,-0.0,-1.3341786728430527,-1.423091012237608,1,133.98503450164984
-0.44731438902121196,0.21779248285957806,-0.35261314552180545,-0.3014065187655076,0.46600492930648657,-0.27845365549070145,0.33392260523653083,0.36206769139663103,0.6059638133532927,1.3765709417770784,0.02294472297323447,-0.09521681768384262,-1.323195292053381,-1.477781919891647,1,157.09373182598904
-0.3999417476225413,0.33889351822492225,-0.35057692528145007,-0.35483465336894515,0.366987728387141,-0.30386507179504824,0.38353094451685044,0.3198062069390711,0.5435170782115852,1.1293655414617698,0.09755831690346149,0.003816775359062545,1.5671063066463862,-1.479216476648838,1,160.77131287457237
-0.38401108819926816,0.3123441772725263,-0.429939488132105,-0.2799527913878659,0.38433808424250604,-0.2981068606042703,0.4296124920888671,0.2657154747196099,0.5247143984349482,1.4080604780533603,0.0027391468058135813,-0.25182006152056,-1.3740732617965623,-1.3391169626464028,1,171.05400804949642
-0.33131360145095184,0.3535261491731248,-0.4328558613629412,-0.26021210120336014,0.31954036038806377,-0.36760965958733066,0.4446291024258292,0.27429561161756605,0.6327858290369539,1.2168095844485383,0.028495532792135923,-0.2530756521656471,-1.3399012394875676,-1.3799280893828723,1,182.21550891076959
-0.3964356473490453,0.31887431490740636,-0.3815676365847965,-0.31701394283438594,0.3790432144886202,-0.310947622327792,0.3989600694452216,0.3090872502547715,0.5057827965675905,1.2508419633646448,0.05548833546149311,-0.23472261248618054,-1.3206719114841814,-1.3003924628251933,1,174.6438379961022
-0.3453073902205462,0.32949569657824407,-0.45911435002130546,-0.2710400544446579,0.37961193251896314,-0.3135424105532281,0.4248098077228885,0.255086768419642,0.5683969172436073,1.3746061826526736,0.10796914736453553,-0.23571013348666223,-1.4717426803731826,-1.4260529800634885,1,159.88686161990626
-0.3453073902205462,0.32949569657824407,-0.45911435002130546,-0.2710400544446579,0.37961193251896314,-0.3135424105532281,0.4248098077228885,0.255086768419642,0.5683969172436073,1.3746061826526736,0.10796914736453553,-0.23571013348666223,-1.4717426803731826,-1.4260529800634885,1,168.93083336855258
-0.4422894132140674,0.27433904946428417,-0.41223310949076386,-0.2660123738780551,0.3963370253762043,-0.25050434825587575,0.458185497328627,0.24217767266964665,0.48657289959581046,1.666461624127525,0.18044736135304323,-0.14461443922063266,-1.3897927412498592,-1.3349146835320451,1,181.00134840689898
-0.4422894132140674,0.27433904946428417,-0.41223310949076386,-0.2660123738780551,0.3963370253762043,-0.25050434825587575,0.458185497328627,0.24217767266964665,0.48657289959581046,1.666461624127525,0.18044736135304323,-0.14461443922063266,-1.3897927412498592,-1.3349146835320451,1,162.9476187872408
-0.3844105873991804,0.2553903002757082,-0.4531684932966233,-0.20204813575351505,0.37107305213720054,-0.3300465792779159,0.4665060285586031,0.27670441475572277,0.5580134303230699,1.5157363249482194,0.006813323549572399,0.010928526653444891,1.5647357949396163,1.38563079197704,1,164.9789584940531
-0.44235269671275984,0.3002256877166416,-0.36878022396972904,-0.3231623740805235,0.3975138596093559,-0.2572274071363982,0.41361906107313295,0.2801640935002801,0.5336025750392601,1.3730961663240906,0.1474371641280994,-0.049958395722169466,-1.4891935552274496,-1.3799280893828723,1,145.22349038117838
-0.3919252893807963,0.2865453114535496,-0.36526045231735876,-0.2996519070226908,0.3815496373218572,-0.3500356732613678,0.3756361043762979,0.36314226883050893,0.5516252564854636,1.0845469006429378,0.03716487557229665,0.2923472661939768,1.3912687722356605,1.2244422369371966,1,150.1874470651627
-0.5696515599442116,0.20529996732980244,0.627732745373773,0.23431947572869274,-0.18133368908294617,-0.07893869268290149,0.12325250365338469,-0.3606807503755936,0.7124439323979248,2.0124098324428497,2.370905127132157,-0.6173551380610867,0.962534278577676,-0.09179153515184295,1,109.1485368868837
-0.45322574827064777,0.2722878156450665,-0.4214642180721103,-0.2855441161847416,0.444248556069605,-0.19155583641049537,0.43044141027315297,0.20481213695017053,0.5006398249577364,1.6088614744522511,0.022055964055754954,0.10422348641679183,1.4153049435289389,-1.5419329536919955,1,180.56423864409757
-0.5441760301657044,-0.24354172920913747,0.41996211176748754,-0.12942342549769928,0.4770475675603782,0.06436827243781253,-0.3528336491621614,0.3085968822690242,0.563856979257212,1.8495783060563484,0.40402811807402883,-0.878936776001269,-0.2875758307842778,-0.24044868278935766,1,180.03541454254736
-0.42257027966964145,0.2609123378142347,-0.4522566872858913,-0.25967981948329283,0.4524108458285961,-0.222289079457627,0.42241612112693666,0.22105656112668517,0.47096282270110335,1.7377663501708382,0.12451507138247411,0.1152280374887095,1.3572982627309553,1.4457380974864236,1,193.15010749358174
-0.4147320903726098,0.21694483892391708,-0.4996462643783202,-0.18824274994936147,0.4340474807666594,-0.20970154825627796,0.48033087398427055,0.18099945928172234,0.4181037056015855,2.2969305912549434,0.0886650681855946,0.005987952383949107,1.3812090413635592,1.398368433094678,1,200.24767695022592
-0.4147320903726098,0.21694483892391708,-0.4996462643783202,-0.18824274994936147,0.4340474807666594,-0.20970154825627796,0.48033087398427055,0.18099945928172234,0.4181037056015855,2.2969305912549434,0.0886650681855946,0.005987952383949107,1.3812090413635592,1.398368433094678,1,187.1019975693888
-0.41226733549843664,0.29426389691554616,-0.39991937886634066,-0.2862591491989948,0.38885330950834374,-0.29650407213042984,0.4233334048564336,0.2884993244138785,0.49364615231276054,1.414431357380922,0.08013907439622024,-0.34506594458509565,-1.1914754855793905,-1.1975645835229836,1,175.48375377583494
-0.39190044799511803,0.3090204291848611,-0.38086635375649325,-0.3239056426231105,0.3989889847211861,-0.31031006222194785,0.3737778170304252,0.3251952756601972,0.5133670570367173,1.2184383205126066,0.02221856532761274,-0.0,-1.5707963267912735,1.5671063066463862,1,147.83958389640034
-0.39190044799511803,0.3090204291848611,-0.38086635375649325,-0.3239056426231105,0.3989889847211861,-0.31031006222194785,0.3737778170304252,0.3251952756601972,0.5133670570367173,1.2184383205126066,0.02221856532761274,-0.0,-1.5707963267912735,1.5671063066463862,1,170.693091874137
-0.3630095457469915,0.3133898093897343,-0.42212570762711793,-0.2653880897375809,0.3608117422842484,-0.34803967530530844,0.42432351108986105,0.30003795565315505,0.559866470556493,1.2797270734116744,0.00409833771441833,-0.0,-1.567406509267068,1.485966382752078,1,166.1354810399496
-0.3670296034501954,0.3339619698071437,-0.4421518468514905,-0.269143833762898,0.35026857467914335,-0.3066646210989162,0.45891287562254257,0.24184648505467052,0.5772460213442548,1.406536561649161,0.07161960711237882,0.39337016151047066,1.100819688381043,1.164574164357661,1,195.37323178924584
-0.3630095457469915,0.3133898093897343,-0.42212570762711793,-0.2653880897375809,0.3608117422842484,-0.34803967530530844,0.42432351108986105,0.30003795565315505,0.559866470556493,1.2797270734116744,0.00409833771441833,-0.0,-1.567406509267068,1.485966382752078,1,154.40360080947406
-0.4879538347417925,0.21896173241994774,-0.3201656820054918,-0.32811571701665176,0.4788302183101367,-0.22837504515694756,0.3292892984371476,0.33752902975365157,0.6435347261753188,1.452402438001274,0.03924527350635528,-0.2584549362108589,-1.1389401231413947,-1.1588268022694646,1,74.62627840894595
-0.5220519919915678,0.152182967807408,-0.2519801573405985,-0.3292736651897775,0.5039797290681223,-0.21949886983460573,0.270052420264044,0.39658956721697525,0.7447587016002504,1.4135331220148255,0.14832648472054846,-0.011904199558451534,-1.1918873924051978,-1.3469683553166514,1,77.678928948494
-0.4128121878124757,0.2679555392186092,-0.4349378534460468,-0.282643564376654,0.4607312443657602,-0.2442140403899515,0.3870187968927625,0.2589020655479962,0.493154602373159,1.6267173193042452,0.18563987533247264,-0.19999295660705826,-1.4538461110762604,-1.3996477213757177,1,190.63134429606697
-0.41226733549843664,0.29426389691554616,-0.39991937886634066,-0.2862591491989948,0.38885330950834374,-0.29650407213042984,0.4233334048564336,0.2884993244138785,0.49364615231276054,1.414431357380922,0.08013907439622024,-0.34506594458509565,-1.1914754855793905,-1.1975645835229836,1,202.6952757549565
-0.40326808960754984,0.29710383420517383,-0.4543590655603225,-0.2796720686074868,0.42832213584486395,-0.22840992947769692,0.42930501932300846,0.2109781638800099,0.5096761503417069,1.5320752489383194,0.08611275924814818,-0.19497034229342997,-1.5221860025103147,-1.3610971372588345,1,187.47133998352334
-0.39754019427853277,0.31864276797647734,-0.43988784264545333,-0.2894540548137637,0.39414828674402136,-0.2500384232330438,0.4432797501799648,0.2208497100703302,0.537051407188442,1.452346994304328,0.03443430288727012,-0.1957006462194966,-1.4918468439966215,-1.3288365224187082,1,167.50979093603596
-0.3618942475345673,0.2887750436175357,-0.4807223141627471,-0.22627990925310437,0.380060546643511,-0.29863126155461606,0.4625560150538033,0.2361361271901847,0.5540876381140544,1.6058362344954789,0.073684437030308,0.146012257711981,1.2818977984841193,1.2618026858366447,1,178.42444821715438
-0.39754019427853277,0.31864276797647734,-0.43988784264545333,-0.2894540548137637,0.39414828674402136,-0.2500384232330438,0.4432797501799648,0.2208497100703302,0.537051407188442,1.452346994304328,0.03443430288727012,-0.1957006462194966,-1.4918468439966215,-1.3288365224187082,1,198.22075594752198
-0.3930196022938265,0.24031137816231762,0.48972379335180216,0.10048060146179856,0.43814936453359493,-0.14083663904680566,-0.5348535555915706,-0.19995534057731057,0.45108730751424575,2.327174199940612,0.2177838937900068,-0.28309578530047086,-1.3411538844974478,-1.4422572562393694,1,193.29060367291132
-0.40326808960754984,0.29710383420517383,-0.4543590655603225,-0.2796720686074868,0.42832213584486395,-0.22840992947769692,0.42930501932300846,0.2109781638800099,0.5096761503417069,1.5320752489383194,0.08611275924814818,-0.19497034229342997,-1.5221860025103147,-1.3610971372588345,1,182.92499423090405
-0.41617102105535314,0.27128697574484323,-0.4582316261639813,-0.2581498778642234,0.4363883368374881,-0.2236052590486758,0.4380143103818462,0.21046816116805597,0.47450562870473406,1.6928287678432203,0.07553171001256623,-0.0,1.4529242236002755,1.5625997890477161,1,198.85904439841119
-0.3239187598945025,0.37148825033098776,-0.44671991205864287,-0.28471396223933343,0.3399511234642396,-0.33632824514452736,0.4306875484889058,0.24955395705287298,0.6210434738288371,1.2395973619661143,0.03134861185105618,0.24281883927359896,1.2084952210668098,1.3031800220176355,1,84.63025399514243
-0.29004226364850555,0.39124060444959935,-0.46614108942798216,-0.2256829508816072,0.25450424341703987,-0.36950775612526543,0.5016791096594478,0.2039501025572733,0.7362676297870017,1.272194919166293,0.12891077168466014,0.1289107716851719,1.3608228139405738,1.396124127793788,1,79.30466131989294
-0.5383001306855288,0.13780892412350795,-0.1778377723360932,-0.40565530276722755,0.5356578212546259,-0.13035504392964803,0.18048008176699612,0.3982014225733676,0.863308322400105,1.3360066764200018,0.006024023527292371,0.24497866312882494,1.5432171144020472,1.5638998844134444,1,96.65730214883696
-0.3538509208445081,0.32700742307068137,-0.4499571614919576,-0.2574894992226991,0.35410773965480674,-0.32549451300676224,0.4497003426816589,0.25597658915878,0.5870282632798856,1.378781355932772,2.6986447238768916e-05,0.005181300784265422,1.48702338305492,1.4908146420584891,1,142.43889092997145
-0.5972575801274481,0.1473454253948242,-0.17462447277174695,-0.35192907357695374,0.49004570768714345,-0.14942346509410268,0.2818363452120516,0.35400711327623224,0.767566736952765,1.5402288592987496,0.310296301632811,0.27416745112237373,-1.4382447944888652,-1.3734007669378934,1,88.329681731205
-0.4448385600250515,0.30158405395131155,-0.348698728896158,-0.3357786237101189,0.3906009360948153,-0.26690640896540835,0.4029363528263942,0.30110097872421565,0.5403400885091834,1.33012952054558,0.1714250182350383,-0.0044052578468302675,-1.5095702643211055,-1.4161098227067106,1,166.42305930125167
-0.3489022796912548,0.33205147566824367,-0.45113008055273873,-0.30179666547615674,0.4148531970795723,-0.29124839327665375,0.38517916316442125,0.2609935830845669,0.5489018907893756,1.366231469999731,0.21358637727247703,-0.1396473396150056,1.538359330296439,-1.4945555029173059,1,174.8799560008229
-0.34694102337790667,0.3032673859421335,-0.4572218188365569,-0.1966440568274336,0.30854316735450077,-0.36429247331438713,0.49561967485996283,0.2576691441996873,0.6360787334258216,1.4273498930234136,0.07505333615609502,0.005208286239098994,1.563993710643489,1.4025307763599084,1,160.33543628971537
-0.24367677656920358,0.4336804293897612,-0.4881362350795292,-0.2470995224705202,0.26818873787759234,-0.3661721787132382,0.4636242737711404,0.1795912717939972,0.7612681252936458,1.189919866746385,0.0008786654750285294,0.0035460844270512205,1.3786569603296102,1.5673833707667713,1,163.5050829548786
-0.207222877246805,0.42935177874426544,-0.4734874545386532,-0.15046823829394051,0.1565104714215825,-0.4458040011355249,0.5241998603638758,0.16692046068519992,0.8731318201496967,1.1400111132666795,0.10999090915736415,0.00787385302413154,-1.5707963267912866,1.476917252590726,1,169.8486740240782
-0.4782831216211021,0.19502265455290294,-0.4060469973640478,-0.23491778458902324,0.48281846524941685,-0.22298226129731236,0.401511653735733,0.2628773913334327,0.4784317335155615,1.9307169562049644,0.0006496991127499088,0.00564965740361629,-1.423413433802773,-1.4869596847237005,1,170.57644116677486
-0.4782831216211021,0.19502265455290294,-0.4060469973640478,-0.23491778458902324,0.48281846524941685,-0.22298226129731236,0.401511653735733,0.2628773913334327,0.4784317335155615,1.9307169562049644,0.0006496991127499088,0.00564965740361629,-1.423413433802773,-1.4869596847237005,1,185.67740878149314
-0.4668091605465458,0.21000693922290756,-0.43194956754311953,-0.2115982366855825,0.43630197231647094,-0.22548418059244626,0.4624567557731944,0.22707547805512118,0.42054826588248057,2.053355615250297,0.1402241697924632,0.15865526218718143,1.5106280756422878,1.4762707416600762,1,239.47973741625265
-0.556790446222469,0.17999950482595498,-0.26902816444925687,-0.29650834993795405,0.46440273515334884,-0.21027186239450407,0.36141587551837706,0.3267807075065032,0.63649853548844,1.6383942075973614,0.3538179119380321,0.11598198448144068,-1.2605395191063629,-1.3020126374773968,1,63.54455440667662
-0.40022981267788976,0.2867657554426274,-0.3976430988086828,-0.3334215757795125,0.4631951178716555,-0.2600836208064241,0.334677793614917,0.30673944114330925,0.5527309815771136,1.3487621203489188,0.21879220484074804,-0.2817718672756951,-1.3698420631008728,-1.3120254348243274,1,81.25554512661309
-0.5443588348865661,0.1700393219508655,-0.2456886573683284,-0.3476248026249823,0.5155204028739998,-0.17260681786405557,0.2745270893808946,0.35019229853817235,0.739601857277092,1.5188496183224929,0.09136727817966891,0.05400150037645385,-1.3274871111922057,-1.318041770620757,1,88.34253994481041
-0.40022981267788976,0.2867657554426274,-0.3976430988086828,-0.3334215757795125,0.4631951178716555,-0.2600836208064241,0.334677793614917,0.30673944114330925,0.5527309815771136,1.3487621203489188,0.21879220484074804,-0.2817718672756951,-1.3698420631008728,-1.3120254348243274,1,92.32941306891453
-0.4782831216211021,0.19502265455290294,-0.4060469973640478,-0.23491778458902324,0.48281846524941685,-0.22298226129731236,0.401511653735733,0.2628773913334327,0.4784317335155615,1.9307169562049644,0.0006496991127499088,0.00564965740361629,-1.423413433802773,-1.4869596847237005,1,189.738790260845
-0.4035737151978739,0.18921018961359962,-0.5431198022730712,-0.17458851811071677,0.5290921800671923,-0.11082697367714993,0.4176013374037529,0.09620530217426704,0.3900693335819154,2.9472671550905476,0.8602580111083765,-0.0,1.1451269937104778,1.3173020544318739,1,103.34087015854209
-0.4782831216211021,0.19502265455290294,-0.4060469973640478,-0.23491778458902324,0.48281846524941685,-0.22298226129731236,0.401511653735733,0.2628773913334327,0.4784317335155615,1.9307169562049644,0.0006496991127499088,0.00564965740361629,-1.423413433802773,-1.4869596847237005,1,243.51677018414304
-0.4668091605465458,0.21000693922290756,-0.43194956754311953,-0.2115982366855825,0.43630197231647094,-0.22548418059244626,0.4624567557731944,0.22707547805512118,0.42054826588248057,2.053355615250297,0.1402241697924632,0.15865526218718143,1.5106280756422878,1.4762707416600762,1,256.3076874492682
-0.4668091605465458,0.21000693922290756,-0.43194956754311953,-0.2115982366855825,0.43630197231647094,-0.22548418059244626,0.4624567557731944,0.22707547805512118,0.42054826588248057,2.053355615250297,0.1402241697924632,0.15865526218718143,1.5106280756422878,1.4762707416600762,1,452.92779702966976
-0.4226900908143817,0.32768457594302314,-0.3661305841445353,-0.3247896240964598,0.3578253115522429,-0.284834008781695,0.4309953634066741,0.28193905693513166,0.557007733828226,1.3083819316831178,0.21485776526496342,0.2621198412669989,1.3400102590464786,1.448679716874611,1,137.29886213407983
-0.46813174035945837,0.1631575467295606,-0.4360250414205573,-0.1693547238867416,0.4526054625921956,-0.2485598388918083,0.45155131918782015,0.2547570160489893,0.4634225532166133,1.8293391010320035,0.09416513073199703,-0.0,-1.3856400578365322,1.5677842877139578,1,199.8710612363515
-0.4668091605465458,0.21000693922290756,-0.43194956754311953,-0.2115982366855825,0.43630197231647094,-0.22548418059244626,0.4624567557731944,0.22707547805512118,0.42054826588248057,2.053355615250297,0.1402241697924632,0.15865526218718143,1.5106280756422878,1.4762707416600762,1,427.1348508986457
-0.46813174035945837,0.1631575467295606,-0.4360250414205573,-0.1693547238867416,0.4526054625921956,-0.2485598388918083,0.45155131918782015,0.2547570160489893,0.4634225532166133,1.8293391010320035,0.09416513073199703,-0.0,-1.3856400578365322,1.5677842877139578,1,171.36355924976164
-0.4495435770624957,0.264129702481776,-0.3871228795066852,-0.2854903440356269,0.41965930898197734,-0.2600041606361891,0.41700714758720364,0.28136480219004,0.4927121290685115,1.5333774277819479,0.10818713889184575,0.005290955918428742,-1.4945806089902967,-1.4828878848028442,1,168.41454427269701
-0.4153658696176872,0.2562946936518384,-0.40375370876051725,-0.26816154130068853,0.4203581174063812,-0.3031575774435179,0.39876146097182325,0.31502442509236805,0.5166295278658134,1.3519060464325858,0.012783837382323422,0.07677189127014568,1.5586018093496932,1.4441486347016794,1,182.4904057276448
-0.4361348776659162,0.2749863102816889,-0.37991998155438744,-0.32291391927566304,0.44901651565293793,-0.24813434063177237,0.36703834356736575,0.29606194962574645,0.547887352788831,1.4300256888687224,0.05577165465209159,0.24958692543815786,1.3249864086674734,1.388719902753741,1,196.360589086192
-0.4495435770624957,0.264129702481776,-0.3871228795066852,-0.2854903440356269,0.41965930898197734,-0.2600041606361891,0.41700714758720364,0.28136480219004,0.4927121290685115,1.5333774277819479,0.10818713889184575,0.005290955918428742,-1.4945806089902967,-1.4828878848028442,1,180.77763990842323
-0.4326553278192388,0.2616099137899646,-0.39976288321135184,-0.26844257905103,0.4109502919052779,-0.28464542060067416,0.42146791912531273,0.2914780858617395,0.49208047998075716,1.4825349727337926,0.08022942647423537,-0.0,-1.488837476852646,-1.5437758776042558,1,145.6814431786233
-0.4751012557861921,0.2155229750939372,-0.4172589494674956,-0.22808577713330727,0.4426203731262683,-0.221142067437115,0.44973983212741936,0.23370486947648508,0.4270829639989305,2.0027280645532244,0.14531001063595458,-0.0,-1.4492125048820994,-1.4607944135190067,1,186.2113452561713
-0.39124133806999867,0.3313832440286101,-0.42386004333924704,-0.2654566569550737,0.3239919117624957,-0.29626764252776816,0.49110946964674995,0.2303410554542318,0.5742814259977186,1.4577682157130365,0.25269626072677465,-0.0,1.5573743140581606,-1.511376273021597,1,199.0207839215779
-0.39124133806999867,0.3313832440286101,-0.42386004333924704,-0.2654566569550737,0.3239919117624957,-0.29626764252776816,0.49110946964674995,0.2303410554542318,0.5742814259977186,1.4577682157130365,0.25269626072677465,-0.0,1.5573743140581606,-1.511376273021597,1,154.08999213548245
-0.6254674737755563,0.20819312059827244,-0.040882564178652554,-0.27561903891889883,0.18820936798905133,-0.2990740834147549,0.4781406699651575,0.36650000173538133,0.7345329806344656,1.6581296783689659,1.2902650821066581,0.7397156823255063,-1.3290434589177402,1.568049080961896,1,183.53577152883628
-0.5011095490995516,0.1986119304545779,-0.3898448994939583,-0.22916689604135265,0.45286425969308214,-0.21653079434581116,0.4380901889004279,0.24708575993258586,0.45433256016706597,2.0030834407458653,0.22260413590985978,0.12355048949184298,-1.4548799504990009,-1.4914525450038707,1,166.66344938946406
-0.4413208485489863,0.2720962562094223,-0.40316700196446525,-0.2942172178457633,0.43801315230669513,-0.23870967642156304,0.4064746982067565,0.26083063805790413,0.4979786928794265,1.5527336733824433,0.00421938424776847,0.00421938424302129,1.5679554253495607,-1.4944577110584478,1,204.99927198140657
-0.41998015943278416,0.28887861885794963,-0.43038794675122066,-0.25111411899514663,0.3660042205860795,-0.26646373338564644,0.48436388559792537,0.22869923352284346,0.5080004342959143,1.6471854319295607,0.2153576996979892,-0.0,-1.5707963267900185,-1.5236210538335975,1,181.24855690303522
-0.5011095490995516,0.1986119304545779,-0.3898448994939583,-0.22916689604135265,0.45286425969308214,-0.21653079434581116,0.4380901889004279,0.24708575993258586,0.45433256016706597,2.0030834407458653,0.22260413590985978,0.12355048949184298,-1.4548799504990009,-1.4914525450038707,1,172.35488595482073
-0.3469377673883896,0.30242233310316746,-0.4686612379881875,-0.25112489927581255,0.39387287000722315,-0.318192186017976,0.421726135369354,0.2668947521906211,0.5525873315478286,1.4346866628554313,0.16888279000672332,-0.0,1.4319440648724249,1.4005311505410503,1,157.42291714784773
-0.43019689109313436,0.23526641095256495,-0.3871936293860582,-0.3118647859158766,0.49881682847617764,-0.24380072239853434,0.318573692003015,0.32039909736184596,0.5873818219531743,1.4693449114208565,0.23078277520270477,-0.18843522618290262,-1.380594887432537,-1.4171351090376858,1,156.00221568286543
-0.43019689109313436,0.23526641095256495,-0.3871936293860582,-0.3118647859158766,0.49881682847617764,-0.24380072239853434,0.318573692003015,0.32039909736184596,0.5873818219531743,1.4693449114208565,0.23078277520270477,-0.18843522618290262,-1.380594887432537,-1.4171351090376858,1,182.62344555206303
-0.2977120608929762,0.3298224759906106,-0.4896026125340331,-0.18755209964011754,0.2916198482227702,-0.37676750751134414,0.495694825204239,0.23449713116085108,0.6962013002760039,1.3944401431435611,0.03294328530083896,0.23753463189681642,1.2157247765233,1.0976703286673724,1,153.9760506633679
-0.3469377673883896,0.30242233310316746,-0.4686612379881875,-0.25112489927581255,0.39387287000722315,-0.318192186017976,0.421726135369354,0.2668947521906211,0.5525873315478286,1.4346866628554313,0.16888279000672332,-0.0,1.4319440648724249,1.4005311505410503,1,166.57921904543755
-0.3520438233102397,0.37337755207574064,-0.43924498615474666,-0.3092985105752725,0.3545058466702163,-0.28654473668687896,0.43678296279477014,0.22246569518641082,0.5980433109610989,1.2832264039662777,0.03320886222183916,-0.3243015692723495,-1.4021993871820209,-1.184513377218862,1,164.28963532095804
-0.4066198884136897,0.2866696503973119,-0.41945740572182055,-0.273055352129541,0.3995220367506909,-0.28993001763389065,0.4265552573848193,0.2763157193661197,0.4878106206974821,1.4672444505480673,0.024773544573802073,-0.2883812329990297,-1.2847448850745706,-1.2929200377869283,1,176.00035109458693
-0.5543487196671293,0.1583671433463124,-0.23352596991754004,-0.33271485698621145,0.4992990202507246,-0.1908637297091583,0.2885756693339447,0.3652114433490573,0.7353684689774852,1.5096833854974434,0.21646290489087122,0.04542327942198939,-1.2287325396969964,-1.2781637538994164,1,100.3415047239334
-0.4669988871534372,0.2580150258888361,-0.37028550535726673,-0.26934872263223114,0.38973623584924966,-0.27130091468547685,0.44754815666145414,0.28263461142887175,0.5066000978719241,1.6509990796764709,0.2853641878312784,0.18394345653801156,-1.570796326791671,1.5413142550122316,1,191.41385353669082
-0.4524724480510614,0.25584190959237924,-0.4165939226736865,-0.2737829868755533,0.44794347801400963,-0.21812766627455404,0.42112289271073833,0.2360687435577281,0.47688269162029084,1.700101207609278,0.008657792332255183,0.008657792329784659,1.5654913367762793,-1.4891838117736873,1,205.94860832025924
-0.4524724480510614,0.25584190959237924,-0.4165939226736865,-0.2737829868755533,0.44794347801400963,-0.21812766627455404,0.42112289271073833,0.2360687435577281,0.47688269162029084,1.700101207609278,0.008657792332255183,0.008657792329784659,1.5654913367762793,-1.4891838117736873,1,261.68215577145475
-0.4524724480510614,0.25584190959237924,-0.4165939226736865,-0.2737829868755533,0.44794347801400963,-0.21812766627455404,0.42112289271073833,0.2360687435577281,0.47688269162029084,1.700101207609278,0.008657792332255183,0.008657792329784659,1.5654913367762793,-1.4891838117736873,1,207.78246285977698
-0.4524724480510614,0.25584190959237924,-0.4165939226736865,-0.2737829868755533,0.44794347801400963,-0.21812766627455404,0.42112289271073833,0.2360687435577281,0.47688269162029084,1.700101207609278,0.008657792332255183,0.008657792329784659,1.5654913367762793,-1.4891838117736873,1,276.9512714282261
-0.4377575291528902,0.22816438881243717,-0.43771432922379944,-0.22113926883811322,0.425759556305196,-0.26068557231810363,0.4497123020714936,0.2536604523437797,0.4564665796976144,1.7254334410531929,0.046631849614664225,0.05064789228034503,1.5660116743139305,1.4915235475652042,1,258.72236338904776
-0.4377575291528902,0.22816438881243717,-0.43771432922379944,-0.22113926883811322,0.425759556305196,-0.26068557231810363,0.4497123020714936,0.2536604523437797,0.4564665796976144,1.7254334410531929,0.046631849614664225,0.05064789228034503,1.5660116743139305,1.4915235475652042,1,288.00764760744033
0.09255507463793952,0.4554018207788194,0.535851870321817,-0.08687122489198329,-0.06554410904931586,-0.4082529101186371,-0.5628628359104407,0.039722314231801045,0.9489101539440985,1.2721689199693742,0.15224160441896603,0.26557500118599003,1.1106948022282337,1.1851153516320876,1,95.90163212353634
0.09255507463793952,0.4554018207788194,0.535851870321817,-0.08687122489198329,-0.06554410904931586,-0.4082529101186371,-0.5628628359104407,0.039722314231801045,0.9489101539440985,1.2721689199693742,0.15224160441896603,0.26557500118599003,1.1106948022282337,1.1851153516320876,1,89.4707098355493
-0.41919588456471774,0.19363413514691485,-0.5277650886193533,-0.18078316255977106,0.5104117185840835,-0.11684320120251052,0.4365492545999875,0.10399222861536668,0.38871135469486595,2.7727800333005246,0.605000050787901,-0.15115604926727286,1.3782130493373865,1.5440964417925962,1,198.71867673563307
-0.4032521228443358,0.2606834154497307,-0.427590875926081,-0.2544398536919814,0.41724052445773213,-0.30034403187122527,0.41360247431268476,0.294100470113476,0.5022053810621936,1.4212115640116656,0.05333330053408242,0.11305300001182449,1.4648119688079266,1.3696434040606917,1,216.74358360970768
0.8286006371849716,0.008966492316538236,-0.2537875254485554,0.13486002843852762,-0.3329097188614212,0.08786171309355946,-0.24190339287499493,-0.2316882338486253,0.4257496026373375,3.16877878181419,1.1775558751055266,-1.2397867777389004,0.5880026035283368,0.9028672683067913,1,255.82593061321705
-0.4524724480510614,0.25584190959237924,-0.4165939226736865,-0.2737829868755533,0.44794347801400963,-0.21812766627455404,0.42112289271073833,0.2360687435577281,0.47688269162029084,1.700101207609278,0.008657792332255183,0.008657792329784659,1.5654913367762793,-1.4891838117736873,1,191.89910733500875
-0.461790108304534,0.23488027301957845,-0.4297438659885812,-0.23334087658799268,0.42532051954999334,-0.21779467785199774,0.4662134547431219,0.21625528142041195,0.43451089513009555,1.9819770290714998,0.16227120352842125,0.004854330801699048,-1.525494010234469,-1.4872474308417987,1,193.0329245362318
-0.4524724480510614,0.25584190959237924,-0.4165939226736865,-0.2737829868755533,0.44794347801400963,-0.21812766627455404,0.42112289271073833,0.2360687435577281,0.47688269162029084,1.700101207609278,0.008657792332255183,0.008657792329784659,1.5654913367762793,-1.4891838117736873,1,194.34195543987377
-0.461790108304534,0.23488027301957845,-0.4297438659885812,-0.23334087658799268,0.42532051954999334,-0.21779467785199774,0.4662134547431219,0.21625528142041195,0.43451089513009555,1.9819770290714998,0.16227120352842125,0.004854330801699048,-1.525494010234469,-1.4872474308417987,1,233.50119930415534
-0.36275143583778885,0.3483035687425404,0.40296567940847516,0.28041476994739883,0.37208456555963526,-0.3134560711930991,-0.4122988091303215,-0.31526226749684017,0.5409816620935176,1.2286113057886408,0.09073188827415772,0.03968139251317971,1.5675912095681694,1.5450140753990176,1,318.8709019506873
-0.22410998024062545,0.42090979949679813,-0.5307850968818276,-0.20459859859159737,0.21912112682931123,-0.32093857671294956,0.5357739502931419,0.10462737580774882,0.7912250972785668,1.437704902212274,0.18385554199081186,0.09804527729463776,1.1708209217509888,1.411322957353054,1,100.81268903918702
-0.3143659280794679,0.3766403393994708,-0.443843328016393,-0.2380776846626545,0.27200185005046024,-0.37395802607759815,0.48620740604540064,0.2353953713407819,0.6980945607975304,1.2390790825539135,0.13044206528508157,-0.14436314085092025,-1.4464413322444056,-1.4593950581359088,1,183.54500646388811
0.027651850358209478,0.44222462690151093,0.386004628308153,0.07740942637004228,0.22164379758269584,-0.4343718511159551,-0.6353002762490583,-0.0852622021555981,0.8952722823168157,1.1650798630483,0.4074742028567189,0.30288486837793704,-1.390096803506299,1.1635404787255603,1,192.9463967929964
-0.4805275837311586,0.0896633271425446,0.432667584383009,0.08797231046007915,0.5478738039569269,-0.07996786623399685,-0.5000138046087773,-0.09766777136862692,0.19630193682885788,5.593772827330179,0.018741183941609032,0.13150125041976227,-1.0991807589246332,1.3374993752676412,1,305.60438658390495
0.027651850358209478,0.44222462690151093,0.386004628308153,0.07740942637004228,0.22164379758269584,-0.4343718511159551,-0.6353002762490583,-0.0852622021555981,0.8952722823168157,1.1650798630483,0.4074742028567189,0.30288486837793704,-1.390096803506299,1.1635404787255603,1,240.6255089886967
-0.40688389166981875,0.2899578385130901,-0.44271920462400355,-0.26324286095890476,0.39896850049806365,-0.26081314567864733,0.4506345957957586,0.234098168124462,0.49420394726817735,1.6148819068241018,0.03933011407589211,0.2186689458750624,1.2845529096560548,1.352488783149167,1,141.21431669960361
-0.2978445060965102,0.3679672943357663,-0.4400462859420614,-0.2352908600080197,0.28833726850620267,-0.4075477780422849,0.4495535235323689,0.27487134371453825,0.6898980606320635,1.1471083427773336,0.0004919619688296941,0.004237262776264669,1.5672875692678667,1.458983927085551,1,167.71396065486476
-0.42051123367384124,0.2949336422334928,-0.3660686799569573,-0.33919886767381324,0.4229630776917234,-0.2736947230653649,0.3636168359390751,0.31795994850568543,0.5542965799348124,1.2835166942889726,0.014327576682854627,-0.2043158646010162,-1.363665330434944,-1.3101939350440979,1,170.32560151966453
-0.42051123367384124,0.2949336422334928,-0.3660686799569573,-0.33919886767381324,0.4229630776917234,-0.2736947230653649,0.3636168359390751,0.31795994850568543,0.5542965799348124,1.2835166942889726,0.014327576682854627,-0.2043158646010162,-1.363665330434944,-1.3101939350440979,1,154.16793194369328
-0.40688389166981875,0.2899578385130901,-0.44271920462400355,-0.26324286095890476,0.39896850049806365,-0.26081314567864733,0.4506345957957586,0.234098168124462,0.49420394726817735,1.6148819068241018,0.03933011407589211,0.2186689458750624,1.2845529096560548,1.352488783149167,1,146.69022427248208
-0.46566814160710585,0.23246911248501778,-0.4307337495444838,-0.24395603289897358,0.4530726223519488,-0.1969676251812701,0.44332926879964096,0.20845454559522586,0.4377112020393919,1.928405275961166,0.04916710599041943,-0.008968369410858823,-1.5417488091725797,-1.462220268066638,1,207.11141510422357
-0.45957393051234646,-0.1900571892358122,0.4865431517062353,-0.022659559329347746,0.4770422932472496,0.031487788215462865,-0.5040115144411385,0.18122896034969707,0.367779227947818,2.667900936388804,0.32658285877947496,-1.5217892762575418,-0.047583103279245836,0.006992893005382227,1,205.97998827019356
-0.46566814160710585,0.23246911248501778,-0.4307337495444838,-0.24395603289897358,0.4530726223519488,-0.1969676251812701,0.44332926879964096,0.20845454559522586,0.4377112020393919,1.928405275961166,0.04916710599041943,-0.008968369410858823,-1.5417488091725797,-1.462220268066638,1,251.18759016020488
-0.46566814160710585,0.23246911248501778,-0.4307337495444838,-0.24395603289897358,0.4530726223519488,-0.1969676251812701,0.44332926879964096,0.20845454559522586,0.4377112020393919,1.928405275961166,0.04916710599041943,-0.008968369410858823,-1.5417488091725797,-1.462220268066638,1,249.04341062800958
-0.5544485211541065,0.09968283768926103,-0.11706633001569104,-0.40624573950086523,0.4937999887283624,-0.14796482308776032,0.17771486244143517,0.4545277248993645,0.902304501403911,1.2177983560551184,0.2297037055333339,0.22970370553433847,-1.4876550949015872,-1.5389346028935562,1,192.9424480345773
-0.3952820210193311,-0.2890752102693419,0.3669240898235333,-0.3201073413775486,0.42469314755899035,0.2979548219040244,-0.3963352163631925,0.311227729742866,0.518344000528689,1.3004637338855962,0.024526305040871218,1.528350792998791,0.09495170634320575,-0.0,1,185.90062384469994
-0.4339186437709149,-0.20751232186179921,0.3939642747026149,-0.3096475777724343,0.45690666485662584,0.2833153136999846,-0.4169522957883258,0.23384458593424895,0.5282263508005964,1.5023289339666488,0.17930040250377782,1.4911645767847905,0.062635729732469,-0.004694801187517225,1,238.8734048349279
-0.3604680543702287,0.3042605791587067,-0.4457870757343144,-0.2511599090576402,0.37188980586922366,-0.3325697476282833,0.43436532423531954,0.2794690775272168,0.5605077404950154,1.3820830493583443,0.050694815014931796,-0.22785704871816276,-1.3961241277834877,-1.4641787457810174,1,160.9815645001721
-0.3594725149895744,0.29755716022394957,-0.46683202500826204,-0.2573322617365862,0.40696903288758707,-0.29922903096243253,0.41933550711024936,0.2590041324750691,0.5288525462460424,1.4848995255015087,0.1689684198285017,0.009216328905727579,1.4183733451619498,1.4199245485876468,1,174.49500291772063
0.39408752977177847,0.2595918676283548,-0.4985195576790867,0.2656889766856434,-0.33757368169855917,-0.3364973067970373,0.4420057096058673,-0.18878353751696092,0.5663714152278814,1.5618510302916988,0.1940894292682392,1.3793178576487648,-0.07651698431608508,0.07818133360602812,1,209.40486196996653
0.39408752977177847,0.2595918676283548,-0.4985195576790867,0.2656889766856434,-0.33757368169855917,-0.3364973067970373,0.4420057096058673,-0.18878353751696092,0.5663714152278814,1.5618510302916988,0.1940894292682392,1.3793178576487648,-0.07651698431608508,0.07818133360602812,1,214.92605381178757
-0.36282565501011277,0.3639385670643623,-0.41682747923217084,-0.32324476604093305,0.36591793259135624,-0.2958221208635502,0.4137352016509274,0.25512831984012097,0.5707488314021172,1.2086478831346064,0.008150433687412709,0.18561159354429346,1.2717419939920123,1.4459733865677378,1,161.1048411391044
-0.4339186437709149,-0.20751232186179921,0.3939642747026149,-0.3096475777724343,0.45690666485662584,0.2833153136999846,-0.4169522957883258,0.23384458593424895,0.5282263508005964,1.5023289339666488,0.17930040250377782,1.4911645767847905,0.062635729732469,-0.004694801187517225,1,255.20312542565884
-0.46566814160710585,0.23246911248501778,-0.4307337495444838,-0.24395603289897358,0.4530726223519488,-0.1969676251812701,0.44332926879964096,0.20845454559522586,0.4377112020393919,1.928405275961166,0.04916710599041943,-0.008968369410858823,-1.5417488091725797,-1.462220268066638,1,225.3576190726742
-0.298358562714176,0.36297467612700274,-0.4750558466427588,-0.24446208385411058,0.32332353228641625,-0.3589638729992709,0.4500908770705185,0.24045128072637875,0.667899083446489,1.2814757223214308,0.0746640955357258,-0.0,1.4301645604260962,1.4499818367337591,1,203.0840566742845
-0.4349981438289697,0.316743007927065,-0.364502620614635,-0.34427457740593476,0.3973084092387869,-0.24993070785731544,0.4021923552048178,0.27746227733618517,0.5533976421350433,1.2665177411460806,0.11550566803065056,-0.19739555985060644,-1.3903695969101464,-1.220270059213471,1,174.95364668821284
-0.3977689767327783,0.33933988827609274,-0.34902025462567854,-0.36041995656705506,0.37129527879097385,-0.30237570613947334,0.375493952567483,0.3234557744304357,0.5410983474301088,1.1050404435161456,0.07626141184017737,-0.1364703688520874,-1.445181358111023,-1.3442346141377988,1,196.7060221654073
-0.35115041893142596,0.34820772844481357,-0.43035789925198314,-0.2981431380148617,0.36779983226702284,-0.3197040188323938,0.4137084859163863,0.2696394284024419,0.563761854135762,1.2637393916326067,0.0441966985029747,-0.4554510712525059,-1.2102761831489226,-1.1349193543846974,1,193.90695405554845
-0.34554125315992024,0.3567659646362464,-0.43609606100384335,-0.2826345424504945,0.3411082113179935,-0.3286894358412846,0.4405291028457701,0.25455801365553277,0.600887452755218,1.278894532363304,0.028149183930913577,-0.2556449252788622,-1.396652389752485,-1.3265417765001972,1,182.70029594413924
-0.481111568234007,0.23020792474484703,-0.402925958580791,-0.2350522755513564,0.41172128086693505,-0.2270645200538079,0.47231624594786287,0.23190887086031728,0.4452137451311422,2.041771186978641,0.2977551608048574,0.29775516080625625,1.4297277724183186,1.4377485987094714,1,233.24531958915466
-0.2944950230125242,0.4007790081208711,-0.45841417111908694,-0.2934788733351658,0.3347089764094812,-0.33974208601552486,0.41820021772212995,0.23244195122981962,0.649151446360406,1.183780442964335,0.08696658279076397,0.00332224691326389,1.3938777171912815,1.5675600921414146,1,195.57293157626137
-0.39663741835636906,0.33117201483583447,-0.36524320155154194,-0.34402800248311344,0.3796392911013145,-0.30254524868458516,0.38224132880659656,0.3154012363318642,0.5258989435737949,1.1535526172758412,0.050673466520440476,-0.34229560843125384,-1.2376708752160608,-1.1617927215747499,1,183.49655259818567
-0.3931980535751804,0.30789685729271254,-0.38557851231960855,-0.3315401402445982,0.41550499312762956,-0.29405008398169213,0.3632715727671594,0.31769336693357775,0.5250371152765416,1.2456274017922324,0.07326247129606688,-0.5890367293443938,-1.0166092109923062,-0.9827937232447067,1,185.21770283601091
-0.3650779819663183,0.35552647537998344,-0.3964357561507604,-0.3018000136068041,0.33185837378312133,-0.3398308464006702,0.4296553643339573,0.2861043846274909,0.5744285090870326,1.1880095234623893,0.1073194549796621,-0.15793292772722684,-1.4083606107080286,-1.3734007669420571,1,183.53091802336436
-0.41609488291564545,0.23820529403605115,-0.4682307400112019,-0.22403162444575514,0.44112767943449577,-0.24115370400930222,0.4431979434923516,0.22698003441900622,0.4369015405140589,1.9013488579958207,0.10789331143853692,0.004926068528447249,1.4723811206289927,1.466617224660249,1,198.41174117462597
-0.41609488291564545,0.23820529403605115,-0.4682307400112019,-0.22403162444575514,0.44112767943449577,-0.24115370400930222,0.4431979434923516,0.22698003441900622,0.4369015405140589,1.9013488579958207,0.10789331143853692,0.004926068528447249,1.4723811206289927,1.466617224660249,1,234.4458609175797
-0.5485533951583453,0.10053284386084876,0.3177441194963625,0.3257794489255155,0.5422414340059272,-0.21218206867154937,-0.3114321583439444,-0.2141302241148149,0.5889306795681656,2.020328369043301,0.25209598066895034,-0.2520959806717339,-1.177738307592152,-0.9272952179749455,1,532.3744584752261
-0.5485533951583453,0.10053284386084876,0.3177441194963625,0.3257794489255155,0.5422414340059272,-0.21218206867154937,-0.3114321583439444,-0.2141302241148149,0.5889306795681656,2.020328369043301,0.25209598066895034,-0.2520959806717339,-1.177738307592152,-0.9272952179749455,1,578.5469764104068
0.4501765708233203,0.21327656900605477,-0.45349813746398104,0.23257227978655354,-0.4413079176374318,-0.23443702059808497,0.4446294842780926,-0.21141182819452337,0.4220244932925449,1.9350250788218055,0.04733304076670186,-1.5253730473758396,-0.09286934007871081,-0.05371172930294438,1,209.7963179632648
-0.41609488291564545,0.23820529403605115,-0.4682307400112019,-0.22403162444575514,0.44112767943449577,-0.24115370400930222,0.4431979434923516,0.22698003441900622,0.4369015405140589,1.9013488579958207,0.10789331143853692,0.004926068528447249,1.4723811206289927,1.466617224660249,1,239.08982925936027
-0.2465625504025544,0.41485412122552323,-0.4883373064193993,-0.1966773958063684,0.20665277993777068,-0.3777859218062804,0.5282470768841829,0.15960919638712556,0.805785489327211,1.2825296832282203,0.1627660708048396,0.15333238839969496,1.2958864853221412,1.3591971767280844,1,86.5945352564017
-0.41308256104031865,0.3079055916814857,-0.3797776689630676,-0.29768128990294696,0.366569746210926,-0.3097122925436685,0.42629048379246026,0.2994879907651298,0.5184118040252464,1.3590491245016851,0.15265984839918023,-0.12989510407111404,-1.3698420631032435,-1.3759324071028585,1,216.86973365348683
-0.41308256104031865,0.3079055916814857,-0.3797776689630676,-0.29768128990294696,0.366569746210926,-0.3097122925436685,0.42629048379246026,0.2994879907651298,0.5184118040252464,1.3590491245016851,0.15265984839918023,-0.12989510407111404,-1.3698420631032435,-1.3759324071028585,1,197.06354326287484
-0.4221216868137889,0.27066048960111566,-0.34617454305831,-0.3251097881787864,0.4127995243631022,-0.30800607294521554,0.35549670550899676,0.3624553715228862,0.574062735901153,1.2143157625077379,0.04153283069754308,0.342009999071085,1.3330481956526725,1.238077290896604,1,244.4998521376392
-0.48823049934860224,0.36484607164065946,-0.17015212710650496,-0.3633900765339114,0.036736246298884,-0.20037693408655385,0.6216463801562233,0.19892093897980587,0.8082524636786065,1.5240617789804751,1.3836045977261702,1.1921791162039757,0.12308595969626193,0.938822084978231,1,101.04887311170076
-0.7431743465644012,-0.026038403650865183,0.33111059799038867,-0.342410936635904,0.15462632168044707,0.008051987508452093,0.25743742689356547,0.36039735277831714,0.7550163642260033,1.528560434951882,1.5683051912863049,1.072261512923105,-0.25436805855570127,1.414378510186102,1,96.89156842599084
-0.42481819316376207,0.2484120622322847,-0.4522079966064329,-0.20280993961566188,0.36854321264704,-0.2644394190736598,0.508482977123155,0.21883729645703698,0.49269178895446936,1.8732342768772898,0.22122862753649217,-0.05080370405850818,-1.5056711634574182,-1.5489418833088033,1,209.8526732480091
-0.378732723277562,0.2413262813962916,-0.47076584598923493,-0.17705787989685992,0.3650661100670098,-0.32822530976956704,0.4844324591997871,0.2639569082701354,0.5656514510345998,1.613014163699494,0.017619321899178586,-0.0,1.5331965008441093,1.3280598123801175,1,329.205044926271
-0.378732723277562,0.2413262813962916,-0.47076584598923493,-0.17705787989685992,0.3650661100670098,-0.32822530976956704,0.4844324591997871,0.2639569082701354,0.5656514510345998,1.613014163699494,0.017619321899178586,-0.0,1.5331965008441093,1.3280598123801175,1,171.31056428162395
-0.4295223402741216,0.21790874778483926,-0.4790072694772724,-0.2119583071019528,0.4672920593002901,-0.20370127768992344,0.4412375504511038,0.19775083700703697,0.4067829055029589,2.2013767233843398,0.1794220934345456,-0.0,1.4474586258972075,1.4793296628452308,1,244.8608366841636
-0.4295223402741216,0.21790874778483926,-0.4790072694772724,-0.2119583071019528,0.4672920593002901,-0.20370127768992344,0.4412375504511038,0.19775083700703697,0.4067829055029589,2.2013767233843398,0.1794220934345456,-0.0,1.4474586258972075,1.4793296628452308,1,230.38339339261347
-0.4295223402741216,0.21790874778483926,-0.4790072694772724,-0.2119583071019528,0.4672920593002901,-0.20370127768992344,0.4412375504511038,0.19775083700703697,0.4067829055029589,2.2013767233843398,0.1794220934345456,-0.0,1.4474586258972075,1.4793296628452308,1,233.0575999041879
-0.4295223402741216,0.21790874778483926,-0.4790072694772724,-0.2119583071019528,0.4672920593002901,-0.20370127768992344,0.4412375504511038,0.19775083700703697,0.4067829055029589,2.2013767233843398,0.1794220934345456,-0.0,1.4474586258972075,1.4793296628452308,1,238.36208311891227
-0.43779217407101495,0.2711250492554386,-0.4324022989176782,-0.2538458942483147,0.3986737593618648,-0.23446904797922297,0.4715207136268284,0.21718989297209912,0.4773628445948593,1.7321204134250188,0.17017703618933047,0.17517699452392105,1.3825748214928288,1.465130744697538,1,196.9558080106882
-0.40028689306837595,0.2988064947700136,-0.41188480054543547,-0.30009963266689527,0.41406112346014756,-0.2829347486147942,0.3981105701536639,0.28422788651167585,0.4946640748184832,1.3790907893033562,0.04747874019154035,-0.18065703517679435,-1.4302811229892065,-1.3912442133673133,1,174.30177764311128
-0.4469089434830205,0.2398165879011337,-0.3947212384415143,-0.2580598884548748,0.4249155624417397,-0.2789668083541419,0.4167146194827951,0.297210108907883,0.5023251562172163,1.5131194600221813,0.0902067834712311,0.09020678347144259,-1.5310618995562213,1.5186696777521411,1,212.44581860449853
-0.4845698550450562,0.22800971016771374,-0.3742951086530143,-0.2586518751237231,0.42844685035168023,-0.2463180581094864,0.4304181133463902,0.2769602230654958,0.49007862556803333,1.7083033999508408,0.22659853401593705,0.2991979877477391,1.4790663490478142,1.4409821700416134,1,218.284596382411
-0.5178946263931806,0.09436418104408369,-0.19123923065413365,-0.373130496205285,0.5623937383982914,-0.15251326078073155,0.14674011864902292,0.4312795759419329,0.868994841461708,1.3429572828543161,0.008849326523298551,-0.008849326516336036,-1.2368512549439308,-1.4212365869144963,1,87.61571144439361
-0.45613610266855054,0.22331985597895793,0.23369455419377813,0.4095091419882101,0.48091265228842767,-0.21288514381238158,-0.25847110381365523,-0.4199438541547864,0.77723789733113,1.1297189344234189,0.009423885343621048,-0.21378753415925003,-1.2425382720613494,-1.3225064174852115,1,93.56205114958996
-0.4767998065159231,0.19583918161037905,-0.34273132660125205,-0.27909031143632507,0.4683677796672568,-0.2688606200742175,0.35116335344991834,0.3521117499001636,0.5965917287072564,1.497408902914401,0.08858335503375413,-0.12435499454816003,-1.1839206090575156,-1.3578579772090444,1,83.79921205888566
-0.5178946263931806,0.09436418104408369,-0.19123923065413365,-0.373130496205285,0.5623937383982914,-0.15251326078073155,0.14674011864902292,0.4312795759419329,0.868994841461708,1.3429572828543161,0.008849326523298551,-0.008849326516336036,-1.2368512549439308,-1.4212365869144963,1,65.63095935616616
-0.45613610266855054,0.22331985597895793,0.23369455419377813,0.4095091419882101,0.48091265228842767,-0.21288514381238158,-0.25847110381365523,-0.4199438541547864,0.77723789733113,1.1297189344234189,0.009423885343621048,-0.21378753415925003,-1.2425382720613494,-1.3225064174852115,1,77.64705405867711
-0.4945969228019999,0.17000155736354197,-0.4581025311660911,-0.18577628086068854,0.5143168712062682,-0.10453382182133152,0.43838258276182285,0.1203085453184781,0.35894916858686826,2.8357971903027757,0.2234766011409915,-0.0,-1.5519306407705313,-1.415365066776116,1,198.86448222257044
-0.4945969228019999,0.17000155736354197,-0.4581025311660911,-0.18577628086068854,0.5143168712062682,-0.10453382182133152,0.43838258276182285,0.1203085453184781,0.35894916858686826,2.8357971903027757,0.2234766011409915,-0.0,-1.5519306407705313,-1.415365066776116,1,214.77822717253005
-0.40777525308382767,0.2824763192753957,-0.40424440338950257,-0.293520898623808,0.4194794020425499,-0.28964427768000334,0.39254025443078033,0.3006888570284156,0.4915627864848093,1.3921929878420736,0.03947226846300494,0.15074638112136135,1.421473666105526,1.4034270756844496,1,207.58828456346163
-0.4945969228019999,0.17000155736354197,-0.4581025311660911,-0.18577628086068854,0.5143168712062682,-0.10453382182133152,0.43838258276182285,0.1203085453184781,0.35894916858686826,2.8357971903027757,0.2234766011409915,-0.0,-1.5519306407705313,-1.415365066776116,1,183.53457906023746
0.200789933773552,-0.19289762043498732,0.22353582644577477,-0.13169589968834536,0.3730900220592604,0.2793720857841158,-0.7974157822785871,0.04522143433921679,0.5527944323423903,2.4784689530664226,1.0175257364011154,0.15264932838370446,-0.15955172093506279,1.296483357627371,1,92.88137502502083
-0.38614221668498394,0.3457796419883732,-0.4047192399163997,-0.2909942859771044,0.3292660902892155,-0.31011881052464574,0.46159536631216813,0.25533345451337697,0.568214409614743,1.3208059920089115,0.20072124585046375,0.004237262776264669,1.563443518131882,-1.497909797223692,1,183.8031071375241
-0.5686523149150718,0.11804707934458922,-0.10328573277382112,-0.42660897117427543,0.48088450377098435,-0.12381947818005784,0.19105354391790857,0.4323813700097441,0.9015419899683257,1.221826100208985,0.22667889260958857,0.4383365598609602,1.361316763023335,1.4472058580991807,1,132.38637105916953
0.200789933773552,-0.19289762043498732,0.22353582644577477,-0.13169589968834536,0.3730900220592604,0.2793720857841158,-0.7974157822785871,0.04522143433921679,0.5527944323423903,2.4784689530664226,1.0175257364011154,0.15264932838370446,-0.15955172093506279,1.296483357627371,1,176.54402868513142
-0.38370922983848543,0.3452458588462241,-0.39501957422471023,-0.3024606409004648,0.3395156878340068,-0.3188445121280044,0.4392131162291889,0.27605929418224506,0.5540058968823586,1.2562035634247637,0.14858246290399907,0.008657792329784659,1.5669795514396654,-1.5130375127185136,1,183.1553739990072
-0.6302888775781033,0.00968158081023382,0.05251305082188515,-0.41399594760776376,0.48484313605678037,-0.024831282685552333,0.09293269069943774,0.42914564948308226,0.9402141869432469,1.3225916233791648,0.30328563452429336,0.42562246834213846,1.4277130331350425,-1.506557351347783,1,106.66183076640696
-0.4172459807100655,0.2899573965964687,-0.3740460488649861,-0.31216955873735264,0.4030398987735682,-0.2979591648872083,0.38825213080148335,0.32017132702809226,0.5187002996135679,1.2972210052346727,0.04770401772362906,0.21969669474230305,1.4044377286191916,1.3852304169107612,1,165.58753996229126
-0.2506273878491211,0.38453882623038615,-0.49727880647494693,-0.15477400228143373,0.15701330095957206,-0.3576488379490011,0.5908928933644959,0.12788401400004865,0.8076276121299494,1.4661678607156574,0.30033214678899506,0.3144157226140706,1.1281037338890794,1.1234642862389725,1,115.40458358045208
-0.40880831638407356,0.29041050789142414,-0.38245566283832766,-0.27611892866389653,0.36674697079923846,-0.3321098991000919,0.42451700842316276,0.31781831987256426,0.5416016441767774,1.2821805554534569,0.1351362479653365,-0.0,-1.4497184740705957,-1.5571917240137205,1,189.06537672348801
-0.3787310720458334,0.3414753326296716,-0.38711825138208283,-0.3193825304917632,0.3601844442101264,-0.32213381394605134,0.4056648792177899,0.3000410118081429,0.5260981367170114,1.194653712491303,0.060278668979814244,-0.14436314085092025,-1.4354422540609932,-1.3863496834465339,1,158.3225893488928
-0.40880831638407356,0.29041050789142414,-0.38245566283832766,-0.27611892866389653,0.36674697079923846,-0.3321098991000919,0.42451700842316276,0.31781831987256426,0.5416016441767774,1.2821805554534569,0.1351362479653365,-0.0,-1.4497184740705957,-1.5571917240137205,1,180.24046835667096
-0.4763033905758171,0.1367168963962928,-0.42565639501286395,-0.10698109092002252,0.39017805052038135,-0.28617371304717976,0.5117817350682997,0.25643790757090945,0.5361464713343825,1.8209803994219447,0.4253753678455872,0.42112007438490806,-1.5707963267920637,1.2340093117416369,1,244.6477133612443
0.5310881755229216,0.02948519359590878,-0.6016866566646413,0.026023464717724477,-0.3832269212860261,-0.03009366594276256,0.4538254024277457,-0.02541499237087072,0.06748943261584481,19.013033162413983,0.0025334423761243265,-0.8838926481329018,1.1383885512370417,0.2691674927768607,1,214.79111405860257
-0.44910815106040897,0.23516745136377884,-0.4194053145441328,-0.23083682510089717,0.41376011684636804,-0.26274568568301343,0.4547533487581737,0.25841505942013177,0.4710571327154989,1.7343238306248399,0.14214923896056655,0.15080703129089584,1.5219222353403379,1.45792794283686,1,201.49908545192213
-0.3908974478874645,0.262206494179175,-0.48261036137312424,-0.24642687791464044,0.45784742442670656,-0.23403760810247543,0.4156603848338822,0.21825799183794078,0.47834821490325113,1.8489895421694176,0.27139960973800603,0.12253571213971148,1.2566921824233734,1.3243002141529345,1,187.69434398806135
-0.3908974478874645,0.262206494179175,-0.48261036137312424,-0.24642687791464044,0.45784742442670656,-0.23403760810247543,0.4156603848338822,0.21825799183794078,0.47834821490325113,1.8489895421694176,0.27139960973800603,0.12253571213971148,1.2566921824233734,1.3243002141529345,1,162.8370696771377
-0.4643803015118886,0.2124364307070108,-0.4060117977471648,-0.2469512434876878,0.46758242800332844,-0.2395563466690698,0.402809671255725,0.2740711594497468,0.48557346078014885,1.7887191112339347,0.0009337937586300352,0.3169040656882012,1.3718075659589766,1.309317511085276,1,201.0537630626533
-0.40262849340136686,0.23173268221261262,-0.4364347673823939,-0.20421408645139225,0.39457288918566746,-0.32869855323830766,0.4444903715980933,0.3011799574770873,0.5548758145927817,1.3985635705843684,0.0016921871700804917,0.005494450203246682,-1.5049889084000836,1.4061123333644814,1,220.6712425313085
-0.40262849340136686,0.23173268221261262,-0.4364347673823939,-0.20421408645139225,0.39457288918566746,-0.32869855323830766,0.4444903715980933,0.3011799574770873,0.5548758145927817,1.3985635705843684,0.0016921871700804917,0.005494450203246682,-1.5049889084000836,1.4061123333644814,1,204.47272209875504
-0.3870153250079017,0.2886267816228814,-0.454655156012298,-0.19592546779246947,0.30231178678876236,-0.3063685746183745,0.5393586942314373,0.21366726078796264,0.5914336249345138,1.6706245516321092,0.28899373692680214,0.009090658665101135,1.5678893582420583,1.5037506841463983,1,275.5797930133726
-0.24501474008216131,0.42091115277940944,0.6099312908196708,0.10499052731981953,0.09492421465717304,-0.36544953186539253,-0.45984076539468244,-0.16045214823383644,0.8412266865385962,1.360408877381208,2.462075895347945e-07,-0.0,1.0941624348790782,-1.5707963267883607,1,358.70915062291164
-0.3870153250079017,0.2886267816228814,-0.454655156012298,-0.19592546779246947,0.30231178678876236,-0.3063685746183745,0.5393586942314373,0.21366726078796264,0.5914336249345138,1.6706245516321092,0.28899373692680214,0.009090658665101135,1.5678893582420583,1.5037506841463983,1,246.19462726866138
-0.30369894768454403,0.38272047764414574,-0.45656288839724346,-0.23004920444528804,0.2618385363291108,-0.3689789467623262,0.4984232997526768,0.21630767356346853,0.7178625679484256,1.2704362370690383,0.13966523343725915,0.13146869568794306,1.3858827816441623,1.3994172004116128,1,112.31005082031581
-0.2870984672995667,0.38531102361496505,-0.45985237706385673,-0.1865724990339393,0.20077169220298108,-0.38613304996855025,0.5461791521604422,0.1873945253875245,0.7760970610582465,1.304088739124117,0.24870998909378403,-0.0,-1.5707963267874339,1.5106280756458892,1,104.98071305863097
-0.24501474008216131,0.42091115277940944,0.6099312908196708,0.10499052731981953,0.09492421465717304,-0.36544953186539253,-0.45984076539468244,-0.16045214823383644,0.8412266865385962,1.360408877381208,2.462075895347945e-07,-0.0,1.0941624348790782,-1.5707963267883607,1,337.5454079659636
-0.24501474008216131,0.42091115277940944,0.6099312908196708,0.10499052731981953,0.09492421465717304,-0.36544953186539253,-0.45984076539468244,-0.16045214823383644,0.8412266865385962,1.360408877381208,2.462075895347945e-07,-0.0,1.0941624348790782,-1.5707963267883607,1,94.19119779561906
-0.3470768521061504,0.35932782272119923,0.44308000092258926,0.2762575698027236,0.31821267482656174,-0.35629329293422296,-0.41421582364300064,-0.2792920995896999,0.6134989944223626,1.1979744669501695,2.11785292678355e-07,-0.0,1.480645863906172,-1.5707963267892469,1,109.53713538136546
-0.37737243447928864,0.34308048562446586,-0.4258511631170474,-0.2973490126498377,0.3620020248253675,-0.2905899897410231,0.44122157277096863,0.24485851676639492,0.5552989572120898,1.3538925646373623,0.07133122468840615,0.10323528917355805,1.3834290840571393,1.511425624061768,1,153.1761767526966
-0.3528246827009938,0.3545636404822749,-0.4330141743683841,-0.2869061835529463,0.3450419948505285,-0.3204803611728712,0.4407968622188494,0.25282290424354253,0.5898608988282774,1.2944504868493443,0.041131579884610546,-0.3054072845513397,-1.3466282823725804,-1.262250287011059,1,152.50514569469797
-0.37737243447928864,0.34308048562446586,-0.4258511631170474,-0.2973490126498377,0.3620020248253675,-0.2905899897410231,0.44122157277096863,0.24485851676639492,0.5552989572120898,1.3538925646373623,0.07133122468840615,0.10323528917355805,1.3834290840571393,1.511425624061768,1,165.768240088693
-0.4010171753171095,0.3107177230867056,-0.35193896608242736,-0.3495403473884713,0.3965083013556101,-0.30583685276795924,0.35644784004392677,0.34465947706972494,0.5536420459071412,1.1488413689749435,0.012688635409013308,-0.2079585472538608,-1.346968355320516,-1.3334220798179166,1,164.34973974120848
-0.38092958944930766,0.3077971334801574,-0.433285038639818,-0.2956612235927425,0.41779392589970166,-0.2828596734438051,0.39642070218942393,0.27072376355639016,0.5135907136803234,1.4103358658710334,0.12513199516760873,0.10409993811011352,1.3651136638445742,1.4278099480066824,1,157.11869158506673
-0.4390836611339104,0.28211751219676096,-0.42254079028988806,-0.2803237804388271,0.4168771827156446,-0.2232757984127478,0.44474726870815384,0.22148206665481404,0.49710301065168433,1.5714189932614142,0.09198581622594008,0.10389001578443338,1.4284534407476899,1.5648083744139774,1,213.35620216720662
-0.4390836611339104,0.28211751219676096,-0.42254079028988806,-0.2803237804388271,0.4168771827156446,-0.2232757984127478,0.44474726870815384,0.22148206665481404,0.49710301065168433,1.5714189932614142,0.09198581622594008,0.10389001578443338,1.4284534407476899,1.5648083744139774,1,196.04906736279287
-0.44231833304055634,0.27781109294269063,-0.40590639727516703,-0.26276701700515315,0.3797117815011434,-0.2620514056175791,0.46851294881458,0.2470073296800417,0.4923754528266213,1.6849207637042785,0.23995989701092932,0.22152880461771352,1.4156124416179705,1.4503298414917924,1,213.82331637188074
-0.4750099197092197,0.2208189654629187,-0.43382861898776853,-0.22061745906872937,0.43040996933335246,-0.19320508870469516,0.4784285693636359,0.19300358231050582,0.4208824776271782,2.1598545930694946,0.21671858969596627,0.2225664762508529,1.409542047695693,1.4704154237142997,1,242.38099485335195
-0.4750099197092197,0.2208189654629187,-0.43382861898776853,-0.22061745906872937,0.43040996933335246,-0.19320508870469516,0.4784285693636359,0.19300358231050582,0.4208824776271782,2.1598545930694946,0.21671858969596627,0.2225664762508529,1.409542047695693,1.4704154237142997,1,203.17985082847792
-0.4567167079048616,0.2375713714585944,-0.2564779062934371,-0.4109101584952987,0.4461188776715877,-0.2411773296699476,0.267075736526711,0.4145161167066519,0.7452242145221404,1.0937810107335868,0.03293220960578121,0.3302973548305059,1.3029544538676794,1.3002259824661706,1,175.8797470593728
-0.4481252127129069,0.2620910706078698,-0.37808765346609624,-0.2816516538305222,0.40811801324276603,-0.2788883849338298,0.41809485293623716,0.29844896815648214,0.5024947988606923,1.4932238181060757,0.145380151691996,0.004761868769183861,-1.450971779008329,-1.4894055307250609,1,156.0528301529051
-0.4385149780754333,0.23185427810844036,-0.4386856809026773,-0.2168470740016442,0.4126864900805988,-0.26076657536873915,0.4645141688975118,0.245759371261943,0.45749415891673073,1.7831265225564634,0.10158460365320301,0.054001500376259615,1.5679554253495607,1.501017328533127,1,193.03748689736057
-0.43016019477899103,0.25550076835469815,-0.4305959179555767,-0.24500390695748697,0.41307985637633904,-0.26325784420226933,0.4476762563582287,0.25276098280505815,0.45561125459442076,1.6930266853494564,0.06607408743927853,0.00523555425643498,-1.5552696243195576,1.5678112610373074,1,176.113888861321
-0.43016019477899103,0.25550076835469815,-0.4305959179555767,-0.24500390695748697,0.41307985637633904,-0.26325784420226933,0.4476762563582287,0.25276098280505815,0.45561125459442076,1.6930266853494564,0.06607408743927853,0.00523555425643498,-1.5552696243195576,1.5678112610373074,1,181.05319138928547
-0.3683845757773664,0.3471521394269751,-0.42089323506103826,-0.29293863033424145,0.34923240151300156,-0.3132371925806506,0.44004540932540304,0.25902368348791693,0.5685546962659128,1.303683452561435,0.0755294121813518,-0.05549850524590914,-1.5707963267920064,-1.4885645989730922,1,220.07451977771248
-0.39140891844314507,0.3099531341643553,-0.397977946156609,-0.30029991640136,0.38559268295835536,-0.3133582743407376,0.4037941816413987,0.30370505657774227,0.4997537142779015,1.2863106897416214,0.01872440317510568,-0.0,-1.5648966902251669,1.5678893582420583,1,194.37771474385258
-0.4201385774929118,0.23637387991959327,-0.3698803302077676,-0.3306177540544707,0.4938712099342307,-0.2573761925024458,0.29614769776644867,0.3516200666373232,0.6235720454652635,1.339723128366484,0.22552530220657704,0.003816775359062545,-1.5707963267923903,1.4958618243653434,1,206.93599722250914
-0.3236049189746106,0.275615636167835,-0.49775629742181476,-0.2090407359213289,0.3903000347389726,-0.33946758378402114,0.4310611816574528,0.27289268353751506,0.5713000457796417,1.5100679858442052,0.27849601840580795,-0.022518715392844467,1.3941783137504096,1.251961216035948,1,184.12201766501263
-0.4511003371593039,0.2883211770562152,-0.34019506109774555,-0.29221012978688243,0.3490062413377742,-0.3101671449599231,0.44228915691927534,0.3140560976905903,0.5576744869436324,1.4312019050831228,0.3371071241487118,0.21481540040292083,-1.5707963267898204,1.5159494287588688,1,163.44947533920046
-0.4464262066289581,0.25343538981064306,-0.42838174504104876,-0.25620987681145263,0.43265802679967286,-0.22733349414723938,0.4421499248703339,0.23010798114804892,0.45285861945198697,1.7435188545725773,0.056138135733242646,0.13800602365815026,1.434657365944445,1.494427986756844,1,231.47801529946108
-0.4266176843244008,-0.22509992858921696,0.48279293418155395,-0.1866979821427999,0.42630083302408983,0.21213952056075766,-0.48247608288124294,0.1996583901712592,0.42205369330207476,2.207643932722334,0.028469094657620535,1.4722926318405762,-0.0,0.009949920392854668,1,256.0820646421715
-0.4266176843244008,-0.22509992858921696,0.48279293418155395,-0.1866979821427999,0.42630083302408983,0.21213952056075766,-0.48247608288124294,0.1996583901712592,0.42205369330207476,2.207643932722334,0.028469094657620535,1.4722926318405762,-0.0,0.009949920392854668,1,256.9155648079049
-0.4464262066289581,0.25343538981064306,-0.42838174504104876,-0.25620987681145263,0.43265802679967286,-0.22733349414723938,0.4421499248703339,0.23010798114804892,0.45285861945198697,1.7435188545725773,0.056138135733242646,0.13800602365815026,1.434657365944445,1.494427986756844,1,262.99359253618474
-0.42916920127709873,0.16921293600622717,-0.4709594366526804,-0.20192178968896665,0.5308939226614826,-0.2137412187140694,0.36923471526829654,0.24645007239680886,0.4610441909265553,2.177036764202426,0.44994983562801494,0.1030816085234061,1.3673827854353617,1.2591464389866165,1,175.22968978409364
-0.3881758867090709,0.2771867913878813,-0.4711701596320643,-0.22902877045886455,0.3888014716808523,-0.27337109619808175,0.470544574660283,0.22521307526906498,0.5184684748205713,1.7104736041862802,2.2598729860936304e-07,-0.0,1.4598085271236214,1.4687424671425058,1,169.45686990619393
-0.39248166537770823,0.33081802164477764,-0.3941694263618484,-0.30468963146500694,0.3596133956729526,-0.3099546935069516,0.42703769606660397,0.2838263033271809,0.5262071175404179,1.28158878024948,0.11041073471161265,0.004328977287078243,-1.570796326791247,-1.5205032030486352,1,179.46639684812115
-0.42930376959540534,0.2714001820153846,-0.36838022915333707,-0.34873525035039554,0.4765962805221048,-0.23654897400786654,0.32108771822663756,0.31388404234287753,0.6002668504596651,1.3671501269385042,0.1774162781422506,-0.2553829119748592,-1.349481884443706,-1.2740405660133955,1,168.4736971105029
-0.3980463887891255,0.32174282218300837,-0.37389504624959724,-0.34163379264896837,0.3981068929624305,-0.2926187942427313,0.3738345420762922,0.31250976470869135,0.5281494689357162,1.2001527698609176,0.0036989627273029,-0.2674107971850372,-1.3304005829995604,-1.255033724778568,1,168.58532774590586
0.16078507933803707,0.2970974881783601,0.47820378155767185,0.05118689519233398,-0.06522808889291486,-0.5350266281224598,-0.5737607720027941,0.18674224475176565,0.8753650745112892,1.2641918831014527,0.2978784773554391,0.3671738338207965,1.115213059104096,0.44108199552710425,1,193.75718664662372
-0.3439509799851541,0.3220416449941247,-0.4477867404589636,-0.23599950101471417,0.3334757783102831,-0.3567617652767437,0.45826194213383475,0.27071962129733323,0.6150289356154192,1.334773321529499,0.012339193375183929,0.1921926931666601,1.3479951730392177,1.2585241615316822,1,186.72444472946037
-0.3980463887891255,0.32174282218300837,-0.37389504624959724,-0.34163379264896837,0.3981068929624305,-0.2926187942427313,0.3738345420762922,0.31250976470869135,0.5281494689357162,1.2001527698609176,0.0036989627273029,-0.2674107971850372,-1.3304005829995604,-1.255033724778568,1,199.10922378449766
-0.4436231724506969,0.25934951575229875,-0.43081585853861704,-0.2707542964251262,0.45237647247114826,-0.21129969016439504,0.42206255851816565,0.22270447083722256,0.47497282748268926,1.6902342981490488,0.04557849229065861,-0.040628037681538096,1.5683632415742201,-1.4637075779817763,1,203.09390493236037
-0.35466849443286785,0.33270434993376224,0.43485618054098263,0.24371816877503313,0.37542796581966165,-0.3015602519712766,-0.4556156519277764,-0.27486226673751873,0.5647947623284479,1.4039437638395578,0.08012009304388996,-0.0,-1.5671198727671103,1.5183853526059354,1,280.54262202419164
-0.4436231724506969,0.25934951575229875,-0.43081585853861704,-0.2707542964251262,0.45237647247114826,-0.21129969016439504,0.42206255851816565,0.22270447083722256,0.47497282748268926,1.6902342981490488,0.04557849229065861,-0.040628037681538096,1.5683632415742201,-1.4637075779817763,1,216.7033514189701
-0.37889475830522573,0.32365605450247126,-0.4483904090219695,-0.27254751123279863,0.3712276426387479,-0.27976377740614594,0.4560575246884473,0.2286552341364733,0.5457618201296359,1.4988700832878619,0.04928740499319776,-0.0,1.463560554170249,1.568049080961896,1,214.0398952348396
-0.4550844600347774,0.24087966568024952,-0.38741360378967316,-0.3125524696779342,0.5083157339753701,-0.203397337037716,0.3341823298490805,0.27507014103540073,0.5661157371659762,1.6394879578249102,0.22736814016252602,-0.34475055741138266,-1.225638676949741,-1.1476670702696845,1,198.57871731150212
-0.4550844600347774,0.24087966568024952,-0.38741360378967316,-0.3125524696779342,0.5083157339753701,-0.203397337037716,0.3341823298490805,0.27507014103540073,0.5661157371659762,1.6394879578249102,0.22736814016252602,-0.34475055741138266,-1.225638676949741,-1.1476670702696845,1,198.57871731150212
-0.3998564189203243,0.20434899573482546,-0.3931456743398613,-0.2608968882093993,0.45743374338510207,-0.3268845011943056,0.33556834987508355,0.3834323936688795,0.6089476860855464,1.2069122507223342,0.1554875529537894,-0.08651817135281312,-1.3924305521604505,1.4328762728789124,1,203.82357473047227
-0.3998564189203243,0.20434899573482546,-0.3931456743398613,-0.2608968882093993,0.45743374338510207,-0.3268845011943056,0.33556834987508355,0.3834323936688795,0.6089476860855464,1.2069122507223342,0.1554875529537894,-0.08651817135281312,-1.3924305521604505,1.4328762728789124,1,203.82357473047227
-0.34671620727700475,0.2955342697804134,-0.46482656747369483,-0.235296508725042,0.37719189855629065,-0.3369335446438292,0.43435087619440893,0.27669578358845776,0.5687007925763431,1.4216967617342806,0.12605353976311479,0.15612636584405326,1.3158606669885882,1.2198496399458068,1,187.88078988285784
-0.4036965198004209,0.29396228416031006,-0.38471215592553176,-0.2918712423414314,0.3829826609727387,-0.32227353346212984,0.4054260147532139,0.32018249164325124,0.5198256473725196,1.259420883197283,0.06731387579292997,-0.0,-1.4988205618163841,-1.5707963267919292,1,194.96062569903796
-0.4036965198004209,0.29396228416031006,-0.38471215592553176,-0.2918712423414314,0.3829826609727387,-0.32227353346212984,0.4054260147532139,0.32018249164325124,0.5198256473725196,1.259420883197283,0.06731387579292997,-0.0,-1.4988205618163841,-1.5707963267919292,1,217.61429097369435
-0.3820485554736052,0.27290514697563295,-0.4813715725323058,-0.25236149732080626,0.44946169094906596,-0.24539769094023212,0.4139584370568449,0.22485404128540548,0.48893566470836336,1.772115693217419,0.26223958740317205,-0.0,1.3764310607024055,1.4442041995179065,1,185.66487862050252
-0.36328773187567814,0.333763529358199,-0.42434759779003145,-0.2697155289511952,0.34132344522282015,-0.3370317987919842,0.44631188444288944,0.2729837983849805,0.5840343130915008,1.297951022756662,0.06960143748268258,-0.13789478895330592,-1.4460456061081273,-1.4588048835944942,1,207.51694601797604
-0.39892570996076093,0.2980830346546584,-0.37435146175819695,-0.33019825102050165,0.4135715679434223,-0.3016605245432889,0.35970560377553557,0.3337757409091321,0.5394770610420015,1.2236884091542695,0.045474348327061806,0.09881504621150088,1.4748717003798435,1.464060654149292,1,192.49149883455482
-0.3691418126859241,0.27662782369617356,-0.4547814829757095,-0.21589597110971281,0.36475780174505706,-0.33699984319435006,0.4591654939165766,0.2762679906078893,0.5608231510920608,1.4894161821672587,0.019415035903812137,-0.0,1.5453472768285534,1.3990727291859446,1,157.84394056241283
-0.45897500779731165,0.2392157555995353,-0.43130851172295787,-0.25310592457124864,0.4585953711035724,-0.19953407048453092,0.4316881484166971,0.21342423945624422,0.451739790615426,1.863761877361532,0.008928334182501984,-0.008928334179876572,-1.5658580953293322,-1.4767814980301188,1,193.67688626422515
-0.3820485554736052,0.27290514697563295,-0.4813715725323058,-0.25236149732080626,0.44946169094906596,-0.24539769094023212,0.4139584370568449,0.22485404128540548,0.48893566470836336,1.772115693217419,0.26223958740317205,-0.0,1.3764310607024055,1.4442041995179065,1,178.20241223589494
-0.45897500779731165,0.2392157555995353,-0.43130851172295787,-0.25310592457124864,0.4585953711035724,-0.19953407048453092,0.4316881484166971,0.21342423945624422,0.451739790615426,1.863761877361532,0.008928334182501984,-0.008928334179876572,-1.5658580953293322,-1.4767814980301188,1,209.52404698106474
-0.42097753871334886,-0.22395415769221375,0.508481618785295,-0.11462070048514919,0.4246298908954708,0.14667360838831914,-0.5121339709674169,0.19190124978904383,0.42442851195833803,2.454255905759048,0.16533643311224755,-1.5588351747610951,-0.2053953891914313,-0.11065722117447636,1,232.5901887189449
-0.42097753871334886,-0.22395415769221375,0.508481618785295,-0.11462070048514919,0.4246298908954708,0.14667360838831914,-0.5121339709674169,0.19190124978904383,0.42442851195833803,2.454255905759048,0.16533643311224755,-1.5588351747610951,-0.2053953891914313,-0.11065722117447636,1,239.45503031983083
-0.4828180492009481,-0.13268277644551543,0.473403977794965,-0.15272668307375928,0.4847947781474006,0.1498871121357393,-0.4753807067414175,0.13552234738353539,0.2928129899772771,3.1975172403441596,0.035917937897216284,-1.5541312030781789,-0.0,-0.009900666588086592,1,183.3598506073397
-0.34580931265561027,0.36011760992333536,-0.40851663465477644,-0.27678789382109426,0.31106654459399263,-0.36610332162564535,0.443259402716394,0.2827736055234043,0.6185775873307908,1.1728883048776757,0.10283536626100628,-0.1493226606943483,-1.3961241277828538,-1.4219063791819067,1,154.39248701282858
-0.32225699033056426,0.36784786730126595,-0.42890758918759475,-0.27522391383399114,0.3209755063103908,-0.36938390615467037,0.4301890732077683,0.2767599526873955,0.6333533559878094,1.1653006467262774,0.0030913829712002476,-0.25445206393050485,-1.355781445043733,-1.3602243699550427,1,159.62827482916597
-0.3228047802900109,0.3788528657514953,-0.4203403816923861,-0.26654527492510904,0.291198349499199,-0.3795546784702749,0.4519468124831981,0.26724708764388866,0.6615491887908032,1.150156272602312,0.09360321939301618,-0.0,-1.5632776714788335,1.563876022048116,1,150.38814053457511
-0.34580931265561027,0.36011760992333536,-0.40851663465477644,-0.27678789382109426,0.31106654459399263,-0.36610332162564535,0.443259402716394,0.2827736055234043,0.6185775873307908,1.1728883048776757,0.10283536626100628,-0.1493226606943483,-1.3961241277828538,-1.4219063791819067,1,143.77191581645275
-0.32225699033056426,0.36784786730126595,-0.42890758918759475,-0.27522391383399114,0.3209755063103908,-0.36938390615467037,0.4301890732077683,0.2767599526873955,0.6333533559878094,1.1653006467262774,0.0030913829712002476,-0.25445206393050485,-1.355781445043733,-1.3602243699550427,1,145.87543564515246
-0.4671920292966128,0.21656624710208253,-0.40860425004152945,-0.2280522420048039,0.43213197807984044,-0.25137894580975917,0.44366430125830175,0.2628649407124805,0.46840229948794504,1.771253590810598,0.15343810641101033,0.02030177885932148,-1.4323435754449592,-1.5108681716711978,1,186.36806538622346
0.500617939940836,0.20142849812542415,-0.44245338120986544,0.23072755668962802,-0.4559226166635516,-0.20281707910003097,0.397758057932581,-0.2293389757150212,0.4400722969813937,2.079135275510689,2.2252178971570892e-07,1.5707963267901572,0.0,0.20333608402623676,1,133.1596388161933
-0.5831648318953434,-0.10815045159311269,-0.07607738421641932,0.40898185982931057,0.4390225827776063,0.15673331949811714,0.22021963333415648,-0.457564727734315,0.8857730160353292,1.1796104552750273,0.4334181211692641,-1.2054546638884611,-0.045130625054458286,0.0,1,189.55116089462987
-0.4828180492009481,-0.13268277644551543,0.473403977794965,-0.15272668307375928,0.4847947781474006,0.1498871121357393,-0.4753807067414175,0.13552234738353539,0.2928129899772771,3.1975172403441596,0.035917937897216284,-1.5541312030781789,-0.0,-0.009900666588086592,1,193.48149707343435
-0.5025207015049701,0.20920749954519383,-0.25881381419573474,-0.3597950047570162,0.4531105864218551,-0.2374510621838338,0.30822392927884973,0.3880385673956562,0.7146531597111766,1.2778662572957213,0.17704431864694076,-0.22527677921632333,-1.1110397487329378,-1.157952421845378,1,80.62811396101297
-0.4860277441198827,0.2199409770339859,-0.3400042198294559,-0.30778562820183564,0.4746491569007275,-0.23216470374949416,0.3513828070486111,0.32000935491734384,0.6031081388592197,1.5302398503529249,0.05031185120220486,-0.17073521147720738,-1.222672991507086,-1.2490457723912778,1,65.71065283664235
-0.5331853020225019,0.06308990544788849,-0.24134960577822254,-0.28441993934128473,0.6057029689223221,-0.16566355679764386,0.16883193887840234,0.3869935906910401,0.7646649943074751,1.6962545733774428,0.02962096343200079,-0.0,-1.0115505991250808,-1.3045442776374623,1,110.98606261484247
-0.43298338809356784,0.2814608895743809,-0.3402688963330657,-0.3567493254405933,0.43382299269074315,-0.26567355511844165,0.33942929173589037,0.340961990984654,0.6047806210228258,1.2423567747552515,0.010100666592690115,-0.34302394042353146,-1.200625498946194,-1.1603898905243986,1,92.20950927770512
-0.5331853020225019,0.06308990544788849,-0.24134960577822254,-0.28441993934128473,0.6057029689223221,-0.16566355679764386,0.16883193887840234,0.3869935906910401,0.7646649943074751,1.6962545733774428,0.02962096343200079,-0.0,-1.0115505991250808,-1.3045442776374623,1,75.9334794072444
-0.5443849879704499,0.13407801379715145,-0.16836010660436096,-0.4059706700365851,0.5298993509084092,-0.1298751009772416,0.18284574366640147,0.4017677572166752,0.8677407423088183,1.3299903813317346,0.02988737602208652,-0.03668078775698806,-1.3024301158812424,-1.2785938202926928,1,71.41528888879296
-0.5331853020225019,0.06308990544788849,-0.24134960577822254,-0.28441993934128473,0.6057029689223221,-0.16566355679764386,0.16883193887840234,0.3869935906910401,0.7646649943074751,1.6962545733774428,0.02962096343200079,-0.0,-1.0115505991250808,-1.3045442776374623,1,46.60070631171197
-0.3293133208273073,0.36902042124446643,-0.4410003869904051,-0.2625803803444228,0.3066921095851674,-0.35094228228127744,0.4636215982325451,0.24450224138123383,0.6512940901499408,1.2564845106460483,0.08266810410552071,0.22091109458394165,1.2924966677931717,1.3306253189379325,1,211.1522368694314
-0.3019768547126825,0.3933664113359413,-0.4740188081404853,-0.28724252318517873,0.3423517262008973,-0.31381838216241464,0.43364393665227047,0.20769449401165202,0.641885290742416,1.283487361630982,0.07429338964545772,-0.09966865249154283,1.455417019400235,-1.4714800351031052,1,194.0921487138738
-0.32431448169243376,0.3229280671718256,-0.46000766536847093,-0.2638791536164699,0.3818767787261123,-0.3455646320448015,0.40244536833479244,0.2865157184894458,0.5765435564478633,1.2901457782769037,0.19471595657638663,0.16964977229929448,1.2706251559678885,1.223961429217441,1,180.20534737566396
-0.37591475659616214,0.3708695022838275,-0.41427058176603676,-0.34794544549900513,0.3860989853935765,-0.2521244441551908,0.40408635296862244,0.22920038737036846,0.588247197309013,1.1384806858272236,0.01595609254793307,-0.0,1.3983332552711973,-1.444437326911622,1,185.4843941508092
-0.37258155260713843,0.3690063922049004,-0.4127113194570655,-0.32454928315055376,0.3525070365575744,-0.2837638210370051,0.4327858355066296,0.23930671198265843,0.5863993503219607,1.2190761102637788,0.09449128607753707,0.003831398876602524,1.455919721381448,-1.47275104949781,1,219.91391647391208
-0.3799538400314183,0.36703273465051134,-0.37983899698715995,-0.3207727168646574,0.32076283502131425,-0.3206557372056222,0.439030001997264,0.27439571941976826,0.5633015512501656,1.1907201959864382,0.19636143405524867,-0.0,-1.5707963267903304,-1.4579959455893805,1,148.55917189342324
-0.3051451007084956,0.36773374984999224,-0.4574950217425277,-0.2568221802393197,0.3216443717391201,-0.36554930892236137,0.4409957507119032,0.25463773931168887,0.6588480619041198,1.2252986915566608,0.04914073441649921,0.009615088299748739,1.4605729450770797,1.472350167586339,1,163.85174866369826
-0.5419926715913235,0.22753300536158924,-0.2929498144674983,-0.3290777913274819,0.45134411893889925,-0.17764170042492092,0.38359836711992257,0.27918648639081356,0.6042112854228756,1.6330677748435285,0.27348945398962243,0.09232933473193901,-1.4431361661682218,-1.2981613856021061,1,190.8066553120115
-0.27837127067772044,0.4016975547248953,-0.47905929411695924,-0.23222894587764265,0.2597928134900897,-0.3569703944715237,0.49763775130459,0.18750178562427103,0.7409887444361685,1.287384087407497,0.10525587362855053,0.21481540040355196,1.2166381699460618,1.318700346133927,1,73.39522916563611
-0.3242675187037449,0.33599085687631924,-0.4910476985607364,-0.24677475018118658,0.36193552880999935,-0.30862024535342303,0.45337968845448195,0.21940413865829042,0.6087883789198353,1.4651118848998976,0.10725616868528114,0.123265670359979,1.2411719193800435,1.3176076675178812,1,118.91210686149962
-0.3425169059483905,0.36265562734032947,-0.46894363303193176,-0.2475729276235008,0.2865088662233138,-0.28740976504704807,0.5249516727570086,0.17232706533021938,0.6460969419496602,1.5289158866600188,0.274167451119956,-0.0,1.4191908393634098,-1.5591009536233604,1,82.78144846558855
-0.3795004862776552,0.3219797837039606,-0.4117357926884204,-0.3329380053302058,0.42998535995483156,-0.2742391794848096,0.3612509190112441,0.2851974011110548,0.5512581562724087,1.2852317752500997,0.17143169368342015,0.0037453008398498594,1.4482463844422309,1.567485080622004,1,216.9769918772802
-0.4037174634020247,0.32192493316575393,-0.4139892811041988,-0.31589980686155095,0.40558823919810605,-0.2558317683555587,0.4121185053081174,0.2498066420513557,0.5269119841029679,1.295195583628429,0.003188884338183085,-0.30955603694956507,-1.350504005720711,-1.1891745011741581,1,170.1781669081275
-0.3770160999371043,0.28107383914014256,-0.4671144151250401,-0.24218554730781247,0.40484335973907515,-0.28812531460813795,0.43928715532306917,0.2492370227758079,0.5159230068551762,1.5924155271125915,0.10650435148316105,0.036020449429351405,1.416898299779755,1.40324265161501,1,195.28448538351844
-0.34529437233874055,0.34281419568814175,-0.45932101446284007,-0.29738298460884105,0.4022036382615193,-0.28644160950959857,0.40241174854006134,0.24101039843029792,0.5516788850439857,1.3460427342137775,0.17586879252682971,-0.3348919722842334,-1.4248670359768183,-1.2768449943014182,1,217.99317908733983
-0.45693392113665215,0.24901369125883807,-0.3675348567787806,-0.28742345039549894,0.42539987648862454,-0.2728146101020292,0.3990689014268083,0.31122436923869,0.5282072041379255,1.4738779106627962,0.12008198450661262,0.008546800432648006,-1.4326290518257054,-1.486755612348947,1,199.46413498873898
-0.34529437233874055,0.34281419568814175,-0.45932101446284007,-0.29738298460884105,0.4022036382615193,-0.28644160950959857,0.40241174854006134,0.24101039843029792,0.5516788850439857,1.3460427342137775,0.17586879252682971,-0.3348919722842334,-1.4248670359768183,-1.2768449943014182,1,220.9142649060417
-0.39866504965627575,0.33969865597726306,-0.4316121941557262,-0.2872603157219737,0.3407862503037815,-0.24954833894695855,0.48949099350822045,0.1971099986916691,0.577493907366677,1.4691602309597638,0.26888263308689975,0.26888263308794924,1.2006254989559229,1.4085974933344656,1,167.27000527546238
-0.5439565651982382,0.1582009809494756,-0.21709248102206558,-0.3506847865502015,0.4865403074131338,-0.2023993651465198,0.27450873880717,0.3948831707472457,0.7683054483142682,1.3821635741250764,0.22983590330076836,-0.041642579099021707,-1.1659045405017672,-1.2397002500837777,1,85.04460412176721
-0.5386047504192664,0.18696033733698464,-0.23798500129631622,-0.33211953972258745,0.44465899322157854,-0.23529639647123,0.331930758494004,0.3804555988568328,0.7006492983849946,1.3798737710679405,0.343870839625698,0.17037511066441272,-1.3571273392459031,-1.4349475855260425,1,81.35976686789887
-0.48297074920635336,0.27572101807939886,-0.39005021349602326,-0.2966712109614769,0.4140359117614533,-0.17425677767979766,0.4589850509409232,0.19520697056187572,0.5391681801042814,1.6456474290813778,0.2819987790009027,0.2819987790020432,1.2986504362667914,1.5349989533345192,1,187.71549254577081
-0.3490716797204343,0.30156267466672204,-0.48429021630081864,-0.2268676547682399,0.36766192974518985,-0.3078669575939268,0.465699966276063,0.2331719376954447,0.5789521676190557,1.5588184956693696,0.0712535633435628,0.005128160174260693,1.4099463870096212,1.3988985955025754,1,163.2464965259355
-0.3906966887034761,0.28057978349746765,-0.4238904868252091,-0.2915581230574946,0.4389054788802399,-0.28614997370850775,0.37568169664844525,0.29712831326853467,0.5079162823276158,1.4656290895542408,0.16592447244919328,-0.0,1.5065760775978885,1.4912543595114751,1,172.57023542286876
-0.15943536474472667,0.45093863713901017,-0.5064070047789002,-0.1314555353977482,0.08290031733943103,-0.383099417039783,0.5829420521841959,0.06361631529852098,0.9085585677910041,1.306114333159158,0.3043618871737773,-0.14315808798492102,-1.5613626443794626,-1.4840579881117195,1,105.17389899865663
-0.4726340695548717,0.24855278146216833,-0.38976702427400267,-0.2858222996715006,0.4527440400772144,-0.21345924654261178,0.40965705375166,0.25072876475194406,0.4965126097172508,1.7246785459767169,0.06129034288093763,0.0431105278078388,-1.5457389157659143,-1.4625257359320534,1,238.5533516924765
-0.4726340695548717,0.24855278146216833,-0.38976702427400267,-0.2858222996715006,0.4527440400772144,-0.21345924654261178,0.40965705375166,0.25072876475194406,0.4965126097172508,1.7246785459767169,0.06129034288093763,0.0431105278078388,-1.5457389157659143,-1.4625257359320534,1,228.07666931170783
-0.43053008906992535,0.2711709111214995,-0.40092002043338804,-0.29518427988200924,0.4371288134520134,-0.25853014535282726,0.3943212960513,0.282543514113337,0.5012706636944229,1.501847256683877,0.026717181985347744,-0.19330057864523637,-1.3689711170667587,-1.3390480894131593,1,202.8680052642905
-0.5853606185926694,0.2394636225557225,-0.11774355431408966,-0.1485469361538334,0.051840913588501354,-0.3034468581172206,0.6512632593182578,0.21253017171533153,0.6713760639682604,2.27776755456649,1.7382409344955279,1.2543648711777629,-1.2068173702644605,1.2163776600002134,1,362.6124653486644
-0.36949233327588243,0.3699522713857703,-0.419875969473157,-0.2896297305136422,0.3048056370098007,-0.3004459351217503,0.4845626657392388,0.2201233942496222,0.6063340389424997,1.3491065853593533,0.2562500700225273,0.22178096902470304,1.2877005415037828,1.446441332255375,1,75.85457731926655
-0.4590066871193601,0.23644629167881182,-0.40182174782338426,-0.25254255672941084,0.43017534701633026,-0.2541780066678741,0.43065308792641416,0.2702742717184731,0.4665840960114414,1.6963598247358367,0.11732742590025694,-0.005208286239098994,-1.4472058580900056,-1.4871767404794163,1,198.1691852068486
-0.45136022551497834,0.20956862869756968,-0.33741430674411377,-0.3332327936677676,0.5039938953942626,-0.24206441053591565,0.28478063686482946,0.3657285755061135,0.6677556243966326,1.3668196313029382,0.13923198830987696,-0.12184243702114822,-1.349967557059072,-1.4510709287944352,1,77.79734726255572
-0.35789257160341464,0.321358184771479,-0.4586275584753464,-0.2332489767543794,0.32898611291211166,-0.3216285626836031,0.4875340171666495,0.2335193546665036,0.6083693540890226,1.4715102284562918,0.09851581628854339,-0.009174054545194158,1.5120405040856872,1.5038234685915504,1,100.15851274874954
-0.37381453636246575,0.3179257870506672,-0.4728785202264591,-0.2357257062977502,0.329266407914883,-0.26524291005345296,0.5174266486740419,0.18304282930053595,0.5775149750831807,1.6981452773753558,0.22034607046511134,0.17736181059853326,1.2531609755115471,1.3665826907832048,1,100.66954508253667
-0.35789257160341464,0.321358184771479,-0.4586275584753464,-0.2332489767543794,0.32898611291211166,-0.3216285626836031,0.4875340171666495,0.2335193546665036,0.6083693540890226,1.4715102284562918,0.09851581628854339,-0.009174054545194158,1.5120405040856872,1.5038234685915504,1,81.1570921760733
-0.36722969641733927,0.35039552125128165,-0.4487235955439651,-0.28180413874829585,0.3459712686688032,-0.27788066729009114,0.46998202329250116,0.2092892847871053,0.5808053798681154,1.4531890428999603,0.12106121228348278,0.20292910020881702,1.2347318216473149,1.4066426739304945,1,156.12412371349672
-0.3305903212045929,0.3731135069802347,-0.4139562082923975,-0.2547203149075651,0.2773218193943793,-0.385570135111633,0.4672247101026112,0.2671769430389634,0.668537548509782,1.1614602839800097,0.15110277843755976,-0.0,-1.5157339314173013,-1.5707963267914602,1,177.66912171723573
-0.48267844632722195,0.22235453439132488,-0.36852780532393675,-0.2773222756951482,0.4602952707377977,-0.23582747836184859,0.390910980913361,0.2907952196656719,0.5357198663300616,1.6598216473972915,0.09359596576083441,0.14641024124094146,-1.5426347598041896,-1.57079632679223,1,234.94147171135862
0.1382803335255989,0.5113638028693511,0.5041341703181395,-0.20313688181005615,-0.19265353584270545,-0.4159029994711452,-0.4497609680010329,0.10767607841185015,0.8845152946773643,1.02871701640937,0.016766105595414173,1.23755202568704,0.15637055614482637,0.4616150914764947,1,157.49772975081106
-0.48267844632722195,0.22235453439132488,-0.36852780532393675,-0.2773222756951482,0.4602952707377977,-0.23582747836184859,0.390910980913361,0.2907952196656719,0.5357198663300616,1.6598216473972915,0.09359596576083441,0.14641024124094146,-1.5426347598041896,-1.57079632679223,1,190.66659338849476
-0.44430950398634256,0.22089745231076005,-0.3887848453504489,-0.25998410225943486,0.4481093795503316,-0.2848155624625495,0.3849849697864598,0.3239022124112243,0.5432312370417818,1.4660634539902007,0.01162398294758635,0.019228399099799627,-1.4454072064506231,1.5429483746021244,1,185.155780284825
-0.5020441929490886,0.2139686764090962,-0.3341750917724645,-0.286884052459544,0.45227485338089785,-0.24064282346346944,0.3839444313406553,0.3135581995139172,0.573013477279543,1.5893602477064956,0.20072333458753044,-0.0,-1.306126554801617,-1.3593318672180628,1,185.17972062399528
-0.5020441929490886,0.2139686764090962,-0.3341750917724645,-0.286884052459544,0.45227485338089785,-0.24064282346346944,0.3839444313406553,0.3135581995139172,0.573013477279543,1.5893602477064956,0.20072333458753044,-0.0,-1.306126554801617,-1.3593318672180628,1,225.1075227960694
-0.48791599996405716,0.2240064734745132,-0.3655620607195898,-0.2919344194370841,0.4805179779019591,-0.2115903977536984,0.37296008278168785,0.27951834371626927,0.5534142725831285,1.6946877157826084,0.017239671195753235,-0.13936220578810812,-1.2932647167912186,-1.2629821523017863,1,206.14092772880932
-0.3936112516588845,0.2623503213458997,-0.4969872114375076,-0.23587778094000736,0.4508581859815634,-0.2089565587555567,0.43974027711482866,0.18248401834966435,0.47224321361653515,1.9024326268837242,0.2329792390772679,-0.232979239078372,-1.5707963267919467,-1.44685575410257,1,163.80769675294596
-0.3673088247355256,0.2528783018402892,-0.4675381735227291,-0.22996199909710904,0.42584839074353265,-0.31210165760989506,0.40899860751472206,0.28918535486671487,0.5371817382144033,1.4857905554728983,0.23269151319429296,0.055498505245973245,1.4023059742692139,1.263886983212317,1,191.63931499053672
-0.3305903212045929,0.3731135069802347,-0.4139562082923975,-0.2547203149075651,0.2773218193943793,-0.385570135111633,0.4672247101026112,0.2671769430389634,0.668537548509782,1.1614602839800097,0.15110277843755976,-0.0,-1.5157339314173013,-1.5707963267914602,1,145.79750594950116
-0.48267844632722195,0.22235453439132488,-0.36852780532393675,-0.2773222756951482,0.4602952707377977,-0.23582747836184859,0.390910980913361,0.2907952196656719,0.5357198663300616,1.6598216473972915,0.09359596576083441,0.14641024124094146,-1.5426347598041896,-1.57079632679223,1,210.30412750941196
-0.48880410106558997,0.18171847383253817,-0.4574589391656165,-0.19094216165970662,0.4841513035960626,-0.12640166075165807,0.46211173663514377,0.13562534857882652,0.3625821794068257,2.6108349312947494,4.1669998926251127e-07,-0.0,-1.5553176869162562,-1.4384475931133698,1,179.31170646501909
-0.49750097756712525,0.14644293031177488,-0.43288784427772925,-0.16248617927511042,0.4772598802117759,-0.19694432071251586,0.4531289416330786,0.21298756967585136,0.3995855611058913,2.377860519354613,0.1473819745196697,0.11168286184093457,-1.4384574699490782,-1.5461859119977595,1,128.427911978234
-0.49750097756712525,0.14644293031177488,-0.43288784427772925,-0.16248617927511042,0.4772598802117759,-0.19694432071251586,0.4531289416330786,0.21298756967585136,0.3995855611058913,2.377860519354613,0.1473819745196697,0.11168286184093457,-1.4384574699490782,-1.5461859119977595,1,210.90947026269828
-0.48267844632722195,0.22235453439132488,-0.36852780532393675,-0.2773222756951482,0.4602952707377977,-0.23582747836184859,0.390910980913361,0.2907952196656719,0.5357198663300616,1.6598216473972915,0.09359596576083441,0.14641024124094146,-1.5426347598041896,-1.57079632679223,1,229.56204694590565
-0.3305903212045929,0.3731135069802347,-0.4139562082923975,-0.2547203149075651,0.2773218193943793,-0.385570135111633,0.4672247101026112,0.2671769430389634,0.668537548509782,1.1614602839800097,0.15110277843755976,-0.0,-1.5157339314173013,-1.5707963267914602,1,130.18263929844935
-0.5048953809758706,0.0424987236787234,-0.4904843876825071,-0.04348147272163155,0.5011431360044332,-0.05144206848628333,0.4942366326539444,0.05242481752919149,0.10449408797037052,9.685844599504188,0.09966865251189157,0.09966865249611252,-1.4963726365049512,-1.514334662680627,1,115.23439426108781
-0.46725009759605046,0.20127499145210448,-0.4479234019253348,-0.18427142419950016,0.4103021646961163,-0.2124465072787355,0.504871334825269,0.19544294002613122,0.40218753596971923,2.349700064907105,0.2779108727323713,0.02962096342934539,-1.5175134752318804,-1.544331918535551,1,173.0275366502741
-0.479764490615973,0.1527370523945814,-0.4842375440608924,-0.14781437892917365,0.46372329682713714,-0.11388868694731445,0.5002787378497283,0.10896601348190668,0.2958977776897786,3.2756998613328725,0.14770301113152656,-0.025968187211893486,1.5461099847434099,-1.5150771684155147,1,126.63916238367301
0.5499939746406544,0.16095458410715038,-0.47515328220518943,0.06083417942085513,-0.48647225890475987,-0.035270715738774765,0.4116315664692949,-0.18651804778923076,0.3601436500417543,2.982871565707932,0.26419754535684264,-1.3562034453097926,0.0,0.2617135023967421,1,98.10550301870377
-0.4352764048227626,0.28758935555004456,-0.40070470967489974,-0.3095956510322238,0.4343896867495933,-0.23516840744918954,0.4015914277480691,0.25717470293136874,0.5193515506200129,1.456275830750534,0.008691834092985327,-0.28083772462248313,-1.3210215373704548,-1.1958045996584576,1,132.74065132974255
0.5499939746406544,0.16095458410715038,-0.47515328220518943,0.06083417942085513,-0.48647225890475987,-0.035270715738774765,0.4116315664692949,-0.18651804778923076,0.3601436500417543,2.982871565707932,0.26419754535684264,-1.3562034453097926,0.0,0.2617135023967421,1,81.56912683930564
-0.39781291504228405,0.30466914263626116,-0.4419943182064365,-0.27069354025986625,0.38826696792841714,-0.2670583989374907,0.45154026532030334,0.23308279656109582,0.5141064552384188,1.5529936335618302,0.04920395092812665,-0.1685969396106028,-1.4832160602978475,-1.3947531387862975,1,128.17968330916892
-0.42748896466559727,0.270149290588672,-0.4456618298603549,-0.2904663992416789,0.49645164796036056,-0.18051718084036944,0.37669914656559156,0.20083428949337634,0.5281635972669314,1.6804978792259815,0.3366748193868164,-0.3366748193882862,-1.3827053697895146,-1.1805460436926691,1,112.70470309537627
0.4958922757152477,0.011957886165733315,-0.5099046581797201,0.0577472603354637,-0.4864000166264115,-0.05917750153751194,0.500412399090884,-0.010527644963685079,0.11813108133757086,8.640745049095665,0.09475417518425436,1.3269226355895918,0.0,0.0,1,128.79029961854673
0.4958922757152477,0.011957886165733315,-0.5099046581797201,0.0577472603354637,-0.4864000166264115,-0.05917750153751194,0.500412399090884,-0.010527644963685079,0.11813108133757086,8.640745049095665,0.09475417518425436,1.3269226355895918,0.0,0.0,1,146.62672579239577
-0.46782470041969443,0.256231982002619,-0.40388081200867343,-0.26605877232261765,0.4177525710303373,-0.21974131091940965,0.4539529413980306,0.22956810123940832,0.4814359398651174,1.764874515170382,0.20221867357592122,0.20221867357664916,1.434088254531085,1.5193195954048646,1,225.66117180245107
-0.46782470041969443,0.256231982002619,-0.40388081200867343,-0.26605877232261765,0.4177525710303373,-0.21974131091940965,0.4539529413980306,0.22956810123940832,0.4814359398651174,1.764874515170382,0.20221867357592122,0.20221867357664916,1.434088254531085,1.5193195954048646,1,226.8265099017293
-0.454643170847443,0.25261243220276564,-0.411797214295434,-0.2681482781608437,0.4380792575178373,-0.2293804785904102,0.4283611276250397,0.2449163245484882,0.46489476595302975,1.7142660930429199,0.061604122487328064,0.16720065811940543,1.4401022729453978,1.4944020790141526,1,223.67051196537426
-0.454643170847443,0.25261243220276564,-0.411797214295434,-0.2681482781608437,0.4380792575178373,-0.2293804785904102,0.4283611276250397,0.2449163245484882,0.46489476595302975,1.7142660930429199,0.061604122487328064,0.16720065811940543,1.4401022729453978,1.4944020790141526,1,239.42191863727103
-0.46782470041969443,0.256231982002619,-0.40388081200867343,-0.26605877232261765,0.4177525710303373,-0.21974131091940965,0.4539529413980306,0.22956810123940832,0.4814359398651174,1.764874515170382,0.20221867357592122,0.20221867357664916,1.434088254531085,1.5193195954048646,1,282.67454298707344
-0.4635479637360093,0.2565738300881478,-0.35275756106007367,-0.33018327281358933,0.4594304942380392,-0.23216453617274957,0.3568750305580437,0.305773978898191,0.586974843522353,1.4513215400716082,0.0017636666517365147,-0.1991592264533528,-1.305119982812952,-1.244913564506612,1,76.67524923654726
-0.4075458438609184,0.27415031358556674,-0.4009658546024996,-0.2761840737557243,0.40398948768520676,-0.3111120502433551,0.4045222107782112,0.31314581041351264,0.5069398664968074,1.3008535507821095,0.012809148020854392,-0.42019671361323757,-1.095279838941933,-1.1866269623962011,1,94.1482091688357
-0.3728995536144326,0.2916735848070664,-0.44283132658448626,-0.17162022987065853,0.26828654985299877,-0.352806444578959,0.5474443303459202,0.23275308964255112,0.6382128844787739,1.5365497948381879,0.29505066939177743,-0.0,-1.4711276742954837,1.4849153757404858,1,106.88798784859657
-0.15137030170975246,0.4730988024533992,-0.5124957746362168,-0.1721966169717665,0.17931453473382408,-0.4231652283312137,0.48455154161214514,0.122263042849581,0.8936176465437375,1.112448209458457,2.897116854075141e-07,-0.0,1.4085974933374168,1.5647357949426466,1,78.02040139128817
-0.5034442167625052,0.2356646610901738,-0.354101314538083,-0.2922966821183591,0.4482500265326646,-0.2063395960394365,0.40929550476792365,0.2629716170676218,0.528445643819598,1.7139358481122484,0.1928516274752967,-0.008368005512327501,-1.3934873507700982,-1.3166715772368294,1,187.9957568872471
-0.46080882417518926,0.1251439786697173,-0.4637258755188429,-0.13679332155716575,0.48608133947086446,-0.22832895382076085,0.4384533602231677,0.23997829670820928,0.4448016053844083,2.0281710648657807,0.11248991664858991,0.00799982933995063,-1.4938560002878702,1.4246495429550186,1,221.6362287730115
-0.5034442167625052,0.2356646610901738,-0.354101314538083,-0.2922966821183591,0.4482500265326646,-0.2063395960394365,0.40929550476792365,0.2629716170676218,0.528445643819598,1.7139358481122484,0.1928516274752967,-0.008368005512327501,-1.3934873507700982,-1.3166715772368294,1,177.06592596357078
-0.46080882417518926,0.1251439786697173,-0.4637258755188429,-0.13679332155716575,0.48608133947086446,-0.22832895382076085,0.4384533602231677,0.23997829670820928,0.4448016053844083,2.0281710648657807,0.11248991664858991,0.00799982933995063,-1.4938560002878702,1.4246495429550186,1,300.7713528962447
-0.4440505177013194,0.26854043203030586,-0.3784904925328417,-0.2777406749193618,0.39360872754414156,-0.28810893451766245,0.42893228269001954,0.29730917740671836,0.5110599427475563,1.4912124900298662,0.17970623312049044,-0.1533752810815342,-1.284552909649528,-1.33092338151612,1,200.05020195881949
-0.36667436812135434,0.34093796279607586,-0.43200228309490424,-0.21228644603918698,0.23856089275559808,-0.3276726177729281,0.5601157584606604,0.19902110101603926,0.6633406197574492,1.4838503463574386,0.4305744700932828,0.2412795431323961,1.3823801174468306,1.3639223778181098,1,197.13694564254223
-0.46080882417518926,0.1251439786697173,-0.4637258755188429,-0.13679332155716575,0.48608133947086446,-0.22832895382076085,0.4384533602231677,0.23997829670820928,0.4448016053844083,2.0281710648657807,0.11248991664858991,0.00799982933995063,-1.4938560002878702,1.4246495429550186,1,225.36385872660622
-0.4440505177013194,0.26854043203030586,-0.3784904925328417,-0.2777406749193618,0.39360872754414156,-0.28810893451766245,0.42893228269001954,0.29730917740671836,0.5110599427475563,1.4912124900298662,0.17970623312049044,-0.1533752810815342,-1.284552909649528,-1.33092338151612,1,185.40995602073014
-0.3638837027701788,0.35253320121186627,-0.4208692942939066,-0.27857013208092296,0.3233455229712794,-0.3271472280602713,0.46140747409280614,0.253184158929328,0.5996662526739153,1.298075875645755,0.14350924725705952,0.11065722117438345,1.4352686128131147,1.4898922276430224,1,199.0518250133623
-0.5983877734200659,0.1197706523611193,-0.27500691312871334,-0.1911712135604828,0.4603667767477755,-0.2195772005987997,0.4130279098010037,0.2909777617981632,0.5405523895485558,2.073732757776324,0.7125494661520935,0.6487093950355028,-1.3758914218166505,1.5594072976062388,1,229.17392554145707
-0.49260491010764085,0.1986933326811736,-0.4012529045921618,-0.18091603381184695,0.3776000711983254,-0.24853940541122366,0.5162577435014774,0.23076210654189705,0.4835493952278878,2.1048601526376833,0.5177604397120351,0.2401710078617448,-1.4882031902168766,1.5350059898892248,1,209.3550636212137
-0.5983877734200659,0.1197706523611193,-0.27500691312871334,-0.1911712135604828,0.4603667767477755,-0.2195772005987997,0.4130279098010037,0.2909777617981632,0.5405523895485558,2.073732757776324,0.7125494661520935,0.6487093950355028,-1.3758914218166505,1.5594072976062388,1,220.29402556833423
-0.5983877734200659,0.1197706523611193,-0.27500691312871334,-0.1911712135604828,0.4603667767477755,-0.2195772005987997,0.4130279098010037,0.2909777617981632,0.5405523895485558,2.073732757776324,0.7125494661520935,0.6487093950355028,-1.3758914218166505,1.5594072976062388,1,242.76366242748978
-0.4164857374047661,0.2348530162591093,-0.40131875201471107,-0.23008311674159102,0.39777486309042054,-0.33609710513581736,0.4200296263290567,0.3313272056182991,0.5583106900752757,1.253348657301158,0.06594198978175048,-0.0,-1.4062886749296468,1.4885850388454527,1,268.432874349418
-0.5983877734200659,0.1197706523611193,-0.27500691312871334,-0.1911712135604828,0.4603667767477755,-0.2195772005987997,0.4130279098010037,0.2909777617981632,0.5405523895485558,2.073732757776324,0.7125494661520935,0.6487093950355028,-1.3758914218166505,1.5594072976062388,1,406.2029235165422
-0.40004146366632304,0.2865084283704454,-0.449781894495064,-0.27852158438614966,0.4399678275704422,-0.24525736681649296,0.40985553059094476,0.23727052283219724,0.5027352968088499,1.5746946214851683,0.15012961124262594,0.330547981391927,1.1150745756052367,1.2131637440481333,1,179.8401994666364
-0.43838114026704567,0.2314734208859084,-0.4471827173945568,-0.21626464773176454,0.41871411296437255,-0.24646983487043497,0.4668497446972298,0.23126106171629113,0.43685565079913496,1.912428831421282,0.080764626363642,-0.027617285881694813,-1.5279653941233173,-1.562599789042252,1,210.85638703575066
-0.46441357292577856,0.273550820236509,-0.3854681228194105,-0.28241056053270397,0.3952921883361322,-0.23867689828389674,0.4545895074090569,0.24753663858009164,0.510930221474115,1.6529980536837432,0.2624131250580946,0.09103399866888988,1.5648616783708305,-1.49247584984606,1,241.57092749163576
-0.46441357292577856,0.273550820236509,-0.3854681228194105,-0.28241056053270397,0.3952921883361322,-0.23867689828389674,0.4545895074090569,0.24753663858009164,0.510930221474115,1.6529980536837432,0.2624131250580946,0.09103399866888988,1.5648616783708305,-1.49247584984606,1,218.7260088837881
0.47950146708673114,0.13464398594748866,-0.4724626733646411,0.16767586997971987,-0.48021799099856066,-0.16541906110175542,0.4731791972764706,-0.13690079482545317,0.319677686748471,2.8812190415787016,0.06458809384435522,1.5593899773840048,0.0,0.0,1,133.5756361398519
-0.36888225631746935,0.2605740268944423,-0.4562806838555144,-0.2507146422877466,0.43604103273744294,-0.30773401720277677,0.3891219074355408,0.29787463259608105,0.5403977499720599,1.4734296098467654,0.246621102316892,0.22082876973043872,1.244479594090508,1.1314970253485646,1,182.0026543371373
-0.41259737561084286,0.278081309201874,-0.3984016931878733,-0.25843746880181595,0.3739623782047821,-0.32277438242493023,0.43703669059393413,0.3031305420248722,0.5317901460178794,1.3574490837432571,0.1268866347079224,-0.0,-1.4612368000176588,1.5677751879532908,1,186.92307990430467
-0.41259737561084286,0.278081309201874,-0.3984016931878733,-0.25843746880181595,0.3739623782047821,-0.32277438242493023,0.43703669059393413,0.3031305420248722,0.5317901460178794,1.3574490837432571,0.1268866347079224,-0.0,-1.4612368000176588,1.5677751879532908,1,182.47950217223644
-0.39954867401898575,0.26164568963414414,-0.4802913443507978,-0.2196244352441446,0.40108594387046853,-0.2468750013673361,0.478754074499315,0.20485374697733655,0.48769443909546334,1.8859516157766747,0.004048560880306013,0.004048560876044625,1.4314341210096297,1.4650969232071112,1,248.21616981851304
-0.41879773577783713,0.2832518628386282,-0.4349836651212208,-0.25264108802364516,0.38285588982514035,-0.26281351990451185,0.47092551107391756,0.23220274508952882,0.49468564102952095,1.65897565534064,0.14587581344976208,0.14587581345028494,1.4071635653519725,1.4520395942698714,1,161.89818774270654
-0.36888225631746935,0.2605740268944423,-0.4562806838555144,-0.2507146422877466,0.43604103273744294,-0.30773401720277677,0.3891219074355408,0.29787463259608105,0.5403977499720599,1.4734296098467654,0.246621102316892,0.22082876973043872,1.244479594090508,1.1314970253485646,1,175.38143314803204
-0.41879773577783713,0.2832518628386282,-0.4349836651212208,-0.25264108802364516,0.38285588982514035,-0.26281351990451185,0.47092551107391756,0.23220274508952882,0.49468564102952095,1.65897565534064,0.14587581344976208,0.14587581345028494,1.4071635653519725,1.4520395942698714,1,198.50289297593125
-0.21887229886550674,0.4379905002559332,-0.4854199139040238,-0.18578237422306412,0.1803413663920192,-0.4011128699826665,0.5239508463775113,0.14890474394979739,0.8469664067725339,1.202915869584125,0.1545711938531115,0.3596470942381159,1.1201350007207975,1.1784561825852693,1,106.03818067086888
-0.31976918698071655,0.3884556548720634,-0.448363112934277,-0.2511768135409697,0.2669706748194919,-0.34329515311469355,0.5011616250955017,0.2060163117835998,0.6948154942567043,1.2976066820372585,0.2046025539370979,0.22112997454117542,1.2793395323235826,1.3699485367066955,1,109.09516309441995
-0.3938799504798495,0.2944420569945725,-0.43824110405529526,-0.29363003471384813,0.44008447895147346,-0.25781739610000476,0.3920365755836712,0.25700537381928035,0.5165187627998085,1.493567872699292,0.1683517414125655,-0.16835174141311662,-1.518488065943869,-1.4301384289265813,1,234.09715121572052
-0.46834261763502405,0.11483284992972462,-0.47921452324615516,-0.10962560675573399,0.4642945676734327,-0.1984078072062252,0.4832625732077465,0.19320056403223457,0.37691408809663435,2.4577541420017965,3.6041100688123373e-07,-0.0,-1.5253730473707996,1.4402302319977514,1,236.21105325024013
-0.45447883869367933,0.21648759854626173,-0.44525295544470944,-0.22095027592025412,0.4544553032772279,-0.2153716856011941,0.4452764908611609,0.2198343629751865,0.4006442075483835,2.062082163862605,2.2843047554427274e-07,-0.0,-1.555909089239645,-1.5534283462876115,1,234.0165935110949
-0.29974002345937956,0.31087711598391354,-0.33111953061136024,-0.4889104941069597,0.5712004087084394,-0.1550741340934,0.05965914536230043,0.33310751221644613,0.7417232375855182,1.0976887761322356,0.8479746904896961,-0.10905465844363224,1.2862778424897963,-1.5627319854800656,1,233.54000107012521
-0.4261191000448941,0.27468061980117014,-0.395347677823261,-0.303054484246421,0.43657385024344736,-0.26481972751579375,0.38489292762470784,0.2931935919610446,0.5143790119671663,1.4468691551604536,0.03914058941297144,-0.20361631941947575,-1.3598953752523468,-1.3367911600764746,1,233.51316349377595
-0.3908188447736359,0.24731456749417638,-0.40437979960070625,-0.3225334167441125,0.5047508467387577,-0.2595294570088007,0.2904477976355845,0.33474830625873686,0.597554957660697,1.3831673915806157,0.3698893057800603,0.003968233139049111,1.4738443878004097,1.4153928741696389,1,257.62774745592696
-0.45447883869367933,0.21648759854626173,-0.44525295544470944,-0.22095027592025412,0.4544553032772279,-0.2153716856011941,0.4452764908611609,0.2198343629751865,0.4006442075483835,2.062082163862605,2.2843047554427274e-07,-0.0,-1.555909089239645,-1.5534283462876115,1,214.86209334620807
-0.45447883869367933,0.21648759854626173,-0.44525295544470944,-0.22095027592025412,0.4544553032772279,-0.2153716856011941,0.4452764908611609,0.2198343629751865,0.4006442075483835,2.062082163862605,2.2843047554427274e-07,-0.0,-1.555909089239645,-1.5534283462876115,1,223.01780855789403
-0.5223629248744952,0.20110120772040488,-0.29331428390070596,-0.323778300690528,0.48213258289998584,-0.20754892283796042,0.33354462587521533,0.33022601580808353,0.6569443979879752,1.5359157155908674,0.14189705460460794,0.14189705460527502,-1.450000036080655,-1.4509545188790869,1,135.25862748766187
-0.45447883869367933,0.21648759854626173,-0.44525295544470944,-0.22095027592025412,0.4544553032772279,-0.2153716856011941,0.4452764908611609,0.2198343629751865,0.4006442075483835,2.062082163862605,2.2843047554427274e-07,-0.0,-1.555909089239645,-1.5534283462876115,1,214.82737489354926
-0.4142699624484764,-0.3309416708719965,0.39540073024499245,-0.312763595666468,0.36710200229145984,0.2945851883332259,-0.348232770087976,0.3491200782052386,0.550626067449697,1.1905840812133575,0.09853711791728316,-1.5418189329397152,-0.05309016095921161,0.09027123584098828,1,128.84592980284495
-0.4571716268043493,0.24197387370016182,-0.37447597373267416,-0.2940446358788353,0.453708906318664,-0.25298355635233694,0.3779386942183594,0.30505431853101045,0.5457075749862801,1.5204174976741434,0.01811639116477712,-0.13021144296592907,-1.3370531459184845,-1.362906399585154,1,78.33797443638231
-0.49313731720804616,0.12017937245377439,-0.25339438977141193,-0.34069659087586623,0.5466382563035017,-0.20518149946524633,0.19989345067595643,0.42569871788733815,0.7968791217058206,1.3567092094933617,0.022883328850527105,-0.11065722117511517,-1.1482647733071383,-1.3956853388648403,1,82.16159746505942
-0.49313731720804616,0.12017937245377439,-0.25339438977141193,-0.34069659087586623,0.5466382563035017,-0.20518149946524633,0.19989345067595643,0.42569871788733815,0.7968791217058206,1.3567092094933617,0.022883328850527105,-0.11065722117511517,-1.1482647733071383,-1.3956853388648403,1,84.73177962617238
-0.5700191784246028,0.13816470557964725,-0.20776846555524733,-0.32159426833855054,0.4909797662887012,-0.19919323655342563,0.286807877691149,0.38262279931232895,0.7471735656266806,1.5066362254646486,0.32983238119460606,0.08112239210155762,-1.1580030368180532,-1.2625129716405514,1,95.54410023041022
-0.49709173561095227,0.2274578743329685,-0.3301993573665147,-0.27637452897977854,0.41096349597075216,-0.26908225191254964,0.41632759700671484,0.3179989065593597,0.5429121868158296,1.5367768443236902,0.32900726287435517,-0.0838366420691157,-1.176927716052998,-1.265889508542206,1,114.89657271081867
-0.24899014761476515,0.4317040587448297,-0.46728621758768907,-0.19336754445375212,0.15746274386695983,-0.3745295399784341,0.5588136213354944,0.13619302568735653,0.8272761657843996,1.2727078610319584,0.3300606124096626,0.3300606124122731,1.186978703514595,1.2554422736512745,1,103.24702496125097
-0.25822065138343936,0.3896925608026911,-0.47801012598332354,-0.1524056149008365,0.13445278006515077,-0.36499058152636465,0.6017779973016122,0.1277036356245101,0.8148978939302692,1.4307834145500606,0.3737897021716531,0.10078099908579248,1.4189138694249162,1.3805333136155096,1,100.7338408347562
-0.4352342347300735,0.22499627902317898,-0.4426141271644831,-0.21599628598469578,0.4267024793294336,-0.2611496225283158,0.451145882565123,0.25214962948983255,0.4587663444779398,1.741206530528913,0.03085106382190984,0.03516138195520482,-1.5707963267923521,1.4882773723644043,1,216.43731278150602
-0.4259357995809221,0.22543954567688548,-0.45397882308992266,-0.2054282866434975,0.41736944294492895,-0.2660453067906225,0.4625451797259158,0.2460340477572345,0.46933301978955283,1.7898085417348797,0.022999073816802672,-0.08816861183705059,-1.4781659987918616,-1.570796326792223,1,208.49184860367475
-0.39577374725143705,0.30681153325906296,-0.36925259272963884,-0.3294180412204653,0.3961451972453964,-0.31358615724949784,0.36888114273567957,0.3361926652109002,0.5271097280829186,1.1897629302609367,0.0002736165822128143,-0.21050956212822938,-1.3393075704446706,-1.3570311514933064,1,187.4113211324241
-0.35473167068014916,0.28920042015289804,-0.43867594015906614,-0.24422690340493844,0.3767489988837022,-0.3555705933898401,0.4166586119555131,0.3105970766418805,0.5697962256797945,1.2839628678975836,0.09624994708660863,-0.5228774402161862,-1.068299016922074,-1.2317372480636029,1,178.14583056243674
-0.497045758528504,0.23747252749574543,-0.34879126409292827,-0.3021916898396491,0.4527569966597711,-0.21460403910062675,0.39308002596166114,0.27932320144453043,0.552324445924724,1.6333249060755652,0.14786376334745424,-0.08063287594598477,-1.3309023656032133,-1.2690431063653675,1,87.0787090705971
-0.2913083879678142,0.29417731062350133,-0.5048156949457335,-0.14043551003644114,0.27661650875945865,-0.38977266724728526,0.519507574154089,0.2360308666602251,0.7005858772333554,1.4976581654241095,0.08640104270152706,-0.471777511183504,-1.2467833328161564,-1.4840579881153155,1,222.1200094295759
-0.4844929863009068,0.24731076053562762,-0.28634659541515894,-0.36507537899061737,0.4356314608884222,-0.2409143070251051,0.33520812082764356,0.35867892548009483,0.6659440293020115,1.2713215541594935,0.1469874090930862,-0.07604355927983851,-1.3521273809128098,-1.3168573299930466,1,77.10914766682504
-0.497045758528504,0.23747252749574543,-0.34879126409292827,-0.3021916898396491,0.4527569966597711,-0.21460403910062675,0.39308002596166114,0.27932320144453043,0.552324445924724,1.6333249060755652,0.14786376334745424,-0.08063287594598477,-1.3309023656032133,-1.2690431063653675,1,91.1256025282801
-0.46749532602288524,0.21192019314510485,-0.3362728342694833,-0.3056355456227094,0.4683301576908798,-0.26443187725708195,0.33543800260148865,0.35814722973468643,0.6211848368297004,1.4098369503636115,0.038011966979213455,-0.07047134457962197,-1.3031800220026342,-1.4321565896531347,1,66.72185839094521
-0.578703828847663,0.13976451041833823,-0.1348749013188315,-0.41783407639001674,0.5176506577841612,-0.09310725423969593,0.1959280723823333,0.37117682021137455,0.8650356364903338,1.389530222401609,0.06630141979969921,0.23489835940975115,1.5464109176303034,-1.4237179713992458,1,97.69781552265223
-0.3557877812853034,0.34609701889008887,-0.3792485193948192,-0.28589664834161654,0.31549725275392615,-0.3841496194428004,0.41953904792619645,0.3239492488943282,0.5833119357782781,1.0938599719467403,0.10878254858703114,-0.008546800432648006,-1.4588630535662628,-1.5707963267914122,1,181.9771123027099
-0.4750397234402992,0.2622870909582768,-0.37682830103539033,-0.2807913134524,0.40373903426226215,-0.23641372898828739,0.4481289902134273,0.2549179514824106,0.5013529920129228,1.6998810966447946,0.26901005407275225,0.12211660992531316,-1.570796326791712,-1.5060222048662877,1,176.28009227116556
-0.4259357995809221,0.22543954567688548,-0.45397882308992266,-0.2054282866434975,0.41736944294492895,-0.2660453067906225,0.4625451797259158,0.2460340477572345,0.46933301978955283,1.7898085417348797,0.022999073816802672,-0.08816861183705059,-1.4781659987918616,-1.570796326792223,1,223.18053393234825
-0.4352342347300735,0.22499627902317898,-0.4426141271644831,-0.21599628598469578,0.4267024793294336,-0.2611496225283158,0.451145882565123,0.25214962948983255,0.4587663444779398,1.741206530528913,0.03085106382190984,0.03516138195520482,-1.5707963267923521,1.4882773723644043,1,226.83324443479316
-0.4259357995809221,0.22543954567688548,-0.45397882308992266,-0.2054282866434975,0.41736944294492895,-0.2660453067906225,0.4625451797259158,0.2460340477572345,0.46933301978955283,1.7898085417348797,0.022999073816802672,-0.08816861183705059,-1.4781659987918616,-1.570796326792223,1,196.94525546672855
-0.4352342347300735,0.22499627902317898,-0.4426141271644831,-0.21599628598469578,0.4267024793294336,-0.2611496225283158,0.451145882565123,0.25214962948983255,0.4587663444779398,1.741206530528913,0.03085106382190984,0.03516138195520482,-1.5707963267923521,1.4882773723644043,1,211.38728470014132
-0.4352342347300735,0.22499627902317898,-0.4426141271644831,-0.21599628598469578,0.4267024793294336,-0.2611496225283158,0.451145882565123,0.25214962948983255,0.4587663444779398,1.741206530528913,0.03085106382190984,0.03516138195520482,-1.5707963267923521,1.4882773723644043,1,393.1121782128304
-0.4348593556806921,0.30748073728724645,-0.35846438906438055,-0.3434894246446709,0.40332105044563055,-0.25989217467681236,0.3900026942994421,0.29590086203423677,0.5456304347042126,1.2875865210761919,0.09286300083664092,-0.363573194715721,-1.1997031401416505,-1.0763642807770604,1,154.37895836417468
-0.4609690671429296,0.2613989452875148,-0.3604582618774594,-0.3066470983869905,0.4261301297891831,-0.2569694213373142,0.3952971992312058,0.3022175744367899,0.5401233623023092,1.4569726846163398,0.12004558049783026,-0.30913292750519705,-1.1496068465250358,-1.1341691669783138,1,168.16185079194562
-0.33253035025577726,0.29674041043921634,-0.46123293437596674,-0.26243788648786204,0.4105972351908405,-0.3363413216490846,0.38316604944090354,0.30203879769773023,0.5565590476982122,1.3656912913560915,0.2691674927858004,-0.2691674927871738,-1.4432867685760546,-1.5352557429620568,1,194.5764796760978
-0.3930070909976139,0.26862791548714254,-0.34183110999201355,-0.24177936066680797,0.32671162138450943,-0.416171401216139,0.40812657960511795,0.38932284639580444,0.6453085632387421,0.994586457914331,0.2006634500774329,-0.2804115882854884,-0.9352859155005848,-1.3399843663874909,1,140.7235789738118
-0.4082540454483296,0.2692573090672868,-0.45085955059075894,-0.27188541064180727,0.4585669260957619,-0.23628688675256115,0.4005466699433266,0.23891498832708158,0.49212951696960294,1.680566777606114,0.20006506765721196,-0.2449786631280646,-1.4435120107082164,-1.3668904422552357,1,166.28772370241057
0.3316074084036311,0.39211362927044335,-0.4590726021874433,0.07847903874078706,-0.37786659942857975,-0.16282324574719353,0.505331793212392,-0.3077694222640368,0.6749702911657021,1.37795077804127,0.5402925649362532,-1.5177956124195715,0.0,0.0813249391267656,1,179.87724772449613
-0.6234754390195282,0.14236397163570824,0.34258715806352114,0.34199277057394284,0.45007958826103206,-0.17819478170154524,-0.16919130730502516,-0.30616196050810585,0.695829770008813,1.656325219578874,1.432217881573118e-06,-0.0,-1.5707963267472775,-0.982793723214362,1,46.591710483540496
-0.5004517821122223,0.21228677328607087,0.4792674685661607,0.02863424507326745,0.4706855747244409,-0.017147028322918673,-0.4495012611783793,-0.22377399003641968,0.42721712429255415,2.2467493823878564,0.4061888024192146,-0.0,-1.5707963265948965,-1.2691772805083958,1,74.73160126005276
0.3316074084036311,0.39211362927044335,-0.4590726021874433,0.07847903874078706,-0.37786659942857975,-0.16282324574719353,0.505331793212392,-0.3077694222640368,0.6749702911657021,1.37795077804127,0.5402925649362532,-1.5177956124195715,0.0,0.0813249391267656,1,283.2424318297617
0.282679440822045,-0.001014126273020214,0.29554785890099433,-0.0006792585974713769,0.28775983451851495,0.0016935044129891906,-0.8659871342415543,-1.1954249754717598e-07,0.0031450077903064882,428.9857546467895,0.024548639035263192,1.1071487181940904,-0.7853981638974483,-1.080249377972408,1,203.3047947792987
-0.49108140346559986,-0.04024887178526553,0.49937614986038825,-0.006368169913451379,0.4989183025377962,0.0070163916179808924,-0.5072130489325846,0.039600650080736016,0.08037566623910046,12.606076721187728,0.0665681637785197,-1.5707963267813831,-0.0,-0.16514867744165385,1,49.91243680963384
-0.6234754390195282,0.14236397163570824,0.34258715806352114,0.34199277057394284,0.45007958826103206,-0.17819478170154524,-0.16919130730502516,-0.30616196050810585,0.695829770008813,1.656325219578874,1.432217881573118e-06,-0.0,-1.5707963267472775,-0.982793723214362,1,46.591710483540496
0.41680392523174997,0.37881332587634564,-0.3152933850607944,0.020800190551605098,0.41256768350475387,-0.38500717758961084,-0.5140782236757094,-0.014606338838339918,0.7110268716459671,1.21871846158022,2.3064975823075025,-0.1259126256850097,-0.8375248124385323,0.07094671444054834,1,135.93539327775758
-0.5004517821122223,0.21228677328607087,0.4792674685661607,0.02863424507326745,0.4706855747244409,-0.017147028322918673,-0.4495012611783793,-0.22377399003641968,0.42721712429255415,2.2467493823878564,0.4061888024192146,-0.0,-1.5707963265948965,-1.2691772805083958,1,74.73160126005276
0.41680392523174997,0.37881332587634564,-0.3152933850607944,0.020800190551605098,0.41256768350475387,-0.38500717758961084,-0.5140782236757094,-0.014606338838339918,0.7110268716459671,1.21871846158022,2.3064975823075025,-0.1259126256850097,-0.8375248124385323,0.07094671444054834,1,135.93539327775758
0.3316074084036311,0.39211362927044335,-0.4590726021874433,0.07847903874078706,-0.37786659942857975,-0.16282324574719353,0.505331793212392,-0.3077694222640368,0.6749702911657021,1.37795077804127,0.5402925649362532,-1.5177956124195715,0.0,0.0813249391267656,1,283.2424318297617
0.3316074084036311,0.39211362927044335,-0.4590726021874433,0.07847903874078706,-0.37786659942857975,-0.16282324574719353,0.505331793212392,-0.3077694222640368,0.6749702911657021,1.37795077804127,0.5402925649362532,-1.5177956124195715,0.0,0.0813249391267656,1,179.87724772449613
-0.48916098011806136,0.1571207769848303,-0.3550830489388466,-0.24587255388537346,0.5028423528060623,-0.2524012478809087,0.34140167625084566,0.34115302478145176,0.5888078167524156,1.6712933907029903,0.05561957148490629,-0.09559811866514198,-1.1464034668137597,-1.3720656542469873,1,58.479199967354084
-0.48916098011806136,0.1571207769848303,-0.3550830489388466,-0.24587255388537346,0.5028423528060623,-0.2524012478809087,0.34140167625084566,0.34115302478145176,0.5888078167524156,1.6712933907029903,0.05561957148490629,-0.09559811866514198,-1.1464034668137597,-1.3720656542469873,1,76.72067573698783
-0.3908901823489641,0.20188299517399402,-0.42675978240703594,-0.23712296282248024,0.463240606544543,-0.31948395402387264,0.35440935821145697,0.3547239216723589,0.6000452716038639,1.3200682178808811,0.24156570709549938,0.17985349979393284,1.4016951007974694,1.107148717798301,1,327.17893933992406
-0.44482944098917365,0.2708712400353627,-0.4187772079358214,-0.31043432187164155,0.501060718365706,-0.17221807847222018,0.3625459305592889,0.211781160308499,0.5498512105860941,1.6271823655907163,0.30140276867742505,0.26791042242459107,1.1985269956786042,1.420730304462172,1,175.6313348253817
-0.35773127373277086,0.3047059367112806,-0.45610644123140165,-0.25206824426801294,0.3807012569818678,-0.32100948128779155,0.43313645798230477,0.2683717888445239,0.5564129923842112,1.4211618790813063,0.08614987267903575,-0.0,1.4781139055160921,1.4418233969840584,1,196.0257458208745
-0.35773127373277086,0.3047059367112806,-0.45610644123140165,-0.25206824426801294,0.3807012569818678,-0.32100948128779155,0.43313645798230477,0.2683717888445239,0.5564129923842112,1.4211618790813063,0.08614987267903575,-0.0,1.4781139055160921,1.4418233969840584,1,171.9869279139556
-0.38342126245708047,0.30077686865362663,-0.45673509755863784,-0.2689890330383239,0.40856723776041387,-0.26873553826907287,0.43158912225530444,0.23694770265377013,0.5061368500970893,1.5591038655981617,0.08247555549812559,0.1450919319133923,1.2974410032743493,1.3758914218228802,1,178.25139216177658
-0.45470648013273146,0.14536393351658072,-0.3791971129517759,-0.1781511463963684,0.4384559537334935,-0.3353329228607388,0.39544763935101385,0.3681201357405265,0.6282978459309463,1.2696830626370077,0.16823508736774498,0.06965457372937553,-1.2212344969579016,1.474181766034048,1,132.6086601404025
0.41761493273020245,0.003907519247943653,0.2282512255468538,0.003791941846946876,-0.8543577378822941,0.0008393296596039965,0.20849157960523776,-0.008538790754494532,0.015831366173072327,102.19676919209965,0.00943368243458034,1.3352513460362119,-1.337368305077553,-1.3940874707594706,1,87.9666781610904
-0.5306698948327202,0.21765144062444416,-0.2863654176380181,-0.32326462019941044,0.4464129080140038,-0.21392325766485093,0.37062240445673444,0.31953643723981723,0.6280698588755586,1.520039196480476,0.2830957852997842,0.2830957853019338,1.563803433796556,-1.542232668950427,1,104.57527713098267
-0.43987633169605955,0.25294168333544687,-0.3711792397387043,-0.28565433494577963,0.4184426090270514,-0.29459598281394916,0.3926129624077125,0.32730863442428193,0.5337925122987303,1.380145631551594,0.08535417884792008,0.25332173533698,1.4556615236075925,1.3552437143262128,1,195.10047652989797
-0.4355563059343455,0.24349998205778373,-0.43784269074239984,-0.24349998205778373,0.43784269074239984,-0.24349998205778373,0.4355563059343455,0.24349998205778373,0.42645874935962447,1.7981220657276995,0.009389602377330445,-0.004694801187517225,-1.5707963267922858,-1.570796326792272,1,239.7220214908757
-0.4863172510169414,0.21863046126930513,-0.3527282280479533,-0.2711026803684681,0.4393023991354541,-0.2597923784349575,0.3997430799294406,0.3122645975341205,0.5399762156825493,1.5866842128689924,0.19725755267482462,-0.07982998571303222,-1.238945105806893,-1.3299498715479698,1,111.82385481366995
-0.5550127959254872,0.1270834638859717,-0.16412162662562516,-0.3659743379683398,0.47904719654513667,-0.19620860437060653,0.24008722600597582,0.4350994784529746,0.8283583845770384,1.290842330972872,0.30847966652392167,0.07393903765862248,-1.2324727042773977,-1.3439974787343714,1,100.00738344319963
-0.5121404369219518,0.10786779976241091,-0.4054224913903696,-0.15849966987874126,0.5293528108084135,-0.20313962078154305,0.3882101175039078,0.2537714908978734,0.475869837627087,2.2794220169044834,0.081452044307984,-0.0,-1.1420182993441537,-1.350392275658719,1,92.15201143535774
-0.5113258561199527,0.16460756202457133,-0.43622581095323293,-0.17532238034478834,0.4646857998536043,-0.1382907412262367,0.4828658672195814,0.1490055595464537,0.3379555352189022,2.9246959429636514,0.2806308883519934,0.2899764106614419,1.4571737106917468,1.51394707946476,1,200.11311888541576
-0.474645978353106,0.2329443111618572,-0.39603445418151273,-0.24310443956930525,0.41558051179149197,-0.2445500340892199,0.4550999207431267,0.25471016249666795,0.4641851203577082,1.8622471918533734,0.24264766501782722,0.24264766501889223,1.493586223461363,1.4683988296781294,1,223.1505579069982
-0.474645978353106,0.2329443111618572,-0.39603445418151273,-0.24310443956930525,0.41558051179149197,-0.2445500340892199,0.4550999207431267,0.25471016249666795,0.4641851203577082,1.8622471918533734,0.24264766501782722,0.24264766501889223,1.493586223461363,1.4683988296781294,1,253.73287486563817
-0.5113258561199527,0.16460756202457133,-0.43622581095323293,-0.17532238034478834,0.4646857998536043,-0.1382907412262367,0.4828658672195814,0.1490055595464537,0.3379555352189022,2.9246959429636514,0.2806308883519934,0.2899764106614419,1.4571737106917468,1.51394707946476,1,215.6106564656712
-0.3809471954492044,0.3026244960993654,-0.46691519254182484,-0.2463698990519518,0.3744679557038627,-0.27172419530274045,0.4733944322871665,0.21546959825532686,0.5400656025333362,1.6371755327473592,0.044999690234893266,0.2730087030880088,1.1725822375817008,1.2441197038727823,1,190.28483971370392
-0.3474592679190595,0.37480696469648794,-0.38253281505216347,-0.3004179992778023,0.30169509839300784,-0.3725930284643569,0.4282969845782152,0.29820406304567115,0.6060141866983542,1.0848672826464467,0.13464243797045317,0.14245477903100073,1.4815399474483815,1.4748717003798435,1,206.26307168072594
-0.3474592679190595,0.37480696469648794,-0.38253281505216347,-0.3004179992778023,0.30169509839300784,-0.3725930284643569,0.4282969845782152,0.29820406304567115,0.6060141866983542,1.0848672826464467,0.13464243797045317,0.14245477903100073,1.4815399474483815,1.4748717003798435,1,152.16516999810753
-0.3887149786691026,0.2897942748564553,-0.43536426692570934,-0.24234667484071415,0.3665123454756628,-0.31682922733073976,0.4575669001191491,0.26938162731499854,0.5416730317648514,1.4719692920326601,0.0666560389817861,0.3371339561788464,1.2388420449073507,1.1703382075512372,1,205.24656224293975
-0.4386473271383756,0.26675335828817737,-0.3489347051287553,-0.35811251242690273,0.4714228017744342,-0.23721775736070472,0.31615923049269684,0.3285769114994301,0.6249355325557008,1.3253009252847339,0.12522737717751117,-0.3458745598401147,-1.2286404417056382,-1.1640492550624373,1,72.20853025796045
-0.3436721158159855,0.3497542557735064,-0.4455619998408001,-0.2675933176724775,0.33700277342913265,-0.3308825497426788,0.45223134222765304,0.24872161164164994,0.6110711923591716,1.319049065217065,0.032676823507432166,0.23454062886673216,1.2533841399771357,1.2989511655263528,1,211.32327938434278
-0.33156374728814947,0.342078050758896,-0.42235538881471657,-0.2846484407262036,0.3549167244626647,-0.36547985186079485,0.39900241164020134,0.3080502418281024,0.5811582025902043,1.1608347492323805,0.07850418940640538,0.2695890779220521,1.2609628680303935,1.2038853050633995,1,202.68395694959133
-0.4046147014360528,0.2658018849080756,-0.4303315915042955,-0.22851109161829675,0.37564408662405807,-0.31484752826044443,0.4593022063162902,0.2775567349706656,0.5270228545433983,1.5017342936870797,0.08831162642633432,0.24233316665432356,1.3831979714361062,1.2628788820840036,1,198.52163627966758
-0.3303736586785956,0.3482346800514025,-0.45247917488164247,-0.24206266975313392,0.31339829134318337,-0.3547578544828022,0.46945454221705474,0.24858584418453364,0.6481125204557536,1.3114416893624063,0.049127889696199085,0.11487660541738576,1.3980391005544215,1.3758914218228802,1,228.5336867525894
-0.3712244946160749,0.30331213643403165,-0.3968095635237237,-0.27741092832116804,0.36602134704332867,-0.35925840570661366,0.4020127110964699,0.33335719759375,0.5532767716658342,1.1533414361642265,0.007888925931503015,0.0042918191420296264,-1.5122314530902194,1.4836390522438252,1,164.17802237193382
-0.33156374728814947,0.342078050758896,-0.42235538881471657,-0.2846484407262036,0.3549167244626647,-0.36547985186079485,0.39900241164020134,0.3080502418281024,0.5811582025902043,1.1608347492323805,0.07850418940640538,0.2695890779220521,1.2609628680303935,1.2038853050633995,1,165.12275701000397
-0.3712244946160749,0.30331213643403165,-0.3968095635237237,-0.27741092832116804,0.36602134704332867,-0.35925840570661366,0.4020127110964699,0.33335719759375,0.5532767716658342,1.1533414361642265,0.007888925931503015,0.0042918191420296264,-1.5122314530902194,1.4836390522438252,1,217.64996113071498
-0.38721458895955235,0.24911364237821534,-0.4579979939572164,-0.18939796611664053,0.3637728537858442,-0.32690633611314124,0.4814397291309246,0.2671906598515665,0.5581171291825896,1.5812867755082003,0.035492541693618596,0.33613805078744363,1.240417031621267,1.053813930775439,1,205.46323886359065
-0.44161354648989537,0.25556323963350175,-0.3677970914668306,-0.3214226920785071,0.4604087272290805,-0.25441187804997695,0.34900191072764547,0.32027133049498224,0.5788223012736146,1.4056890698489757,0.06423929319890673,-0.17891717047902544,-1.3453707269815978,-1.3462989706460784,1,138.13441060266436
-0.44018818666240594,0.26197571792128854,-0.3473436201668233,-0.32957422807281644,0.43530618450247566,-0.2764403125854032,0.35222562232675364,0.34403882273693104,0.5897444343271374,1.2996992414450008,0.02257557459484633,0.2837941092097278,1.374897771818508,1.3394904670086047,1,203.31317237465376
-0.4086674356100231,0.2794079407740927,-0.3424104086177492,-0.3440929260134594,0.4165594922161862,-0.30806967519777856,0.3345183520115861,0.3727546604371453,0.5915619314862656,1.1511888209211019,0.014055596336311559,0.3688997554752249,1.2603376387483456,1.182816247285748,1,140.93696147393956
-0.44018818666240594,0.26197571792128854,-0.3473436201668233,-0.32957422807281644,0.43530618450247566,-0.2764403125854032,0.35222562232675364,0.34403882273693104,0.5897444343271374,1.2996992414450008,0.02257557459484633,0.2837941092097278,1.374897771818508,1.3394904670086047,1,152.84234461852867
-0.40792940223567803,0.26085421749497606,-0.45903800820408214,-0.23291695616707747,0.410117331537911,-0.2622467137230108,0.4568500789018492,0.23430945239511214,0.47910191125657337,1.7508821576237303,0.009302057277461627,-0.0,1.5013892778164095,1.4983427307089823,1,408.08466740697025
-0.40856606503365334,0.2916340991394115,-0.4495229527087227,-0.25307468586369924,0.38197777845927133,-0.2522746545451279,0.4761112392831047,0.21371524126941566,0.5042010760772044,1.6993193748225326,0.1242759056512625,0.28842955851989327,1.2063554054306804,1.2951668884158833,1,176.80691065774232
-0.46236188924949206,0.24332117696428282,-0.3419290611063342,-0.30924412926021716,0.43445669693033917,-0.27262481245581904,0.3698342534254871,0.3385477647517534,0.5809518105265705,1.384423909082226,0.10925244585892036,-0.08814311399154731,-1.3151884646321732,-1.381989512803527,1,165.44943611055368
-0.3858918360872456,0.3247557089389451,-0.4321878842552176,-0.269897851617784,0.35088069654351295,-0.2949108153813393,0.4671990237989502,0.24005295806017823,0.5573199593330933,1.4514047035874824,0.13640260440113514,0.13640260440160779,1.3886280163257692,1.4556615236075925,1,194.82200984415834
-0.5023237399918882,0.2276951767651124,-0.30090260379907835,-0.31995867254425575,0.4337428650578902,-0.2488281199205274,0.3694834787330763,0.3410916156996708,0.6187870990836697,1.4160293425428039,0.2439326384038466,-0.0,-1.3148845416975936,-1.3477068224062836,1,168.0880278878703
-0.36760907749056465,0.29493056159751035,-0.44676479043490996,-0.25853491534373024,0.39425409449586085,-0.31723060809515913,0.42011977342961365,0.28083496184137907,0.5306730686038263,1.4161051154220319,0.09883305627890973,0.3648145527237774,1.1336049390959593,1.0818188160251863,1,153.23372098779126
-0.3858918360872456,0.3247557089389451,-0.4321878842552176,-0.269897851617784,0.35088069654351295,-0.2949108153813393,0.4671990237989502,0.24005295806017823,0.5573199593330933,1.4514047035874824,0.13640260440113514,0.13640260440160779,1.3886280163257692,1.4556615236075925,1,139.09131232651785
-0.25424726026918215,0.439241573559881,-0.4436636420319488,-0.24468509143922162,0.236043192591919,-0.4117243151811391,0.46186770970921204,0.21716783306047976,0.7705762915172742,1.0641217982084674,0.07456147279885002,-0.09780019427723932,-1.502201823336823,-1.4424730991055763,1,210.23372751677238
0.4536017369490403,0.26660372236813507,-0.482307805682788,0.06619037950614068,-0.44018391757482217,-0.07374103110724943,0.4688899863085699,-0.2590530707670263,0.5000035809754235,1.8095415191310533,0.4120435364588568,1.570796326791791,-0.08145204430421604,0.18187574172643162,1,149.5633142428407
-0.25424726026918215,0.439241573559881,-0.4436636420319488,-0.24468509143922162,0.236043192591919,-0.4117243151811391,0.46186770970921204,0.21716783306047976,0.7705762915172742,1.0641217982084674,0.07456147279885002,-0.09780019427723932,-1.502201823336823,-1.4424730991055763,1,164.85994033153435
-0.26615659611437564,-0.42066095977514173,-0.460860320614042,0.21541638897227966,0.2094981052700034,0.38602193630493425,0.5175188114584143,-0.18077736550207213,0.7892417117245202,1.2128422913473258,0.2007475026036343,1.5707963267893719,-0.04783581997592353,0.0,1,201.9986140949915
-0.26615659611437564,-0.42066095977514173,-0.460860320614042,0.21541638897227966,0.2094981052700034,0.38602193630493425,0.5175188114584143,-0.18077736550207213,0.7892417117245202,1.2128422913473258,0.2007475026036343,1.5707963267893719,-0.04783581997592353,0.0,1,105.59720495199477
0.4505311296256898,0.23039952974552103,-0.3026800498513564,0.3967957353982153,-0.450805299589245,-0.27370990280291996,0.3029542198149116,-0.3534853623408163,0.6762556855435602,1.201331650139005,0.1119793887596986,1.570796326790975,0.0,0.030141622387468286,1,189.0943172797412
-0.40534094231359047,0.2921079850960283,-0.4093358995214223,-0.30775699845479826,0.4323983695004858,-0.2704503310493438,0.3822784723345269,0.2860993444081137,0.5049269134409938,1.4032062082360037,0.09647206649277083,0.004065018259648428,1.5157794397521087,1.567700361457443,1,211.46951227187603
-0.3786421799814265,0.3440046523618586,-0.45527953042300884,-0.2920297803120284,0.372922717172049,-0.2413800274416893,0.4609989932323863,0.1894051553918591,0.5827846909644261,1.4406115087250273,0.08176136235528982,-0.1285645113105017,1.5183662873738852,-1.3800599359884895,1,172.28822485709287
-0.3479065982343901,0.2920351983004452,-0.49893153386306904,-0.2111737962975631,0.3639286511331531,-0.29658932475356775,0.48290948096430597,0.2157279227506857,0.5779356990676318,1.668026010423762,0.06337495311164601,-0.014633101801412338,1.3925288684985715,1.3854483768022208,1,202.96541436613538
-0.40534094231359047,0.2921079850960283,-0.4093358995214223,-0.30775699845479826,0.4323983695004858,-0.2704503310493438,0.3822784723345269,0.2860993444081137,0.5049269134409938,1.4032062082360037,0.09647206649277083,0.004065018259648428,1.5157794397521087,1.567700361457443,1,194.01424599591041
-0.49633898285092154,0.2351191160222808,-0.3207671111603089,-0.3398628883665153,0.47708114067671026,-0.20381093945293277,0.3400249533345202,0.30855471179716726,0.6311827404488225,1.501224092748111,0.034982291992620304,-0.10244385350807518,-1.3408918986562681,-1.2595716994236426,1,94.20739909906655
-0.4752300164390279,0.24690808947090176,-0.39358796740547297,-0.2834827185791449,0.4571887742456749,-0.20396238035160422,0.41162920959882593,0.24053700945984743,0.4945463558323068,1.7579844456820253,0.05058970877201663,-0.0,-1.5112641067130492,-1.4108832036303893,1,88.11078679639755
-0.4752300164390279,0.24690808947090176,-0.39358796740547297,-0.2834827185791449,0.4571887742456749,-0.20396238035160422,0.41162920959882593,0.24053700945984743,0.4945463558323068,1.7579844456820253,0.05058970877201663,-0.0,-1.5112641067130492,-1.4108832036303893,1,88.11078679639755
-0.41550408980122294,0.2758633477198326,-0.4353564553778606,-0.2481389067326815,0.3900788948403529,-0.2739410630267758,0.46078165033873064,0.24621662203962466,0.4927006831610924,1.6299216379506267,0.0972297481727825,-0.004048560876044625,1.5682256383728246,-1.5707963267924754,1,232.60131101890494
-0.36771883208733375,0.31646095086433,-0.4392140457171618,-0.277619201383724,0.38601785082959966,-0.309007084987321,0.4209150269748959,0.270165335506715,0.5379832416756033,1.37517670510674,0.059589312380297486,0.1369157757557487,1.3521273809240688,1.372746744804781,1,159.66279861992248
-0.3356253837771176,0.2774023993887425,-0.48866474257741094,-0.16386232069234752,0.3120309350910274,-0.3555517000755529,0.5122591912635012,0.24201162137915797,0.6335389071765346,1.581353110261945,0.01052208597262915,0.19990811737799705,1.2720302298431794,1.0787651752302652,1,173.52435376100487
-0.41761232468767184,0.29516477441710004,-0.43838174782168104,-0.2823833899229853,0.41693666827698134,-0.22985153336323777,0.43905740423237144,0.21707014886912304,0.506763371588939,1.5192484475413872,0.01350953774861061,0.1938806358375056,1.2796289679124206,1.4318792548583779,1,177.71282662377712
-0.4358332081292727,-0.19626545647336197,0.40887496543282,-0.26066324659111767,0.4777723045171617,0.24448943600811954,-0.45081406182070893,0.2124392670563601,0.46907789398065336,1.8382291103748616,0.11059086270559058,1.4580687152068477,0.17219081452360624,-0.0,1,252.02220463682528
-0.4358332081292727,-0.19626545647336197,0.40887496543282,-0.26066324659111767,0.4777723045171617,0.24448943600811954,-0.45081406182070893,0.2124392670563601,0.46907789398065336,1.8382291103748616,0.11059086270559058,1.4580687152068477,0.17219081452360624,-0.0,1,232.97103448565792
-0.41550408980122294,0.2758633477198326,-0.4353564553778606,-0.2481389067326815,0.3900788948403529,-0.2739410630267758,0.46078165033873064,0.24621662203962466,0.4927006831610924,1.6299216379506267,0.0972297481727825,-0.004048560876044625,1.5682256383728246,-1.5707963267924754,1,223.8223598145953
-0.41761232468767184,0.29516477441710004,-0.43838174782168104,-0.2823833899229853,0.41693666827698134,-0.22985153336323777,0.43905740423237144,0.21707014886912304,0.506763371588939,1.5192484475413872,0.01350953774861061,0.1938806358375056,1.2796289679124206,1.4318792548583779,1,166.95556161898196
-0.3180395199908396,0.33388794957305823,-0.36624991182045663,-0.06262226125201972,0.09725129665793614,-0.4951081782830144,0.5870381351533601,0.22384248996197592,0.790272099672772,1.1499306389273307,0.4770396654774714,-0.0,-0.9409929913634086,-1.5707963267853728,1,212.49654855622327
-0.49220148642299116,-0.05715024174187385,0.5461167288692464,-0.08766430445205757,0.4395824063640504,0.09775275637454772,-0.49349764881030567,0.0470617898193837,0.19276224230242295,5.606897084037797,0.08365265332152662,1.5289797135915564,-0.50907088843228,-0.0,1,137.0774556325386
0.292886774561928,0.3142950205084792,-0.579950882110297,0.05277022406647272,-0.2851449611196766,-0.17331153730546664,0.5722090686680456,-0.1937537072694852,0.585353397189659,2.2678138685978126,0.314952384840471,1.4913180821822931,-0.545985305500121,-0.13209344712395493,1,131.9111553506109
-0.5455739631876809,0.1950266960259588,-0.22861994869569152,-0.3766209867401615,0.4831043786279682,-0.16957949501581115,0.2910895332554044,0.35117378573001384,0.7486667197267176,1.4134181512794581,0.15300045197663453,0.32175055439860295,1.4722158131615348,-1.5707963267901348,1,131.92058140262955
0.036891842643778816,-0.08417298406156049,0.3596567277813769,-0.12411113604048099,0.4082339968937114,0.17754591059494787,-0.8047825673188672,0.030738209507093623,0.3659149942802215,4.021177617901245,0.2435530021783935,1.3374993752676412,0.2698491559412027,-1.3249232095273187,1,254.47238518314686
-0.4360560512052948,0.2885263506969738,-0.4028077692809661,-0.2885998808554174,0.40062900695391773,-0.2534492495546344,0.43823481353234306,0.25352277971307796,0.5045761920467143,1.5149040486098062,0.13158814145827327,-0.0,-1.5569723226682832,-1.473234708686656,1,131.79771151479292
-0.48902869217989214,0.25551507801004364,-0.3770006741969916,-0.27381111476829745,0.4023617531478606,-0.21603073259934916,0.4636676132290232,0.23432676935760294,0.5042871082160928,1.7998283825865073,0.34386046502783996,0.2555490939424834,1.4498095829863982,1.5460489048493475,1,255.68307614296305
0.036891842643778816,-0.08417298406156049,0.3596567277813769,-0.12411113604048099,0.4082339968937114,0.17754591059494787,-0.8047825673188672,0.030738209507093623,0.3659149942802215,4.021177617901245,0.2435530021783935,1.3374993752676412,0.2698491559412027,-1.3249232095273187,1,162.94023445397036
-0.5455739631876809,0.1950266960259588,-0.22861994869569152,-0.3766209867401615,0.4831043786279682,-0.16957949501581115,0.2910895332554044,0.35117378573001384,0.7486667197267176,1.4134181512794581,0.15300045197663453,0.32175055439860295,1.4722158131615348,-1.5707963267901348,1,118.33621925317755
-0.4932875759200088,0.23600466553509938,-0.3463956576328281,-0.28392754490590416,0.42363260997830177,-0.24682754837363233,0.41605062357453515,0.29475042774443716,0.5306015142578084,1.5845085336475178,0.261346268726068,0.007407271931219901,-1.351001255265798,-1.3673715548994863,1,131.4018718093631
-0.8652466193851847,0.00010444477078946712,0.2837741138071746,0.007270075752370891,0.31961306379873755,-0.0007203183118703936,0.26185944177927245,-0.0066542022112899505,0.016498315576588055,85.09307888539234,0.09614931061300565,-0.22560124383959815,0.0,0.2133686421483588,1,49.133106903641405
-0.4932875759200088,0.23600466553509938,-0.3463956576328281,-0.28392754490590416,0.42363260997830177,-0.24682754837363233,0.41605062357453515,0.29475042774443716,0.5306015142578084,1.5845085336475178,0.261346268726068,0.007407271931219901,-1.351001255265798,-1.3673715548994863,1,121.20314452278252
-0.4951804050319674,0.23112062815684803,-0.3991689578700581,-0.25511058331611347,0.44235802416046194,-0.18383377957185684,0.4519913387415637,0.20782373473112228,0.46054446444796154,1.947986310677635,0.21954383628975738,0.21954383629114532,1.4617073217996206,-1.5707963267906773,1,170.19280936451844
-0.39446725023046003,0.32093984599913317,-0.4351931469268442,-0.28873178406348093,0.3858988113731177,-0.26336216351496355,0.44376158578418656,0.23115410157931138,0.5358737646431835,1.4416854735733085,0.049778560514777456,-0.1700165110104076,-1.4983680375486663,-1.360773656971607,1,166.1953951749868
-0.37359967067042643,0.3183787741403545,-0.4779318889015841,-0.2749900735218184,0.4117278588363073,-0.23515558413619767,0.43980370073570335,0.19176688351766158,0.544555709281642,1.5466527999457576,0.10838240576099346,-0.061904274410027244,1.41390434248406,-1.5285254492084888,1,187.24895088214012
-0.2506352341330685,0.3775426996611616,-0.5261736765949624,-0.2103621064305657,0.29633648982512256,-0.3490039339378889,0.48047242090290837,0.18182334070729306,0.7313753333626996,1.38552165951318,0.10438115295107181,-0.0,1.299507946421257,1.394087470731782,1,66.1518474407066
-0.24836130800660863,0.4097595332321358,-0.5053619450652376,-0.2155471009860391,0.24875241379576607,-0.3548172859659458,0.5049708392760802,0.16060485371984914,0.772477026583226,1.3214274340686847,0.07137566597981991,0.14888994761071975,1.2145766714055557,1.351365766452067,1,70.25873296232912
-0.5458767038213309,0.04721824425795913,0.08788609640951821,0.48226975322357724,0.4844875656689425,-0.05996128341215462,-0.02649695825712979,-0.46952671406938173,0.9806970717257326,1.0825468520814878,0.07408901414117382,-0.056810840450477636,-1.4840579881162146,-1.3276238025806513,1,189.91604112278364
-0.5458767038213309,0.04721824425795913,0.08788609640951821,0.48226975322357724,0.4844875656689425,-0.05996128341215462,-0.02649695825712979,-0.46952671406938173,0.9806970717257326,1.0825468520814878,0.07408901414117382,-0.056810840450477636,-1.4840579881162146,-1.3276238025806513,1,210.5481201311483
-0.5458767038213309,0.04721824425795913,0.08788609640951821,0.48226975322357724,0.4844875656689425,-0.05996128341215462,-0.02649695825712979,-0.46952671406938173,0.9806970717257326,1.0825468520814878,0.07408901414117382,-0.056810840450477636,-1.4840579881162146,-1.3276238025806513,1,267.78338328147265
-0.5458767038213309,0.04721824425795913,0.08788609640951821,0.48226975322357724,0.4844875656689425,-0.05996128341215462,-0.02649695825712979,-0.46952671406938173,0.9806970717257326,1.0825468520814878,0.07408901414117382,-0.056810840450477636,-1.4840579881162146,-1.3276238025806513,1,243.18743056390306
-0.47549938109361967,0.2728624383209916,-0.3536578918109205,-0.3133609355182477,0.41041948798549904,-0.2362384657360835,0.41873778491904123,0.2767369629333396,0.5276874723813744,1.5154047631064829,0.22113823623095205,0.1295036904699259,1.5456217902139506,-1.4997088840051758,1,174.9110460690881
-0.39439186720932556,0.30643564135209506,-0.3954385839800016,-0.3056170507766743,0.39438442676793356,-0.30770542934223194,0.39544602442139365,0.30688683876681117,0.48607156528994583,1.2868443835695533,1.714689250933199e-05,0.004149353779883673,1.5675809037959172,1.5643655472805111,1,184.54104312949616
-0.38384363048687364,0.29762820967734566,-0.46162821414092553,-0.2241026619633924,0.3395938613137457,-0.2885755785569205,0.5058779833140534,0.21505003084296728,0.5671557980882386,1.6504605000408699,0.1709051927758461,0.17090519277655317,1.3321870042898853,1.3444401524644196,1,158.98255781264598
-0.3550827105378906,0.3073919887730528,-0.4373292914089373,-0.2389410070000018,0.34717324867432847,-0.35823717238983943,0.4452387532724994,0.28978619061678845,0.5874630272504786,1.325915534018281,0.0007697136621516163,0.0049019215214732206,1.5673833707667713,1.4384683581016968,1,180.45206754545382
-0.47549938109361967,0.2728624383209916,-0.3536578918109205,-0.3133609355182477,0.41041948798549904,-0.2362384657360835,0.41873778491904123,0.2767369629333396,0.5276874723813744,1.5154047631064829,0.22113823623095205,0.1295036904699259,1.5456217902139506,-1.4997088840051758,1,165.9414986899214
-0.3550827105378906,0.3073919887730528,-0.4373292914089373,-0.2389410070000018,0.34717324867432847,-0.35823717238983943,0.4452387532724994,0.28978619061678845,0.5874630272504786,1.325915534018281,0.0007697136621516163,0.0049019215214732206,1.5673833707667713,1.4384683581016968,1,184.2658167033681
-0.3673135177252557,0.3396088170887655,-0.4645995933038579,-0.2635526100216425,0.34172618336979244,-0.26659055554531386,0.49018692765932115,0.19053434847819092,0.5787909900073543,1.575037131454634,0.15410811656618084,0.15410811656689913,1.260539519120207,1.4288992721973994,1,100.15211361193151
-0.3520070152579754,0.3454879180480453,-0.4494947312530062,-0.26523864815675363,0.33809864112124755,-0.3158591122239131,0.46340310538973406,0.23560984233262147,0.6037422732053717,1.380361285159683,0.06513554561123207,0.18822150530652132,1.2884684922026217,1.358229517238716,1,88.36012062184822
-0.4493800225379858,0.2258398400698545,-0.42990874035192,-0.22349690944851827,0.426794213721947,-0.2515453915308027,0.45249454916795884,0.2492024609094665,0.4516117549522394,1.8010552962152206,0.0945852033016998,0.005813887981875595,-1.5005755818569726,-1.5592026433705481,1,206.2727268852885
-0.4450467105630484,0.22131748895085854,0.20061465188036806,0.4084603314378114,0.5011827060354408,-0.191497536261008,-0.25675064735276043,-0.43828028412766196,0.8012108786767634,1.1174961956520475,0.032658015395574724,0.04542327942180611,-1.4339028044116882,1.5213317581982437,1,133.64429804588954
-0.5849693089822565,0.14168078485242483,-0.19645089050052053,-0.32625128048909485,0.48755471050124977,-0.18303725133230483,0.2938654889815272,0.36760774696897486,0.7441804730842455,1.5457376456031187,0.3547056520111242,0.24497866312882494,-1.329230619692739,-1.3744634657957662,1,126.26906989402009
-0.3768589363788544,0.3451146472098738,0.3765598829100827,0.28630187576622934,0.39649188830986115,-0.2875203185910227,-0.39619283484108947,-0.34389620438508045,0.546168376144547,1.1504676904812272,0.1489038521594259,0.049850205740865135,-1.5080217715247255,-1.5707963267925213,1,300.7282374366121
-0.3768589363788544,0.3451146472098738,0.3765598829100827,0.28630187576622934,0.39649188830986115,-0.2875203185910227,-0.39619283484108947,-0.34389620438508045,0.546168376144547,1.1504676904812272,0.1489038521594259,0.049850205740865135,-1.5080217715247255,-1.5707963267925213,1,178.71751678704672
-0.3768589363788544,0.3451146472098738,0.3765598829100827,0.28630187576622934,0.39649188830986115,-0.2875203185910227,-0.39619283484108947,-0.34389620438508045,0.546168376144547,1.1504676904812272,0.1489038521594259,0.049850205740865135,-1.5080217715247255,-1.5707963267925213,1,193.96691555869575
-0.3768589363788544,0.3451146472098738,0.3765598829100827,0.28630187576622934,0.39649188830986115,-0.2875203185910227,-0.39619283484108947,-0.34389620438508045,0.546168376144547,1.1504676904812272,0.1489038521594259,0.049850205740865135,-1.5080217715247255,-1.5707963267925213,1,309.0535531949105
-0.3768589363788544,0.3451146472098738,0.3765598829100827,0.28630187576622934,0.39649188830986115,-0.2875203185910227,-0.39619283484108947,-0.34389620438508045,0.546168376144547,1.1504676904812272,0.1489038521594259,0.049850205740865135,-1.5080217715247255,-1.5707963267925213,1,287.38655968875673
-0.3003912985005019,0.40485637548232584,-0.46763629131824586,-0.2320610274468358,0.20714214559107974,-0.310998314512195,0.5608854442276681,0.13820296647670496,0.7362721081518468,1.4367744598471321,0.41028075398970637,0.2037446808854946,1.226716977802471,1.4105066976362073,1,101.26773752395665
-0.3003912985005019,0.40485637548232584,-0.46763629131824586,-0.2320610274468358,0.20714214559107974,-0.310998314512195,0.5608854442276681,0.13820296647670496,0.7362721081518468,1.4367744598471321,0.41028075398970637,0.2037446808854946,1.226716977802471,1.4105066976362073,1,91.32825181985294
-0.3003912985005019,0.40485637548232584,-0.46763629131824586,-0.2320610274468358,0.20714214559107974,-0.310998314512195,0.5608854442276681,0.13820296647670496,0.7362721081518468,1.4367744598471321,0.41028075398970637,0.2037446808854946,1.226716977802471,1.4105066976362073,1,69.34159748020492
-0.3763993559074646,0.31387823410215165,-0.42584662169280435,-0.24116800964479948,0.327807206339341,-0.34057832335189925,0.47443877126092787,0.2678680988945471,0.589197678998667,1.3756228472306826,0.14763186609250759,0.03911048105579244,-1.5676116241827285,1.4968572891397898,1,267.0033481109823
-0.30345536414148655,0.33742920961366596,-0.49236312471923416,-0.1599496980352017,0.20462796459836244,-0.332586725834052,0.5911905242623583,0.15510721425558768,0.72599821173019,1.6172057881840383,0.3072550644359387,0.17593962545444264,1.2746811809276848,1.2329181385606325,1,87.47423834908034
-0.28007228643261656,0.3835343242119966,-0.4836845529952172,-0.20875061488022106,0.2506534255352706,-0.3662793274034994,0.5131034138925632,0.19149561807172386,0.7474052253385128,1.329380926501099,0.10867741778249197,0.19933730498428465,1.2516567325304493,1.2778839292766482,1,90.87849366977564
-0.4010888376984616,0.33654492770195144,-0.376005486672931,-0.3648795028940886,0.41286321814803867,-0.25770245930076596,0.3642311062233539,0.2860370344929031,0.5709258573046077,1.1604272967151132,0.05345738291495783,-0.007194120490317953,1.478700896512222,-1.461956624517901,1,183.56858982503283
-0.5849693089822565,0.14168078485242483,-0.19645089050052053,-0.32625128048909485,0.48755471050124977,-0.18303725133230483,0.2938654889815272,0.36760774696897486,0.7441804730842455,1.5457376456031187,0.3547056520111242,0.24497866312882494,-1.329230619692739,-1.3744634657957662,1,94.93738328377268
-0.3665468263061351,0.3039256827671117,-0.4420962735669554,-0.24083636817116547,0.35440161564837097,-0.3364178851901861,0.4542414842247196,0.2733285705942399,0.5739641179191654,1.3997763117243471,0.02449533283709768,0.00881034472081478,1.5436126922335092,1.461442036482726,1,247.45154652257975
-0.3768589363788544,0.3451146472098738,0.3765598829100827,0.28630187576622934,0.39649188830986115,-0.2875203185910227,-0.39619283484108947,-0.34389620438508045,0.546168376144547,1.1504676904812272,0.1489038521594259,0.049850205740865135,-1.5080217715247255,-1.5707963267925213,1,374.63637463675957
-0.4964404431732664,0.2775623944851004,-0.33482312236918016,-0.34413601924022647,0.4271558161085122,-0.18805985282621349,0.40410774943393435,0.2546334775813395,0.5741983293181274,1.4856017626736835,0.20231518135465512,0.006872744021194014,-1.5253730473704845,-1.2978820078490099,1,198.91595456029103
-0.4964404431732664,0.2775623944851004,-0.33482312236918016,-0.34413601924022647,0.4271558161085122,-0.18805985282621349,0.40410774943393435,0.2546334775813395,0.5741983293181274,1.4856017626736835,0.20231518135465512,0.006872744021194014,-1.5253730473704845,-1.2978820078490099,1,249.15326861132957
-0.4964404431732664,0.2775623944851004,-0.33482312236918016,-0.34413601924022647,0.4271558161085122,-0.18805985282621349,0.40410774943393435,0.2546334775813395,0.5741983293181274,1.4856017626736835,0.20231518135465512,0.006872744021194014,-1.5253730473704845,-1.2978820078490099,1,225.36471174695862
-0.4964404431732664,0.2775623944851004,-0.33482312236918016,-0.34413601924022647,0.4271558161085122,-0.18805985282621349,0.40410774943393435,0.2546334775813395,0.5741983293181274,1.4856017626736835,0.20231518135465512,0.006872744021194014,-1.5253730473704845,-1.2978820078490099,1,279.3887276031168
-0.4338899444900178,0.2303791201850255,-0.4381335827598181,-0.2011435531502307,0.3897820145149887,-0.280447575962948,0.4822415127348472,0.2512120089281532,0.4893262412148014,1.7311360909315383,0.16235148191295348,-0.0,-1.4851338992371712,1.5382263947852726,1,176.42112227380784
-0.4338899444900178,0.2303791201850255,-0.4381335827598181,-0.2011435531502307,0.3897820145149887,-0.280447575962948,0.4822415127348472,0.2512120089281532,0.4893262412148014,1.7311360909315383,0.16235148191295348,-0.0,-1.4851338992371712,1.5382263947852726,1,259.29782852317624
-0.4964404431732664,0.2775623944851004,-0.33482312236918016,-0.34413601924022647,0.4271558161085122,-0.18805985282621349,0.40410774943393435,0.2546334775813395,0.5741983293181274,1.4856017626736835,0.20231518135465512,0.006872744021194014,-1.5253730473704845,-1.2978820078490099,1,225.36471174695862
-0.4964404431732664,0.2775623944851004,-0.33482312236918016,-0.34413601924022647,0.4271558161085122,-0.18805985282621349,0.40410774943393435,0.2546334775813395,0.5741983293181274,1.4856017626736835,0.20231518135465512,0.006872744021194014,-1.5253730473704845,-1.2978820078490099,1,249.15326861132957
-0.4338899444900178,0.2303791201850255,-0.4381335827598181,-0.2011435531502307,0.3897820145149887,-0.280447575962948,0.4822415127348472,0.2512120089281532,0.4893262412148014,1.7311360909315383,0.16235148191295348,-0.0,-1.4851338992371712,1.5382263947852726,1,296.72316369293924
-0.4338899444900178,0.2303791201850255,-0.4381335827598181,-0.2011435531502307,0.3897820145149887,-0.280447575962948,0.4822415127348472,0.2512120089281532,0.4893262412148014,1.7311360909315383,0.16235148191295348,-0.0,-1.4851338992371712,1.5382263947852726,1,219.03610038628676
-0.4338899444900178,0.2303791201850255,-0.4381335827598181,-0.2011435531502307,0.3897820145149887,-0.280447575962948,0.4822415127348472,0.2512120089281532,0.4893262412148014,1.7311360909315383,0.16235148191295348,-0.0,-1.4851338992371712,1.5382263947852726,1,219.03610038628676
-0.4338899444900178,0.2303791201850255,-0.4381335827598181,-0.2011435531502307,0.3897820145149887,-0.280447575962948,0.4822415127348472,0.2512120089281532,0.4893262412148014,1.7311360909315383,0.16235148191295348,-0.0,-1.4851338992371712,1.5382263947852726,1,296.72316369293924
-0.4964404431732664,0.2775623944851004,-0.33482312236918016,-0.34413601924022647,0.4271558161085122,-0.18805985282621349,0.40410774943393435,0.2546334775813395,0.5741983293181274,1.4856017626736835,0.20231518135465512,0.006872744021194014,-1.5253730473704845,-1.2978820078490099,1,198.91595456029103
-0.4338899444900178,0.2303791201850255,-0.4381335827598181,-0.2011435531502307,0.3897820145149887,-0.280447575962948,0.4822415127348472,0.2512120089281532,0.4893262412148014,1.7311360909315383,0.16235148191295348,-0.0,-1.4851338992371712,1.5382263947852726,1,176.42112227380784
-0.4338899444900178,0.2303791201850255,-0.4381335827598181,-0.2011435531502307,0.3897820145149887,-0.280447575962948,0.4822415127348472,0.2512120089281532,0.4893262412148014,1.7311360909315383,0.16235148191295348,-0.0,-1.4851338992371712,1.5382263947852726,1,259.29782852317624
-0.4964404431732664,0.2775623944851004,-0.33482312236918016,-0.34413601924022647,0.4271558161085122,-0.18805985282621349,0.40410774943393435,0.2546334775813395,0.5741983293181274,1.4856017626736835,0.20231518135465512,0.006872744021194014,-1.5253730473704845,-1.2978820078490099,1,279.3887276031168
-0.4964404431732664,0.2775623944851004,-0.33482312236918016,-0.34413601924022647,0.4271558161085122,-0.18805985282621349,0.40410774943393435,0.2546334775813395,0.5741983293181274,1.4856017626736835,0.20231518135465512,0.006872744021194014,-1.5253730473704845,-1.2978820078490099,1,278.800227944677
-0.4964404431732664,0.2775623944851004,-0.33482312236918016,-0.34413601924022647,0.4271558161085122,-0.18805985282621349,0.40410774943393435,0.2546334775813395,0.5741983293181274,1.4856017626736835,0.20231518135465512,0.006872744021194014,-1.5253730473704845,-1.2978820078490099,1,256.5318035040229
-0.4964404431732664,0.2775623944851004,-0.33482312236918016,-0.34413601924022647,0.4271558161085122,-0.18805985282621349,0.40410774943393435,0.2546334775813395,0.5741983293181274,1.4856017626736835,0.20231518135465512,0.006872744021194014,-1.5253730473704845,-1.2978820078490099,1,256.5318035040229
-0.4964404431732664,0.2775623944851004,-0.33482312236918016,-0.34413601924022647,0.4271558161085122,-0.18805985282621349,0.40410774943393435,0.2546334775813395,0.5741983293181274,1.4856017626736835,0.20231518135465512,0.006872744021194014,-1.5253730473704845,-1.2978820078490099,1,278.800227944677
-0.4964404431732664,0.2775623944851004,-0.33482312236918016,-0.34413601924022647,0.4271558161085122,-0.18805985282621349,0.40410774943393435,0.2546334775813395,0.5741983293181274,1.4856017626736835,0.20231518135465512,0.006872744021194014,-1.5253730473704845,-1.2978820078490099,1,221.26864488054434
-0.4964404431732664,0.2775623944851004,-0.33482312236918016,-0.34413601924022647,0.4271558161085122,-0.18805985282621349,0.40410774943393435,0.2546334775813395,0.5741983293181274,1.4856017626736835,0.20231518135465512,0.006872744021194014,-1.5253730473704845,-1.2978820078490099,1,207.4959776543432
-0.2849667132589826,0.3793766639682577,-0.4873214715171774,-0.25252905156147654,0.3260130131048072,-0.34637522317798464,0.4462751716713529,0.21952761077120347,0.6775595256274729,1.2863854159023445,0.10051238779856954,-0.09103399866888988,1.4667958120329017,1.567133339518325,1,162.25701168766952
-0.35953796432542934,0.2802571054736133,-0.4954910106680864,-0.20982347226679537,0.3745421704232964,-0.2892063053017135,0.4804868045702193,0.21877267209489548,0.5557836555066572,1.7138551779990707,0.06499136020465655,0.02221856532684245,1.3689619882374409,1.3510360754280284,1,151.82415313590712
-0.2849667132589826,0.3793766639682577,-0.4873214715171774,-0.25252905156147654,0.3260130131048072,-0.34637522317798464,0.4462751716713529,0.21952761077120347,0.6775595256274729,1.2863854159023445,0.10051238779856954,-0.09103399866888988,1.4667958120329017,1.567133339518325,1,162.25701168766952
-0.35953796432542934,0.2802571054736133,-0.4954910106680864,-0.20982347226679537,0.3745421704232964,-0.2892063053017135,0.4804868045702193,0.21877267209489548,0.5557836555066572,1.7138551779990707,0.06499136020465655,0.02221856532684245,1.3689619882374409,1.3510360754280284,1,151.82415313590712
-0.3794518399000742,0.31098566475665484,-0.4601890063790138,-0.23540870422909457,0.33628179103869144,-0.28558004381609103,0.5033590552403966,0.21000308328853073,0.5748197321238793,1.615158309928091,0.1784640667489973,0.26811078307263425,1.2188925013868162,1.2698760924407622,1,87.85640187671329
-0.38660130172676965,0.32554029802068063,-0.4217630298343531,-0.27845339844215655,0.35512607980302424,-0.3032706078913787,0.45323825175809856,0.25618370831285453,0.5502103485523625,1.3915173438719313,0.11545605064545061,0.3308137503454535,1.2137662988116302,1.264228987347011,1,96.44406154102477
-0.38660130172676965,0.32554029802068063,-0.4217630298343531,-0.27845339844215655,0.35512607980302424,-0.3032706078913787,0.45323825175809856,0.25618370831285453,0.5502103485523625,1.3915173438719313,0.11545605064545061,0.3308137503454535,1.2137662988116302,1.264228987347011,1,78.34916330072892
-0.4095610681904146,0.2841959857971453,-0.4103099988010971,-0.2599117673743625,0.37681481495405056,-0.30963231264097807,0.44305625203746113,0.28534809421819524,0.5077361991238127,1.4342762232177884,0.10950076418069699,0.30345991144270246,1.3290434589371103,1.2646087181411314,1,94.35184827669923
-0.35406031035979535,0.3078261938615083,-0.46752193406561116,-0.24315040824283266,0.37206498376545083,-0.31482316033779184,0.4495172606599557,0.25014737471911624,0.5709938623713204,1.4728019687819949,0.06684764819119635,0.16756802753378588,1.2852993111928277,1.2717937437813962,1,170.70791583393853
-0.34256808763847374,0.3232715055690104,-0.4485303898814144,-0.2527280495727627,0.3549903424211299,-0.34703688242313546,0.4361081350987582,0.27649342642688773,0.5929806236352092,1.3197485527967734,0.05256056670082234,0.158844584411327,1.3468583291970018,1.290025095959885,1,161.09429387191332
-0.30860538619349187,0.39775127794954757,-0.4201295352069311,-0.30243720369324156,0.3167483997930487,-0.3670116353709366,0.4119865216073741,0.2716975611146306,0.6363714998300615,1.0880706194307774,0.00993083253580166,-0.24776675999259182,-1.3935709418415618,-1.307801595110391,1,151.86084011536892
-0.34256808763847374,0.3232715055690104,-0.4485303898814144,-0.2527280495727627,0.3549903424211299,-0.34703688242313546,0.4361081350987582,0.27649342642688773,0.5929806236352092,1.3197485527967734,0.05256056670082234,0.158844584411327,1.3468583291970018,1.290025095959885,1,161.09429387191332
-0.22075946109663966,0.4484096730187127,-0.46963627007793,-0.21651429740797867,0.21810594181025936,-0.4202844903114431,0.47228978936431026,0.1883891147007091,0.8182456701260475,1.084301125992776,0.03743732428017881,-0.16076274062644477,-1.4801364395903946,-1.409253402980664,1,176.08056899672323
-0.345031844547472,0.356142116147677,-0.43790476918211063,-0.2903554184725657,0.35424862333540275,-0.3215276662761448,0.4286879903941799,0.25574096860103346,0.5872637268321241,1.2787832393481495,0.014436055673731072,-0.3285531705528392,-1.3455915262715685,-1.2558793790045688,1,167.83919500539463
-0.21780192088802125,0.4165107943054942,-0.47119820843336335,-0.17338107269960237,0.2049968799793262,-0.4540956387350118,0.48400324934205835,0.21096591712912,0.8316045339889514,1.0971679297607255,0.008510432830774683,-0.00851043282892514,1.567065000831969,1.4584889421060334,1,160.10970366150045
-0.35558769192851863,0.3087842128491119,-0.4470780882569529,-0.2673029752911079,0.38987696515372294,-0.32374309842039745,0.4127888150317486,0.28226186086239347,0.5438893003868415,1.359414665531061,0.11970809586572853,0.008888654789372482,1.4717426803793328,1.4389132435998664,1,193.9142205310047
-0.22075946109663966,0.4484096730187127,-0.46963627007793,-0.21651429740797867,0.21810594181025936,-0.4202844903114431,0.47228978936431026,0.1883891147007091,0.8182456701260475,1.084301125992776,0.03743732428017881,-0.16076274062644477,-1.4801364395903946,-1.409253402980664,1,176.08056899672323
-0.3679109162338311,0.3646714878484759,-0.3645225901884857,-0.3439015467939769,0.3409382762017081,-0.3350295086999763,0.39149523022060867,0.3142595676454773,0.5380947177193532,1.0717401161584386,0.08249016236627776,-0.0477723896652213,-1.530817639667613,-1.4519559822234525,1,171.1454827199035
-0.4320624327576577,0.3000319329695943,-0.41081081753347426,-0.30056843971986374,0.4087165243297981,-0.23281389390610444,0.4341567259613338,0.2333504006563739,0.5202515495573751,1.4422554465627555,0.08988858198438439,-0.19924398658113873,-1.4186706956513098,-1.2593546855413946,1,164.32857246483997
-0.298329801492139,0.31164465935021224,-0.48802504724949003,-0.21757447520468579,0.35667046650683665,-0.3726903907010854,0.4296843822347925,0.27862020655555897,0.6280207283586743,1.3410235664759405,0.23254014834773315,0.030293759918928007,1.377937352806009,1.241656744318035,1,164.24351381768793
-0.4116606562416421,0.30834188752601893,-0.4347678607973566,-0.3053435212228749,0.43367138249760895,-0.21916775064817692,0.4127571345413897,0.21616938434503286,0.532948491995051,1.415121218321668,0.08563998554386285,-0.21234607293791774,-1.494992489430611,-1.2847448850743937,1,164.51635910467832
-0.3953104507620411,0.30602505793040125,-0.44347925762106527,-0.2999135086147777,0.4395022624565176,-0.23847557857281168,0.39928744592658877,0.2323640292571882,0.5350325565616937,1.4572129401038008,0.1645317933747002,-0.13706617431077106,1.5590666594913072,-1.420619792564967,1,182.2639651161624
-0.345031844547472,0.356142116147677,-0.43790476918211063,-0.2903554184725657,0.35424862333540275,-0.3215276662761448,0.4286879903941799,0.25574096860103346,0.5872637268321241,1.2787832393481495,0.014436055673731072,-0.3285531705528392,-1.3455915262715685,-1.2558793790045688,1,166.32035851297633
-0.3924377945055828,0.2879557707718143,-0.44802263443281815,-0.25519173759078173,0.3969183341333896,-0.2832307123468311,0.44354209480501133,0.2504666791657985,0.5092497221659832,1.5608995583542826,0.014844652944766196,-0.27043612515427456,-1.3691711849129335,-1.3575290839501837,1,155.15832116842128
-0.34490566327413985,0.31106457139507687,-0.47821507373557376,-0.22280179602335196,0.3448562468876608,-0.32197190535540704,0.47826449012205274,0.23370912998368212,0.6054864531882713,1.51093909906653,0.009080340666879147,-0.24017100786135187,-1.4554170193937004,-1.4816294214615766,1,173.80744723290044
-0.49659043252221935,0.11779991649259296,-0.4706652177137877,-0.11874512415209201,0.4756049651264329,-0.1336431010595014,0.49165068510957416,0.1345883087190005,0.2650773081834583,3.684285589252414,0.16891301728127314,-0.1944801162179786,-1.2514098341844688,-1.284138946954,1,159.52173003086432
-0.34490566327413985,0.31106457139507687,-0.47821507373557376,-0.22280179602335196,0.3448562468876608,-0.32197190535540704,0.47826449012205274,0.23370912998368212,0.6054864531882713,1.51093909906653,0.009080340666879147,-0.24017100786135187,-1.4554170193937004,-1.4816294214615766,1,145.62905088227026
-0.3897236045168696,0.30657567589088874,-0.44017738567914927,-0.26861455242793525,0.38295874529404683,-0.2845758027209786,0.4469422449019721,0.2466146792580252,0.5244220813236434,1.500663810677158,0.03238274523182578,-0.26870302463640755,-1.370197702943978,-1.3180417706238612,1,202.8451434672546
-0.3918496152662166,0.3071722883711434,-0.42250131061997354,-0.28331906698711734,0.3888794710246516,-0.2954617258954941,0.42547145486153853,0.27160850451146795,0.5110172316509056,1.407110693068718,0.012576546498393739,-0.20058534169575723,-1.4071089245184447,-1.3785880403003101,1,205.43153653807852
-0.3588719221928524,0.3418411164969218,-0.43781620000887317,-0.26725087031234374,0.3364592302421938,-0.32317293163854927,0.4602288919595318,0.24858268545397122,0.5972126020181004,1.3504152197781283,0.08429241629884913,-0.3441447020710835,-1.28344304463449,-1.2421764005663753,1,231.60337164114017
-0.4002346799716888,0.179201395290082,-0.49895491677930687,-0.1701149388643039,0.4677506682268936,-0.2543756129762309,0.4314389285241021,0.24528915655045286,0.4830287233322812,1.93470831638166,0.3479718465017806,-0.006992893005382227,1.3893050184553828,1.2230650940894678,1,184.76964397979012
-0.3514546715028051,0.3340714887320273,-0.4526480767929275,-0.1941467266855311,0.23664065649438837,-0.3292798755484379,0.5674620918013443,0.18935511350194176,0.6766914720533854,1.537812724182427,0.3785186679514385,0.004310318133832621,-1.5707963267915963,1.5334072753194616,1,215.20136456810576
-0.4002346799716888,0.179201395290082,-0.49895491677930687,-0.1701149388643039,0.4677506682268936,-0.2543756129762309,0.4314389285241021,0.24528915655045286,0.4830287233322812,1.93470831638166,0.3479718465017806,-0.006992893005382227,1.3893050184553828,1.2230650940894678,1,197.76432950541206
-0.35979383313002616,0.35154921071580253,-0.43052999375628986,-0.31313090778105607,0.38265571944775734,-0.2932509737375425,0.4076681074385587,0.2548326708027961,0.5571336132260337,1.2610548711617737,0.060417871047156825,-0.3577830162722014,-1.3434777282646841,-1.1936751770998444,1,185.7165694710667
-0.3514546715028051,0.3340714887320273,-0.4526480767929275,-0.1941467266855311,0.23664065649438837,-0.3292798755484379,0.5674620918013443,0.18935511350194176,0.6766914720533854,1.537812724182427,0.3785186679514385,0.004310318133832621,-1.5707963267915963,1.5334072753194616,1,193.79687319049467
-0.3918496152662166,0.3071722883711434,-0.42250131061997354,-0.28331906698711734,0.3888794710246516,-0.2954617258954941,0.42547145486153853,0.27160850451146795,0.5110172316509056,1.407110693068718,0.012576546498393739,-0.20058534169575723,-1.4071089245184447,-1.3785880403003101,1,213.4456232190205
-0.4131361830953114,0.30142555483082395,-0.3977834440617304,-0.2869088473426453,0.37731207471829814,-0.2965916351005356,0.43360755243874366,0.282074927612357,0.5063673093160579,1.4159187223886396,0.12306898702538817,-0.18280988438035436,-1.3494053733500855,-1.3390480894131593,1,203.4471809176456
-0.4695567944899779,0.2752350811684997,-0.36474302621279875,-0.32541914871637223,0.43885285620888925,-0.21427966241459862,0.3954469644938874,0.26446372996247114,0.5456400991605136,1.5123670249903727,0.08234076441797701,0.07785648954324408,1.5282687921777671,-1.4634412400113694,1,271.8951505213207
-0.37597498396668205,0.31867066257266996,-0.45316565346373644,-0.2814882675245943,0.39939561374875926,-0.27118589174967095,0.42974502368165923,0.23400349670159523,0.5298867273670318,1.471128117684273,0.06791159893974376,0.1651486774153025,1.2656494125158049,1.3824312258594356,1,186.1259215771553
-0.38203375319091215,0.32804241597142053,-0.42024653230846193,-0.2868041453783616,0.36366484260577486,-0.30530202646670007,0.43861544289359927,0.2640637558736411,0.5439554588156524,1.3560740691049393,0.06881591108561222,0.1942409961821801,1.3380775857872897,1.392288721212903,1,198.46378006975652
-0.37597498396668205,0.31867066257266996,-0.45316565346373644,-0.2814882675245943,0.39939561374875926,-0.27118589174967095,0.42974502368165923,0.23400349670159523,0.5298867273670318,1.471128117684273,0.06791159893974376,0.1651486774153025,1.2656494125158049,1.3824312258594356,1,211.79492342492853
-0.4695567944899779,0.2752350811684997,-0.36474302621279875,-0.32541914871637223,0.43885285620888925,-0.21427966241459862,0.3954469644938874,0.26446372996247114,0.5456400991605136,1.5123670249903727,0.08234076441797701,0.07785648954324408,1.5282687921777671,-1.4634412400113694,1,218.71268127715936
-0.41343183493554947,0.2582226820871197,-0.42736793553047375,-0.17439866074213253,0.3028591225952428,-0.3288962411463235,0.5379406478707804,0.24507221980133637,0.5667509360745447,1.6441449001251827,0.35652891562648614,0.17901527702232,1.5680789421818375,1.3734007669471062,1,278.71530471045406
-0.41343183493554947,0.2582226820871197,-0.42736793553047375,-0.17439866074213253,0.3028591225952428,-0.3288962411463235,0.5379406478707804,0.24507221980133637,0.5667509360745447,1.6441449001251827,0.35652891562648614,0.17901527702232,1.5680789421818375,1.3734007669471062,1,234.7938041539825
-0.5021705035620448,0.17752058941640814,-0.36596918557581276,-0.2391939196778446,0.48129161835483897,-0.2355926858084069,0.3868480707830187,0.2972660160698434,0.5275880267338164,1.833244304714366,0.14048262839127085,-0.0,-1.259146438977496,-1.3887841687196771,1,89.24000691603341
-0.3807133081249448,0.22417544181206317,-0.5093663210633769,-0.22154714401176323,0.5062091901357422,-0.21655569939697156,0.38387043905257945,0.21392740159667167,0.4526649429510258,2.27849237058974,0.5578910638171756,-0.43002114525994733,-1.426691770254653,-1.4083742956523846,1,290.66697629637736
-0.41343183493554947,0.2582226820871197,-0.42736793553047375,-0.17439866074213253,0.3028591225952428,-0.3288962411463235,0.5379406478707804,0.24507221980133637,0.5667509360745447,1.6441449001251827,0.35652891562648614,0.17901527702232,1.5680789421818375,1.3734007669471062,1,211.03215003630177
-0.3807133081249448,0.22417544181206317,-0.5093663210633769,-0.22154714401176323,0.5062091901357422,-0.21655569939697156,0.38387043905257945,0.21392740159667167,0.4526649429510258,2.27849237058974,0.5578910638171756,-0.43002114525994733,-1.426691770254653,-1.4083742956523846,1,135.22662060183353
-0.41343183493554947,0.2582226820871197,-0.42736793553047375,-0.17439866074213253,0.3028591225952428,-0.3288962411463235,0.5379406478707804,0.24507221980133637,0.5667509360745447,1.6441449001251827,0.35652891562648614,0.17901527702232,1.5680789421818375,1.3734007669471062,1,232.52715632631865
-0.4948953492079401,0.2454532132637787,-0.3441170553837559,-0.3154907904667781,0.45310433409097206,-0.21013332662050885,0.3859080705007239,0.2801709038235082,0.5646870975404849,1.5915068777897938,0.12638566650189834,0.1388850155216873,1.5631041708269395,-1.4864895942616976,1,91.20775996922426
-0.41343183493554947,0.2582226820871197,-0.42736793553047375,-0.17439866074213253,0.3028591225952428,-0.3288962411463235,0.5379406478707804,0.24507221980133637,0.5667509360745447,1.6441449001251827,0.35652891562648614,0.17901527702232,1.5680789421818375,1.3734007669471062,1,234.3082370787776
-0.4948953492079401,0.2454532132637787,-0.3441170553837559,-0.3154907904667781,0.45310433409097206,-0.21013332662050885,0.3859080705007239,0.2801709038235082,0.5646870975404849,1.5915068777897938,0.12638566650189834,0.1388850155216873,1.5631041708269395,-1.4864895942616976,1,74.2563270058874
-0.5029034114224034,0.21936300046783958,-0.2971669707345107,-0.3377920823652169,0.4660584309702031,-0.22430720871772683,0.33401195118671095,0.34273629061510424,0.6594060260834549,1.4238375369260703,0.12494010345758122,0.31099828060900914,1.4659193880733385,1.4671688668059393,1,66.90791874747399
-0.39194270447592505,0.30105589707300207,-0.42352281716653634,-0.29439910018946647,0.4148224401779323,-0.2835864619472439,0.40064308146452915,0.27692966506370825,0.49919687291705406,1.4079069975038556,0.07827719672486064,-0.383341238407019,-1.253337591537687,-1.210010207453474,1,186.40958869203226
-0.3810692118755968,0.27570016592439794,-0.4616192382694666,-0.23531731191249428,0.39705183600858446,-0.29700506111532876,0.4456366141364789,0.2566222071034251,0.5195901689352678,1.5841584982478467,0.0688074504626403,-0.014562077392809278,1.5007357441593507,1.4520909896547347,1,226.56350084363274
-0.41503737639545896,0.3234170811918233,-0.3905895001936708,-0.3250912432263676,0.39038434753301043,-0.26380720435384053,0.4152425290561193,0.2654813663883848,0.538443430282497,1.2802918238504706,0.08461157385856788,-0.37298772180140227,-1.2384386485223822,-1.0904622050758326,1,194.49948174665303
-0.39194270447592505,0.30105589707300207,-0.42352281716653634,-0.29439910018946647,0.4148224401779323,-0.2835864619472439,0.40064308146452915,0.27692966506370825,0.49919687291705406,1.4079069975038556,0.07827719672486064,-0.383341238407019,-1.253337591537687,-1.210010207453474,1,303.9634689907112
-0.41503737639545896,0.3234170811918233,-0.3905895001936708,-0.3250912432263676,0.39038434753301043,-0.26380720435384053,0.4152425290561193,0.2654813663883848,0.538443430282497,1.2802918238504706,0.08461157385856788,-0.37298772180140227,-1.2384386485223822,-1.0904622050758326,1,176.49250938867127
-0.39194270447592505,0.30105589707300207,-0.42352281716653634,-0.29439910018946647,0.4148224401779323,-0.2835864619472439,0.40064308146452915,0.27692966506370825,0.49919687291705406,1.4079069975038556,0.07827719672486064,-0.383341238407019,-1.253337591537687,-1.210010207453474,1,183.04413224826186
-0.354853070128645,0.3512829906735019,-0.4335238920138862,-0.2737809879608696,0.3308134235917772,-0.32682683470252366,0.4575635385507539,0.24932483198989136,0.6042551419349594,1.3140753860490284,0.09134282322792281,0.17236166707620634,1.3425225535600385,1.3980796808524312,1,228.1859263595969
-0.513006103765178,-0.04113214143520146,0.42756798805671103,-0.145839727953895,0.5465743993473049,0.12649947508757445,-0.46113628363883785,0.060472394301521994,0.28856530977593275,3.8906646244064214,0.17629491990746765,-1.3646418668500537,0.09495170634387992,0.15499674192870744,1,176.26072939637203
-0.30610796038400434,0.26212419694541506,-0.5239069501879772,-0.21011530350622723,0.42905736664294675,-0.3199026011370007,0.4009575439290349,0.26789370769781284,0.5601489078845068,1.6212492363553312,0.4799014454086635,-0.11272761159108054,1.3660919269954315,1.2432318844207644,1,155.5718478147917
-0.4830829607967006,-0.26399534496495797,0.47645325186559717,-0.059205534564220334,0.44388841555437286,0.04766447519908018,-0.4372587066232693,0.27553640433009813,0.5177002513296425,1.778461070949046,0.46333506017529785,1.4852910331223645,-0.0,0.38050637711619634,1,147.5492029039876
-0.3315898615444092,0.3037804992784999,-0.45114005330201923,-0.19369025861853845,0.3082493591065416,-0.3945395328708133,0.4744805557398869,0.2844492922108518,0.6463794134642108,1.3254962859836619,0.004255293470268704,-0.0,-1.5480729659494696,1.3589299970793702,1,238.62432620147976
-0.3315898615444092,0.3037804992784999,-0.45114005330201923,-0.19369025861853845,0.3082493591065416,-0.3945395328708133,0.4744805557398869,0.2844492922108518,0.6463794134642108,1.3254962859836619,0.004255293470268704,-0.0,-1.5480729659494696,1.3589299970793702,1,238.62432620147976
-0.2649337536668675,0.36118527360742936,-0.49139236143991055,-0.17152579186477296,0.24247073407767106,-0.4011326833454426,0.513855381029107,0.21147320160278624,0.7663184052704682,1.3186725214858923,0.01505749730596782,-0.09873450983947543,-1.570796326791363,1.457490606330908,1,153.98281977742448
-0.4568623162317644,0.21788766128625384,-0.4185561814090201,-0.2108219221732994,0.41045129467211433,-0.26761325857928897,0.4649672029686702,0.2605475194663345,0.48687419608632454,1.7453577727061085,0.19196967712305288,0.0802868152834759,-1.4935692694179539,1.5333806413240159,1,231.3923475140984
-0.5140760352317382,0.2715990406631013,-0.3246613366919395,-0.3528932575473462,0.4425723529133109,-0.15416019589501664,0.3961650190103668,0.23545441277926152,0.5974195504920219,1.5318818036450281,0.17593830688666065,0.18171858933083726,1.4301133549641054,-1.4183362847852186,1,231.49954670008555
-0.3464728245974594,0.3317249209648958,-0.4522017610474302,-0.26658237834572435,0.36444282284135515,-0.32485964869564093,0.4342317628035344,0.2597171060764696,0.5820185737903588,1.3500675538404183,0.05608636174135882,-0.32874344740340333,-1.3457194942558626,-1.3249864086608247,1,151.3488268965106
-0.4352152106858017,0.27222860370676427,-0.3917982653999677,-0.28415820543855486,0.4095976239038391,-0.2770106188828151,0.4174158521819303,0.28894022061460567,0.48864152013353057,1.4877567693557792,0.09168937519019245,0.03522771108020491,-1.5370667924826322,-1.5477456551477144,1,222.5941083085213
-0.5140760352317382,0.2715990406631013,-0.3246613366919395,-0.3528932575473462,0.4425723529133109,-0.15416019589501664,0.3961650190103668,0.23545441277926152,0.5974195504920219,1.5318818036450281,0.17593830688666065,0.18171858933083726,1.4301133549641054,-1.4183362847852186,1,213.65128895378635
-0.35120980349119424,0.35955096694311506,-0.43445744974619793,-0.27834349534203334,0.3271006922263641,-0.3239506244444691,0.45856656101102805,0.24274315284338743,0.6103833324998871,1.3065426942814984,0.09818481217687769,-0.20176234432117948,-1.4389892112304414,-1.3555455218020427,1,177.71746409026483
-0.36928284520037347,0.33801051969226453,-0.41153968075541014,-0.29154553305372305,0.35276127248164557,-0.3284036850771575,0.42806125347413804,0.28193869843861596,0.5595219889082481,1.2598785083220854,0.05573193337979445,-0.10706565118904962,-1.482564461180457,-1.4605441278714337,1,150.63865229108575
-0.27722801149574916,0.41739967840073317,-0.46205570806964835,-0.2532063469172479,0.26555209920156764,-0.36748580013497234,0.4737316203638299,0.2032924686514871,0.73448588508516,1.1922597041536525,0.08079993638684912,-0.22042564147665417,-1.463517471142692,-1.3415643935143888,1,162.25801999258695
-0.463061799612365,0.21827719207238205,-0.4214943650040168,-0.23160608648723066,0.44735968915232976,-0.23340812388605184,0.43719647546405205,0.24673701830090047,0.43713445517298116,1.8961380815349524,0.07097065105635836,-0.0,-1.4765878384472169,-1.5102643070102735,1,232.15326294378667
-0.463061799612365,0.21827719207238205,-0.4214943650040168,-0.23160608648723066,0.44735968915232976,-0.23340812388605184,0.43719647546405205,0.24673701830090047,0.43713445517298116,1.8961380815349524,0.07097065105635836,-0.0,-1.4765878384472169,-1.5102643070102735,1,205.54202986450792
-0.3982726558894477,0.2511905749246342,-0.454178686852293,-0.18569256549149937,0.34915115950125153,-0.31573272944228326,0.5033001832404892,0.25023472000914837,0.5428170848945026,1.6889037065816117,0.13863973713436054,-0.0,-1.5375859503819063,1.4445825983322067,1,223.7004394872304
-0.463061799612365,0.21827719207238205,-0.4214943650040168,-0.23160608648723066,0.44735968915232976,-0.23340812388605184,0.43719647546405205,0.24673701830090047,0.43713445517298116,1.8961380815349524,0.07097065105635836,-0.0,-1.4765878384472169,-1.5102643070102735,1,248.76877824933555
-0.36568416197110265,0.3463430057969107,-0.4448986841928262,-0.3064799077942997,0.39236976526738115,-0.26973756966613854,0.41821308089654774,0.22987447166352756,0.5634591372404975,1.3221223506714164,0.06907048162948984,-0.2000527723744437,-1.5353501865326402,-1.343997478737359,1,153.17395481561607
-0.3532322463337835,0.3583623019930453,-0.394106107658229,-0.31338118635478174,0.3430642363587368,-0.34740113456832494,0.40427411763327564,0.3024200189300614,0.5634675714843734,1.131229224882183,0.03314535479068889,-0.1651486774153573,-1.4203034953607758,-1.3927033885598246,1,172.5695425777814
-0.36568416197110265,0.3463430057969107,-0.4448986841928262,-0.3064799077942997,0.39236976526738115,-0.26973756966613854,0.41821308089654774,0.22987447166352756,0.5634591372404975,1.3221223506714164,0.06907048162948984,-0.2000527723744437,-1.5353501865326402,-1.343997478737359,1,151.76208592495604
-0.46013703284320523,0.25833799177201566,-0.36091247943749655,-0.31902219476872445,0.4495134740268496,-0.24128239771420718,0.3715360382538522,0.301966600710916,0.5648827725686798,1.4648420607451658,0.027631156857390832,-0.2449786631292171,-1.2512532743246174,-1.2080320675253593,1,86.54332556176954
-0.5193586814410129,0.0866991029018119,-0.16603403598718905,-0.3672552046087542,0.507299108838573,-0.20022199084849093,0.17809360858962892,0.4807780925554333,0.8706399909500961,1.2106338202906848,0.21109333322311669,-0.0,-1.1525719972079356,-1.4237179713992458,1,86.5708125566422
-0.398488508779536,0.30054727300910283,-0.41080555269764096,-0.28347936929401457,0.38730553919319993,-0.30309374189782046,0.421988522283977,0.2860258381827322,0.5027086606303762,1.3796181081400312,0.037717952467458134,-0.0,-1.567312020334271,1.5674065092738476,1,484.62960579519586
-0.398488508779536,0.30054727300910283,-0.41080555269764096,-0.28347936929401457,0.38730553919319993,-0.30309374189782046,0.421988522283977,0.2860258381827322,0.5027086606303762,1.3796181081400312,0.037717952467458134,-0.0,-1.567312020334271,1.5674065092738476,1,343.4052828624047
-0.398488508779536,0.30054727300910283,-0.41080555269764096,-0.28347936929401457,0.38730553919319993,-0.30309374189782046,0.421988522283977,0.2860258381827322,0.5027086606303762,1.3796181081400312,0.037717952467458134,-0.0,-1.567312020334271,1.5674065092738476,1,199.38400856524913
-0.46858090602060637,0.2200983048015261,-0.4512188867356775,-0.21069918540904395,0.423631401076557,-0.1754409308611884,0.4961683916797268,0.1660418114687062,0.41561157613171357,2.239449670955075,0.249586925438131,-0.0,-1.5707963267873208,-1.4745429615644379,1,206.45543690612345
-0.39464838827936355,0.3179531523919054,-0.38188857882258187,-0.2919256068214479,0.3508503897219624,-0.3350814840398657,0.42568657737998306,0.3090539384694082,0.535707146051621,1.2561890593456368,0.13658111375214177,-0.3518705674678903,-1.1391782325519182,-1.18715908952734,1,216.46495241082238
-0.39100421705405636,0.2729357866474346,-0.4407286315604201,-0.22354722508053543,0.3675199882269176,-0.3218663972348638,0.4642128603875588,0.2724778356679647,0.5382611756963632,1.5214158866085332,0.06145494899325846,0.2977002097128941,1.2943256552368556,1.1738111589365625,1,166.67204207490383
-0.39100421705405636,0.2729357866474346,-0.4407286315604201,-0.22354722508053543,0.3675199882269176,-0.3218663972348638,0.4642128603875588,0.2724778356679647,0.5382611756963632,1.5214158866085332,0.06145494899325846,0.2977002097128941,1.2943256552368556,1.1738111589365625,1,183.9091496504356
-0.5256166344933613,0.23073272459095603,-0.31598769105936875,-0.30868991884235153,0.43951462565887417,-0.20336824260427608,0.40208969989385585,0.2813254368556715,0.5694422637540024,1.6357731215494014,0.2935946495864639,0.10985011884793179,-1.448504603042434,-1.3644724327607232,1,118.05967799495659
-0.40565392094028535,0.28877208678981653,-0.37906844738161044,-0.35447845944813205,0.4681159837637968,-0.2510278376947694,0.3166063845580989,0.3167342103530849,0.5864854305283819,1.3017780265721943,0.21947094178146012,-0.3191395942748775,-1.331859886202682,-1.2490457723912778,1,94.39258651384186
-0.4553181537530266,0.2395286632285551,-0.37308201554426235,-0.2855698079285431,0.4426858360426593,-0.2674660048084592,0.38571433325462956,0.3135071495084472,0.5379734979730776,1.4989793525652941,0.057599342492794366,-0.20539538919184724,-1.232240631876947,-1.297787623702004,1,85.19000680433359
-0.5079211721568296,0.21802974344074733,-0.2598623234115071,-0.36944666786060953,0.4575753168172851,-0.2187333988619888,0.3102081787510516,0.370150323281851,0.7140782982038649,1.3054359340790527,0.15432231572458618,0.3300606124122731,1.4332095903320943,1.4564326733786612,1,111.96894156801659
-0.40941804391649766,0.30509771254486723,-0.3609568217081751,-0.32412192499460685,0.3842695930679113,-0.3122222871287363,0.38610527255676147,0.3312464995784759,0.5213608626282338,1.2138566440570822,0.07971900968708616,-0.19920061204199832,-1.310695943033748,-1.3275875733207856,1,158.25454067328758
-0.4181781687391438,0.28752904711090543,-0.3867352402870078,-0.26244308789712995,0.3563376641192718,-0.32519467345250075,0.44857574490687974,0.30010871423872526,0.5419841584974869,1.3861334045323062,0.20356288253670052,-0.0,-1.4294377750966765,-1.5281991591380408,1,169.8287611425715
-0.5251836058747672,-0.1683977629722467,-0.25744391815702333,0.36462645683826733,0.5672709017690606,0.1355167175996988,0.21535662226272986,-0.33174541146571945,0.7607545865250445,1.5687803562549132,0.1800199909671836,-0.24838580496656326,-1.5169269268095733,-1.5707963267893719,1,309.887976457839
-0.5251836058747672,-0.1683977629722467,-0.25744391815702333,0.36462645683826733,0.5672709017690606,0.1355167175996988,0.21535662226272986,-0.33174541146571945,0.7607545865250445,1.5687803562549132,0.1800199909671836,-0.24838580496656326,-1.5169269268095733,-1.5707963267893719,1,333.63838090731116
-0.5251836058747672,-0.1683977629722467,-0.25744391815702333,0.36462645683826733,0.5672709017690606,0.1355167175996988,0.21535662226272986,-0.33174541146571945,0.7607545865250445,1.5687803562549132,0.1800199909671836,-0.24838580496656326,-1.5169269268095733,-1.5707963267893719,1,381.8826422307933
-0.5251836058747672,-0.1683977629722467,-0.25744391815702333,0.36462645683826733,0.5672709017690606,0.1355167175996988,0.21535662226272986,-0.33174541146571945,0.7607545865250445,1.5687803562549132,0.1800199909671836,-0.24838580496656326,-1.5169269268095733,-1.5707963267893719,1,462.39570424107706
-0.5251836058747672,-0.1683977629722467,-0.25744391815702333,0.36462645683826733,0.5672709017690606,0.1355167175996988,0.21535662226272986,-0.33174541146571945,0.7607545865250445,1.5687803562549132,0.1800199909671836,-0.24838580496656326,-1.5169269268095733,-1.5707963267893719,1,149.94149676170267
-0.3591490448752735,-0.27095686612479136,0.4752135029725985,-0.19647044997096677,0.397980135055964,0.25912674109768696,-0.5140445931532891,0.20830057499807114,0.5243895000684518,1.8662303128168454,0.033366058166256964,1.4919089959507355,-0.0,-0.14467739961823933,1,493.85014971221574
-0.3591490448752735,-0.27095686612479136,0.4752135029725985,-0.19647044997096677,0.397980135055964,0.25912674109768696,-0.5140445931532891,0.20830057499807114,0.5243895000684518,1.8662303128168454,0.033366058166256964,1.4919089959507355,-0.0,-0.14467739961823933,1,312.2025518533389
-0.3591490448752735,-0.27095686612479136,0.4752135029725985,-0.19647044997096677,0.397980135055964,0.25912674109768696,-0.5140445931532891,0.20830057499807114,0.5243895000684518,1.8662303128168454,0.033366058166256964,1.4919089959507355,-0.0,-0.14467739961823933,1,298.4008512065061
-0.3591490448752735,-0.27095686612479136,0.4752135029725985,-0.19647044997096677,0.397980135055964,0.25912674109768696,-0.5140445931532891,0.20830057499807114,0.5243895000684518,1.8662303128168454,0.033366058166256964,1.4919089959507355,-0.0,-0.14467739961823933,1,305.7181874992332
-0.3640909736940156,0.2716257214921856,-0.50857483819982,-0.1964423158403119,0.36628012315622477,-0.2645337815326023,0.5063856887376108,0.1893503758807286,0.5441807317125498,1.893019747316699,4.588009213906761e-07,-0.0,1.3490692864839962,1.3656317778651104,1,106.74502378433118
-0.48818808712910244,0.19137243589106503,0.45514770341729,0.20610846083391976,0.46136337270598227,-0.191791469775696,-0.4283229889941699,-0.20568942694928882,0.3910232855015501,2.3058677278475432,2.1798519549262258e-07,-0.0,-1.5707963267836607,-1.4367731252037979,1,119.71862047990811
-0.3475966502186309,0.34106861264541866,-0.45629273603040293,-0.2702401148794915,0.3589750927542561,-0.3113633436078343,0.44491429349477774,0.24053484584190715,0.5879762652622967,1.3813042431283993,0.021494608649533238,0.2895036719642989,1.1557215931073195,1.2315037123483243,1,73.08472955216234
-0.3591490448752735,-0.27095686612479136,0.4752135029725985,-0.19647044997096677,0.397980135055964,0.25912674109768696,-0.5140445931532891,0.20830057499807114,0.5243895000684518,1.8662303128168454,0.033366058166256964,1.4919089959507355,-0.0,-0.14467739961823933,1,515.4353891473812
-0.24608639120753673,0.37959148987256486,-0.5086988848769665,-0.17440738111305792,0.2310229445400908,-0.3831365773386448,0.5237623315444124,0.17795246857913785,0.7874871480716128,1.3536426162949586,0.038226255642502364,-0.030293759919080912,1.4334550493359404,1.4145988169639112,1,81.4812367808061
-0.3002809204825176,0.360673126576929,-0.4872373540784605,-0.20909000023240212,0.2719877479207687,-0.34725943985355323,0.5155305266402094,0.1956763135090263,0.7098920393312238,1.4164737268336136,0.10460080847384738,0.12565033061115494,1.3081029814900242,1.3276424791680648,1,84.7922419296204
-0.3591490448752735,-0.27095686612479136,0.4752135029725985,-0.19647044997096677,0.397980135055964,0.25912674109768696,-0.5140445931532891,0.20830057499807114,0.5243895000684518,1.8662303128168454,0.033366058166256964,1.4919089959507355,-0.0,-0.14467739961823933,1,289.2405508800862
-0.4266707790761954,0.25933730955879547,-0.3645884668326959,-0.2773005074690716,0.3920070699894087,-0.32839260235965795,0.3992521759194826,0.3463558002699341,0.5572901945784461,1.2240458099299485,0.1259126256859256,0.3430239404222117,1.4103745049351093,1.2379761138709044,1,211.80612970499234
-0.39453516347941736,0.30377099110214034,-0.39986073340828254,-0.29824859238745716,0.39265346296319287,-0.3090579403813258,0.401742433924507,0.30353554166664265,0.4912456125103154,1.3080374084042676,0.005989840093890585,0.13569237724813296,1.439896472206221,1.426553694008745,1,229.14665477936242
-0.45900062545200515,0.19481052852043657,-0.3191951321136433,-0.30379095117398275,0.4615072669111494,-0.2904546289349131,0.316688490654499,0.3994350515884592,0.6473250856578213,1.3089787475821097,0.06646359954910179,-0.104271611928859,-1.2102303263096144,-1.4510709287944352,1,78.779880243943
-0.5356384864681263,0.12623842702669794,-0.2066141332552068,-0.3612405410316827,0.5336751348332268,-0.17236479927808568,0.20857748489010627,0.40736691328307045,0.8218824203325231,1.3912350385083014,0.08263964356836927,0.11710874456800195,-1.3439974787337072,-1.4553696664208216,1,100.48112773675463
-0.5251836058747672,-0.1683977629722467,-0.25744391815702333,0.36462645683826733,0.5672709017690606,0.1355167175996988,0.21535662226272986,-0.33174541146571945,0.7607545865250445,1.5687803562549132,0.1800199909671836,-0.24838580496656326,-1.5169269268095733,-1.5707963267893719,1,204.16588396827402
-0.53532006256501,0.2145933674521601,-0.248259243413509,-0.36654114048225067,0.4582176835629839,-0.19238162760713642,0.32536162241553496,0.34432940063722695,0.7062767152126331,1.3976352776742902,0.2161493510257672,0.22014932969332188,1.5677568224804004,-1.481746744157868,1,238.67311415746298
-0.45900062545200515,0.19481052852043657,-0.3191951321136433,-0.30379095117398275,0.4615072669111494,-0.2904546289349131,0.316688490654499,0.3994350515884592,0.6473250856578213,1.3089787475821097,0.06646359954910179,-0.104271611928859,-1.2102303263096144,-1.4510709287944352,1,75.44899456752223
0.22056750499461622,0.23510327949444187,-0.3823594682566055,0.17800658200926933,-0.4739795950391774,-0.25127242069319444,0.6357715583011666,-0.1618374408105167,0.5397559942399468,2.2816747483729536,0.014001294010381225,-1.1542153811175018,-0.1118902661704294,-1.1300454790077576,1,183.4066176491747
-0.45197912764196363,0.24706040286217942,-0.40661767231557616,-0.24458501677459407,0.4041778734226693,-0.26548841273808677,0.45441892653487054,0.26301302665050147,0.4790326762914725,1.7150342205792781,0.18678250354686535,0.12048974598869706,1.5680863063316757,1.524712472771835,1,250.78422519428239
-0.34010836620174506,0.3539210914256391,-0.46588190186663253,-0.24392037488363877,0.30357340956509504,-0.3118013230182704,0.5024168585032825,0.2018006064762701,0.6446181886565046,1.454508274561783,0.1620285627351779,0.16202856273609728,1.2894038941529282,1.3800407756062805,1,88.0361854802007
-0.41994538818909755,0.30359440162635404,-0.37872114820147285,-0.30954250209344525,0.3859209499768909,-0.29106544784274196,0.4127455864136795,0.2970135483098332,0.5105535659233688,1.3580832756126402,0.11271633483645542,0.03945320109721234,-1.5672752145827387,-1.5352126475644423,1,170.17789690848943
-0.4270058237008698,0.23152604713985644,-0.4201199091241616,-0.2619222546955379,0.4666234154410516,-0.26406549963720444,0.3805023173839798,0.29446170719288595,0.49911624287963624,1.5999744116561405,0.13903455678925725,0.05375980853801473,1.5334072753194616,1.4532094184163715,1,230.15951466355617
-0.34010836620174506,0.3539210914256391,-0.46588190186663253,-0.24392037488363877,0.30357340956509504,-0.3118013230182704,0.5024168585032825,0.2018006064762701,0.6446181886565046,1.454508274561783,0.1620285627351779,0.16202856273609728,1.2894038941529282,1.3800407756062805,1,80.30423365555727
-0.4640335076398406,0.31613615296969316,-0.31857344673875154,-0.409340189383005,0.4361830266295742,-0.17820205017646557,0.3464239277490179,0.2714060865897774,0.6530857986071975,1.2408627018078073,0.0008310550562524499,0.2530142044576006,1.2184876021239937,-1.570796326791541,1,166.00312236829978
-0.38409042205739763,0.30380610072856695,-0.44170948398610405,-0.2653927961272473,0.3850507397562094,-0.2943194524476367,0.4407491662872923,0.2559061478463171,0.5278210683499013,1.4753735993844594,2.1645186910530892e-07,-0.0,1.5048853370789026,1.5279183330913317,1,240.0990267942022
-0.36721675512020874,0.34850278785663596,-0.43611791997726,-0.29093616511402587,0.3559594787463171,-0.29368545790093703,0.4473751963511515,0.23611883515832696,0.5673688945138339,1.3757541066267531,0.06352540634132556,-0.14911951601754073,-1.525544221623274,-1.3919171690094516,1,156.03442768358246
-0.35061127613648824,0.3421670955131208,-0.47494971877741854,-0.2694013592817462,0.36662968866358886,-0.27529329630335203,0.458931306250318,0.20252756007197745,0.5766345436235955,1.5124549483739405,0.009755287166590888,-0.06716340180106291,1.4443837219865165,-1.5333988049724745,1,157.9256927597363
-0.23362844141006284,0.43388643778666264,-0.45525966621115027,-0.19398004518184925,0.19335110572393233,-0.43661672429491555,0.49553700189728084,0.19671033169010213,0.8276715060850182,1.0922380406233703,0.10585629618575834,-0.33308151420264276,-1.219081991014854,-1.262575082157148,1,162.674904262074
-0.38409042205739763,0.30380610072856695,-0.44170948398610405,-0.2653927961272473,0.3850507397562094,-0.2943194524476367,0.4407491662872923,0.2559061478463171,0.5278210683499013,1.4753735993844594,2.1645186910530892e-07,-0.0,1.5048853370789026,1.5279183330913317,1,220.14258362622843
-0.26530027333869505,0.4117544639398529,-0.48126429333896115,-0.20139615729830493,0.184611565557269,-0.3459076102823256,0.5619530011203872,0.13554930364077766,0.7904061791845189,1.3768899486361685,0.3261016915139274,-0.16658339666121041,-1.5291537476879893,-1.4206197925617512,1,124.37297770548984
-0.36128560308690744,0.32160521095702277,-0.47926664457601365,-0.2539967028490777,0.37185937567319527,-0.2700182469838345,0.4686928719897258,0.2024097388758895,0.5608350871785661,1.602302112673335,4.6576558375620617e-07,-0.0,1.3874483741389438,1.5112641067262473,1,88.33298627837041
-0.5618594767616223,0.2089561141767646,-0.2444193386762697,-0.36098213001148133,0.47352314262499134,-0.15212719051206006,0.3327556728129007,0.3041532063467767,0.6886695668052095,1.556649546024016,0.20893435045976352,-0.01142807389716961,-1.3342817904296154,-1.157199646129723,1,133.4302491289806
-0.45407449361162505,0.23994510474901418,-0.4160079567267165,-0.2495530283363195,0.433106305596993,-0.24250959204827446,0.43697614474134855,0.25211751563557977,0.44701385844904434,1.7761669467340406,0.0854338497977545,0.06656816377613985,-1.5680490809564016,1.5681785317301968,1,210.5969181290197
-0.4564303356193964,0.2652324235966216,-0.39209022650553477,-0.25857211771630934,0.38127474038968895,-0.26507197133424937,0.46724582173524215,0.2584116654539372,0.48982952573802363,1.7417848431654925,0.2849958136907059,0.12435499454733123,-1.5645268164612767,-1.5655470311757456,1,234.26795336068213
-0.5618594767616223,0.2089561141767646,-0.2444193386762697,-0.36098213001148133,0.47352314262499134,-0.15212719051206006,0.3327556728129007,0.3041532063467767,0.6886695668052095,1.556649546024016,0.20893435045976352,-0.01142807389716961,-1.3342817904296154,-1.157199646129723,1,122.39415364999996
-0.6163505725771388,0.14030620957252093,-0.2904029520968524,-0.20933225839995828,0.46980628731323526,-0.13614619259670918,0.436947237360756,0.20517224142414653,0.45021690593937974,2.6203741101756077,0.6543702459707693,0.6543702459771701,-1.570796326788094,-1.5363272257904683,1,131.09664073777364
-0.21008996310272465,0.27178830816237154,-0.6537885772016551,-0.1552130529320346,0.4130021541931746,-0.2160969072583056,0.45087638611120523,0.09952165202796866,0.5389497035935692,2.2641902816431263,0.6851436878920372,-0.6851436878971414,1.5083775168037283,-1.4352686128019585,1,99.40756529151511
-0.3819716947335683,-0.23092420554859158,0.4485159854941007,-0.21083837148434786,0.4433751665963854,0.2429691698234639,-0.5099194573569178,0.19879340720947553,0.45419620708887987,2.0224706498556713,0.022126091142977783,1.4903253155321066,0.09332417929848837,-0.18473800801674073,1,266.3806689045497
-0.3819716947335683,-0.23092420554859158,0.4485159854941007,-0.21083837148434786,0.4433751665963854,0.2429691698234639,-0.5099194573569178,0.19879340720947553,0.45419620708887987,2.0224706498556713,0.022126091142977783,1.4903253155321066,0.09332417929848837,-0.18473800801674073,1,227.5940515165127
-0.3452919610066298,0.32305158671124995,-0.4492153731915326,-0.3050020747796089,0.42921996567216547,-0.29517409099852504,0.3652873685259969,0.277124579066884,0.5517045309563089,1.3986628734533435,0.2752338435430775,0.03446910099970595,1.3611564809247552,1.436887482815627,1,404.82516493672694
-0.47333829304429026,0.20499449768265973,-0.437377083390207,-0.20869972891856214,0.44545238153071315,-0.20329304400548354,0.465262994903784,0.20699827524138595,0.3901746821019712,2.2578922163574515,0.13495585742025945,0.0121206185421636,-1.5023320712422212,-1.498342730703634,1,234.27268750141954
-0.3819716947335683,-0.23092420554859158,0.4485159854941007,-0.21083837148434786,0.4433751665963854,0.2429691698234639,-0.5099194573569178,0.19879340720947553,0.45419620708887987,2.0224706498556713,0.022126091142977783,1.4903253155321066,0.09332417929848837,-0.18473800801674073,1,448.80544128647176
-0.49733829447588573,0.16199879696760494,-0.2527027884545744,-0.357910276086043,0.5071061272649706,-0.2175501041181239,0.24293495566548948,0.41346158323656196,0.774800161184463,1.3021533124411988,0.04332179412397645,-0.14666649379883587,-1.167002234902077,-1.311790527615882,1,59.52113210169385
-0.3819716947335683,-0.23092420554859158,0.4485159854941007,-0.21083837148434786,0.4433751665963854,0.2429691698234639,-0.5099194573569178,0.19879340720947553,0.45419620708887987,2.0224706498556713,0.022126091142977783,1.4903253155321066,0.09332417929848837,-0.18473800801674073,1,246.05106885241253
-0.45674796495225833,0.2025056753057112,-0.44009878641195804,-0.21126670694252175,0.45784571298788257,-0.2297873708385617,0.43900103837633386,0.2385484024753723,0.428336937426131,1.9528588889729595,4.6193599700928147e-07,-0.0,-1.5099577936073694,-1.5707963267898204,1,181.13866539171534
0.5093222546609102,0.04394171971032538,-0.4978109068271372,0.015873306287710224,-0.4998645462307159,-0.01490791738897287,0.48835319839694286,-0.04490710860906273,0.0896650648146126,11.358470561523507,0.05820994641138362,-1.3111666973915042,-0.1651486773875998,0.0,1,116.32576471468377
-0.45263651804536725,0.25782259938951346,-0.40659213980022,-0.26152767151846945,0.41208045461253495,-0.2483225207963581,0.4471482032330524,0.2520275929253141,0.4673034387548111,1.732519980600609,0.15839845864691696,0.1635266188217963,1.4795676114447516,1.5021365136668496,1,217.72643575563183
-0.45674796495225833,0.2025056753057112,-0.44009878641195804,-0.21126670694252175,0.45784571298788257,-0.2297873708385617,0.43900103837633386,0.2385484024753723,0.428336937426131,1.9528588889729595,4.6193599700928147e-07,-0.0,-1.5099577936073694,-1.5707963267898204,1,108.24107280945029
-0.4029283383506011,0.2740570409143914,-0.42165348757382737,-0.2526528304505159,0.39108338047767716,-0.3105522289254704,0.43349844544675137,0.2891480184615949,0.5128348257859682,1.4259656165668328,0.03507333053384749,-0.0,-1.5352126475644423,1.517219888030411,1,181.18984591770428
-0.36908083371352346,0.3270124032424196,-0.4301988330523311,-0.30043949165089534,0.39600887902020343,-0.2976312129839772,0.4032707877456511,0.27105830139245296,0.5229620929057066,1.328340272109141,0.08433148952106312,-0.18822150530556644,-1.483074151468949,-1.4073551036082708,1,171.7239494384916
-0.4029283383506011,0.2740570409143914,-0.42165348757382737,-0.2526528304505159,0.39108338047767716,-0.3105522289254704,0.43349844544675137,0.2891480184615949,0.5128348257859682,1.4259656165668328,0.03507333053384749,-0.0,-1.5352126475644423,1.517219888030411,1,185.98403141662723
-0.42394145778154463,0.3165802065443985,-0.39763350656926416,-0.3103423206515673,0.38422493731975643,-0.2548157322105584,0.43735002703105236,0.2485778463177272,0.5399630343110791,1.373840382901684,0.14708374447128061,0.006289225252727151,1.5355464503861607,-1.4563560215225644,1,213.6276456661302
-0.4514681591817707,0.2804190655545292,-0.4098095009687449,-0.28596356592464856,0.4146463088839043,-0.21676836638792552,0.4466313512666113,0.2223128667580448,0.5086679640579159,1.585676291137115,0.14613688383242548,0.14613688383288895,1.414347284905532,1.5626883963619884,1,250.22138962661876
-0.42394145778154463,0.3165802065443985,-0.39763350656926416,-0.3103423206515673,0.38422493731975643,-0.2548157322105584,0.43735002703105236,0.2485778463177272,0.5399630343110791,1.373840382901684,0.14708374447128061,0.006289225252727151,1.5355464503861607,-1.4563560215225644,1,251.7027183683783
-0.4514681591817707,0.2804190655545292,-0.4098095009687449,-0.28596356592464856,0.4146463088839043,-0.21676836638792552,0.4466313512666113,0.2223128667580448,0.5086679640579159,1.585676291137115,0.14613688383242548,0.14613688383288895,1.414347284905532,1.5626883963619884,1,217.59732866111915
-0.46100125469435127,0.2648232044971922,-0.3781425088075624,-0.2773622898541735,0.39734379689256866,-0.2623165691867994,0.44179996660934506,0.2748556545437807,0.49854303462828975,1.6348639707606012,0.23422172574404546,0.1322510515370862,-1.5707963267916811,-1.5625092236882456,1,203.6757725892361
-0.46100125469435127,0.2648232044971922,-0.3781425088075624,-0.2773622898541735,0.39734379689256866,-0.2623165691867994,0.44179996660934506,0.2748556545437807,0.49854303462828975,1.6348639707606012,0.23422172574404546,0.1322510515370862,-1.5707963267916811,-1.5625092236882456,1,209.8435513741156
-0.40984656416621673,0.3082031411109289,-0.4002711574068618,-0.2993643364734412,0.38716761060936833,-0.28582302253675007,0.4229501109637102,0.2769842178992623,0.5059801752493398,1.3707064743508763,0.07925207872721103,-0.1152280374887095,-1.4570043196476632,-1.402340053941678,1,188.21034479762443
-0.387343834702996,0.2996002684666513,-0.4328196617902901,-0.2795073792673711,0.40419304490738667,-0.29124201881165046,0.41597045158589946,0.2711491296123703,0.5015010920063968,1.4365764462901212,0.05742799209536,-0.24035975833094111,-1.3947844156662623,-1.3734007669416421,1,173.30632612944393
-0.3722017676631057,0.3196540795472145,-0.43323510712196706,-0.3068892543239221,0.41872525150959516,-0.2824759247639494,0.38671162327547753,0.2697110995406571,0.5337900834230682,1.359778825460759,0.1550176501786605,-0.3076669785751307,-1.3888834006667978,-1.2945219814727222,1,197.52418382344706
-0.40984656416621673,0.3082031411109289,-0.4002711574068618,-0.2993643364734412,0.38716761060936833,-0.28582302253675007,0.4229501109637102,0.2769842178992623,0.5059801752493398,1.3707064743508763,0.07925207872721103,-0.1152280374887095,-1.4570043196476632,-1.402340053941678,1,224.9966416021963
-0.3903669413907532,0.3289720473804772,-0.4039451306594779,-0.2919151309761882,0.3540487511453213,-0.31104855442349727,0.4402633209049098,0.2739916380192083,0.5403108012182408,1.319033245468795,0.12444661656179688,-0.09712929786860357,-1.4702957277361075,-1.4294377750966765,1,151.5508430511533
-0.43036486731222606,0.3079443489115866,-0.3718509467529311,-0.3213674645370905,0.3874311332912548,-0.2727225852586502,0.41478468077390235,0.28614570088415403,0.5318625947414114,1.34297422998409,0.14161974198421376,-0.02889369083024465,-1.513167899312631,-1.42340146563656,1,145.9934047223857
-0.43248859648138677,0.24775110871260972,-0.35959469461739446,-0.34591303806525975,0.49372273189817256,-0.23815568538604603,0.29836055920060855,0.33631761473869604,0.6318897591948058,1.3576219780991183,0.20562798070055188,0.15943911466235408,1.407916505388432,1.4129371160284665,1,191.82177965854967
-0.03636730468882874,0.5271988324041634,-0.4075239982928628,-0.14048154431118232,-0.19948838102657437,-0.2500145103381904,0.643379684008266,-0.13670277775479067,0.8167763638215089,1.352143130473126,0.9298077755284991,0.26625204915302325,1.2818209168271624,-1.5707963267884864,1,110.92969187431507
-0.43248859648138677,0.24775110871260972,-0.35959469461739446,-0.34591303806525975,0.49372273189817256,-0.23815568538604603,0.29836055920060855,0.33631761473869604,0.6318897591948058,1.3576219780991183,0.20562798070055188,0.15943911466235408,1.407916505388432,1.4129371160284665,1,192.74909433226642
-0.40358770801690347,0.29432075701749544,-0.38660505357163716,-0.30303716379986134,0.3979888009744071,-0.30944128954918326,0.3922039606141336,0.31815769633154917,0.5030686041487643,1.2772112878200863,0.01920480319906489,0.29239268564262194,1.3149877621831245,1.2768808087890169,1,178.0634706545514
-0.448019094245563,0.19207990216475382,-0.37702430700201944,-0.2705105875362477,0.49055626181739065,-0.27018578665918513,0.3344871394301919,0.348616472030679,0.5810974003812378,1.5159656512501294,0.09477509030818461,0.31763535129156284,1.4050706154027677,1.2080060265467967,1,197.06704868054354
-0.3276169789857423,0.32791274556696237,-0.44212596294280676,-0.27379012923121204,0.37392026361622094,-0.3562628872905775,0.39582267831232815,0.30214027095482715,0.5733040419328476,1.2247566282875992,0.15480568042049314,0.11635516520737396,1.3671036209661125,1.3019916348191343,1,183.09494927205495
-0.5921110482921795,0.07150286211579007,-0.03223932680739156,-0.4376693612763671,0.47797797705863854,-0.07650413955047379,0.1463723980409325,0.44267063871105083,0.9420421725638753,1.215540615405539,0.26438550908815167,0.2168024058120101,-1.5707963267896883,-1.4205429207354023,1,126.11919739532236
-0.4267080569277695,0.27470813616763406,-0.4383775982205794,-0.27260180671584217,0.4355824286038792,-0.2266210241356573,0.4295032265444697,0.2245146946838654,0.4783270123637358,1.5968283386558666,0.03479291510567892,0.13845275134781748,1.3584616393621076,1.4695808851300076,1,200.8842083807885
-0.4267080569277695,0.27470813616763406,-0.4383775982205794,-0.27260180671584217,0.4355824286038792,-0.2266210241356573,0.4295032265444697,0.2245146946838654,0.4783270123637358,1.5968283386558666,0.03479291510567892,0.13845275134781748,1.3584616393621076,1.4695808851300076,1,205.8674504963347
-0.3276169789857423,0.32791274556696237,-0.44212596294280676,-0.27379012923121204,0.37392026361622094,-0.3562628872905775,0.39582267831232815,0.30214027095482715,0.5733040419328476,1.2247566282875992,0.15480568042049314,0.11635516520737396,1.3671036209661125,1.3019916348191343,1,183.09494927205495
-0.4267080569277695,0.27470813616763406,-0.4383775982205794,-0.27260180671584217,0.4355824286038792,-0.2266210241356573,0.4295032265444697,0.2245146946838654,0.4783270123637358,1.5968283386558666,0.03479291510567892,0.13845275134781748,1.3584616393621076,1.4695808851300076,1,246.68535048321283
-0.3276169789857423,0.32791274556696237,-0.44212596294280676,-0.27379012923121204,0.37392026361622094,-0.3562628872905775,0.39582267831232815,0.30214027095482715,0.5733040419328476,1.2247566282875992,0.15480568042049314,0.11635516520737396,1.3671036209661125,1.3019916348191343,1,183.09494927205495
-0.30977012711519797,-0.057235115674597006,-0.24849749660702974,-0.001918076692771345,0.8620821593110831,-0.0002013614480285054,-0.3038145355888554,0.05935455381539685,0.13662587076553373,10.051081640014887,0.7853981634328038,-0.7853981628974482,1.518213265236441,-0.0,1,113.59753835967848
-0.03636730468882874,0.5271988324041634,-0.4075239982928628,-0.14048154431118232,-0.19948838102657437,-0.2500145103381904,0.643379684008266,-0.13670277775479067,0.8167763638215089,1.352143130473126,0.9298077755284991,0.26625204915302325,1.2818209168271624,-1.5707963267884864,1,67.85590113608083
-0.30977012711519797,-0.057235115674597006,-0.24849749660702974,-0.001918076692771345,0.8620821593110831,-0.0002013614480285054,-0.3038145355888554,0.05935455381539685,0.13662587076553373,10.051081640014887,0.7853981634328038,-0.7853981628974482,1.518213265236441,-0.0,1,20.53682510797791
-0.33541213310562973,0.32964909252506835,-0.47192142765499756,-0.25489167764380133,0.3674867911342634,-0.32008395818967506,0.43984676962636393,0.24532654330840803,0.5924059323643011,1.4032966250960521,0.10213497598529461,0.09148701687234251,1.3273974411911011,1.358229517238716,1,94.38343322476534
-0.2612840546882868,0.39368494558262734,-0.5221507301605623,-0.2211716894925513,0.27152408523674665,-0.3148678702693099,0.5119106996121024,0.14235461417923384,0.732687137829302,1.4593992242192255,0.08278384288663963,0.16261382859919674,1.1244380611581106,1.3212094013640492,1,99.77027567226578
-0.2612840546882868,0.39368494558262734,-0.5221507301605623,-0.2211716894925513,0.27152408523674665,-0.3148678702693099,0.5119106996121024,0.14235461417923384,0.732687137829302,1.4593992242192255,0.08278384288663963,0.16261382859919674,1.1244380611581106,1.3212094013640492,1,103.19757545938076
-0.17478775265421692,0.4374218161454962,-0.5292587400524759,-0.1572432858858863,0.15450840591257894,-0.37263621808741765,0.5495380867941139,0.09245768782780775,0.8738880368920535,1.331752518037993,0.16658339666016259,-0.0,1.3384296075553177,1.4777325980770877,1,124.92260441237619
-0.43771763370128214,0.27843660159723055,-0.34568008635009495,-0.35226374813965167,0.4406934521240209,-0.25711848612165605,0.3427042679273562,0.3309456326640771,0.6001386940378363,1.2857128583216153,0.020206811511444746,0.28360113352700955,1.3116943090192388,1.3649198600322352,1,210.60668120677082
-0.41331982004795764,0.2678350673989582,-0.423898285779394,-0.18602279396608495,0.30264677708235743,-0.3258874213901919,0.5345713287449941,0.24407514795731866,0.569064964964197,1.6143394138212799,0.36314700994634624,0.36314700994949684,1.3745256258687863,1.209406490176176,1,141.5148263499219
-0.44846755810810823,0.16529174793960344,-0.4708045077450275,-0.14482368453307692,0.4259605962917454,-0.23817766165264662,0.4933114695613903,0.2177095982461201,0.4395281911188444,2.1148122838977934,0.07477116640294372,-0.20902294280831502,-1.3299498715501759,-1.4892780309952178,1,171.4949683750005
-0.45127028571608613,0.24748114301700494,-0.3935361591853408,-0.26845484176508194,0.42754331328445694,-0.2643292242703302,0.41726313161696993,0.2853029230184072,0.48664985424387425,1.5870000474740895,0.09273655690318182,0.04252753462001014,-1.5069103201958978,-1.5454049595895327,1,180.54311850366628
-0.29679710333318127,0.4051946962205018,-0.43694140143664933,-0.21103046061300665,0.19362049146285806,-0.3836225650396801,0.5401180133069725,0.18945832943218494,0.77072133162654,1.2386384815954863,0.32019106570604056,0.03507333053353277,-1.562321953383452,1.564386158190995,1,65.04482199246533
-0.21552510893638496,0.3935098864095782,-0.5288183788211288,-0.1782006662703038,0.24509279270916617,-0.3858575735647852,0.49925069504834757,0.17054835342551075,0.8012435827798501,1.3191070023673992,0.07281885365465378,-0.37404443151911304,-1.4359061645170836,-1.3956853388648403,1,73.43775466408098
-0.3816067348093662,0.30987028885610085,-0.37763811949748305,-0.31342199252534647,0.3817782181870401,-0.3368026713849288,0.3774666361198091,0.34035437505417443,0.5169315000671001,1.127338121947842,1.7631291696726156e-07,-0.0,-1.5336512577756716,1.5370253871933572,1,218.77902417279373
-0.3677824581649849,0.3330343101640524,-0.4192573564361809,-0.2840540042142901,0.35611835616446497,-0.32751464155599247,0.4309214584367007,0.27853433560623014,0.561584724938872,1.2870791977779203,0.039583273937705096,-0.0,1.5435657052732947,1.5557031333795364,1,169.68669782873968
-0.543649238936411,0.159919705180097,-0.300566592211111,-0.28126551423664103,0.519001960347737,-0.19125082177951613,0.32521387079978514,0.31259663083606015,0.6310683206709626,1.7893903628998904,0.13641765738840048,0.43733789175286664,1.5276576387060536,1.4631064559687545,1,74.8980363370729
-0.38775723941500595,0.3045189849046647,-0.4057978035406841,-0.2972005938227393,0.39615970254050303,-0.31108407649739866,0.39739534041518704,0.3037656854154732,0.49444815831638245,1.3047257142070787,0.027963046254306945,-0.2427784466563404,-1.340680318156452,-1.3570311514933064,1,166.15949354508845
-0.32598480225479143,0.3118895087319479,-0.40459385547167637,-0.33006601663139173,0.4196578292853962,-0.3450793842265919,0.31092082844107155,0.3632558921260358,0.58384654490652,1.163646245322305,0.2741674511197149,-0.20232162837914494,-1.4721080661432218,-1.5707963267906593,1,175.88204996865235
-0.2932079430240114,0.428856587257858,-0.4218232593624675,-0.2759834997525276,0.2528290276112863,-0.3820268883537751,0.46220217477519254,0.22915380084844458,0.7168416165626287,1.0902003317688247,0.149553119154955,-0.03779711649472324,-1.557581237101632,-1.4550371090702616,1,184.8180810192512
-0.3816067348093662,0.30987028885610085,-0.37763811949748305,-0.31342199252534647,0.3817782181870401,-0.3368026713849288,0.3774666361198091,0.34035437505417443,0.5169315000671001,1.127338121947842,1.7631291696726156e-07,-0.0,-1.5336512577756716,1.5370253871933572,1,218.51329507605098
-0.4520520240743168,0.24020173698305003,-0.3991392372332585,-0.2431428842439563,0.4072182195123572,-0.2783315304589402,0.44397304179521807,0.28127267771984654,0.5014193974942663,1.6011764257199184,0.17462381269271735,0.15264932839719195,-1.570796326787263,1.4813802200541482,1,85.13313005720201
-0.5311055752622466,0.20138144705409247,-0.2593925199839918,-0.34868332185942996,0.4704305673722077,-0.20375740787831853,0.3200675278740307,0.351059282683656,0.7008175089910685,1.4312922153545757,0.19415180993856798,0.32471790474071094,1.5088601422518149,1.5308176396782627,1,85.30391576026415
-0.4520520240743168,0.24020173698305003,-0.3991392372332585,-0.2431428842439563,0.4072182195123572,-0.2783315304589402,0.44397304179521807,0.28127267771984654,0.5014193974942663,1.6011764257199184,0.17462381269271735,0.15264932839719195,-1.570796326787263,1.4813802200541482,1,68.34679158606696
-0.47769548903708436,0.18812495033982907,-0.4072361446787321,-0.19970183992515506,0.4359825134275368,-0.25783139854478376,0.44894912028827966,0.26940828813010986,0.4885638134796841,1.757539564537279,0.20430559850972807,0.09222320015388186,-1.4144735455328183,-1.5707963267924576,1,231.0687080263689
-0.3349918808964411,0.37607753852003956,-0.43442629491278467,-0.3058652616663089,0.34948615119662835,-0.3206915054052551,0.41993202461259743,0.2504792285515245,0.595290429465322,1.2261714652423388,0.022073939750707813,-0.2969837812316687,-1.399691793653653,-1.2537405735822231,1,147.17038971650567
-0.4670904932569531,0.28212998336788947,0.3510716699243189,0.2912914435215574,0.45189313940187964,-0.2070172724973868,-0.3358743160692454,-0.36640415439206003,0.6044114897543792,1.3972780653756682,0.1884352261821575,0.18843522618290262,-1.5707963267875438,-1.5707963267892469,1,145.6122909853714
-0.47769548903708436,0.18812495033982907,-0.4072361446787321,-0.19970183992515506,0.4359825134275368,-0.25783139854478376,0.44894912028827966,0.26940828813010986,0.4885638134796841,1.757539564537279,0.20430559850972807,0.09222320015388186,-1.4144735455328183,-1.5707963267924576,1,245.06385682334235
-0.4670904932569531,0.28212998336788947,0.3510716699243189,0.2912914435215574,0.45189313940187964,-0.2070172724973868,-0.3358743160692454,-0.36640415439206003,0.6044114897543792,1.3972780653756682,0.1884352261821575,0.18843522618290262,-1.5707963267875438,-1.5707963267892469,1,132.73449793985893
-0.40827774824187923,0.2895627822792793,-0.43167137954124657,-0.2694287809282928,0.4001421058868829,-0.271585658789634,0.43980702189624293,0.25145165743864756,0.48902874639187577,1.5530265036064945,0.03386555220607813,0.13874249093630409,1.3928215150795988,1.4351361975588457,1,171.50589784670916
-0.47769548903708436,0.18812495033982907,-0.4072361446787321,-0.19970183992515506,0.4359825134275368,-0.25783139854478376,0.44894912028827966,0.26940828813010986,0.4885638134796841,1.757539564537279,0.20430559850972807,0.09222320015388186,-1.4144735455328183,-1.5707963267924576,1,214.31965905956673
-0.37439305175811566,0.2912169891277973,-0.4640351975736579,-0.2451902949759569,0.3922536862701934,-0.29281108548188206,0.4461745630615802,0.24678439133004157,0.5315880539947352,1.5585034353760379,0.06598796936006518,0.06532746962365597,1.3954389617439942,1.3939789755563587,1,216.27617670920912
-0.4039129392007964,0.2911495401814748,-0.40669681149659004,-0.3078531096128919,0.43056096571753416,-0.27621026514189023,0.3800487849798523,0.29291383457330733,0.502996796313059,1.3936482113680142,0.09316977260159161,-0.17631100449066775,-1.436908254258243,-1.401383282901017,1,149.69493228886367
-0.46235564437732435,0.27000885641474154,-0.36104996512412063,-0.3168985352467348,0.42837376409507805,-0.24290751646972544,0.39503184540636693,0.28979719530171866,0.5404017291941561,1.4681649525820502,0.10841674695450111,-0.0,-1.4933261116117473,-1.422946961531978,1,137.66789024378554
-0.4940137190586867,0.017419786727658176,-0.4904877821228969,-0.01602214944193014,0.4864044472091502,-0.12342021977514947,0.49809705397243337,0.12202258248942145,0.2435064482896278,4.0421261649453095,0.15264932840624643,-0.0,-1.3562510688831209,-1.5707963267911513,1,128.82844605826594
-0.3827485279593419,0.3284786712534675,-0.42250220175767544,-0.2996210292696737,0.3831184246880059,-0.2900487251813922,0.4221323050290115,0.26119108319759843,0.5305146807642291,1.344745915470418,0.007449300020366186,-0.1442426327896818,-1.501642704828551,-1.4063558645550642,1,136.8189561380125
-0.430074433390219,0.254211394169902,-0.41001619859818794,-0.28543680223267376,0.45877912468822835,-0.2531444667873472,0.3813115073001786,0.28436987485011894,0.5064746923418972,1.5599212747542044,0.1059843579900699,-0.0,-1.5707963267904914,-1.5707963267901797,1,126.82563984779073
-0.430074433390219,0.254211394169902,-0.41001619859818794,-0.28543680223267376,0.45877912468822835,-0.2531444667873472,0.3813115073001786,0.28436987485011894,0.5064746923418972,1.5599212747542044,0.1059843579900699,-0.0,-1.5707963267904914,-1.5707963267901797,1,143.19126610850915
-0.30991492895071165,0.3641576665077841,-0.5063650519292946,-0.2391892034125351,0.31165778395503924,-0.28400420308434643,0.504622196924967,0.15903573998909742,0.6552833853511828,1.5597758774215562,0.09599439293900539,-0.21320451939158624,1.5239556138867223,-1.4256700046139614,1,94.57143564018192
-0.39759667994647374,0.26548518383314446,-0.4226428786172812,-0.25896861052634695,0.41210673004451204,-0.3109246299945614,0.40813282851924293,0.3044080566877639,0.5136487194048808,1.3565825881321096,0.054178519212686335,0.21452450542411608,1.370712601380487,1.2602812546596,1,160.45910883400626
-0.4440792779763228,0.2951436340163765,-0.3224895402976738,-0.38826804819317395,0.43651363367842816,-0.2337194314459937,0.3300551845955683,0.3268438456227912,0.6297224647343438,1.2314057691807496,0.01160489487663066,0.09697116385122093,1.4490241934903445,-1.5326204389908815,1,157.93298920444255
-0.3588344382182687,0.3186012761475451,-0.44578851110452034,-0.2298190033066917,0.3225006709555349,-0.34254980376205596,0.4821222783672542,0.25376753092120263,0.6134892205190341,1.4034776886375917,0.10430248491417095,0.22006170263636815,1.3391798973009659,1.2704328852580589,1,75.05051968139342
-0.39590707830496324,0.30411875623321577,-0.4024237286567466,-0.26780727082850714,0.3556171302051074,-0.32959239026631987,0.44271367675660245,0.29328090486161124,0.5355729941341363,1.3336319079783905,0.12753575320124838,0.0048076552667141725,-1.5056711634569029,1.567517650021923,1,162.2343027184421
-0.24632454511195334,0.40265184774644874,-0.4765537647755617,-0.15535737185620976,0.145937333973905,-0.389373064909169,0.57694097591361,0.14207858901893008,0.8343940799774939,1.330128287451034,0.29009543031150214,0.3496579213132171,1.1894150592714579,1.1363611845172037,1,148.6627111384668
-0.4923401781273352,0.29559965432736696,0.41012892455464073,0.2696664614920292,0.39660925056465424,-0.20081506123317147,-0.31439799699195975,-0.36445105458622473,0.5956753709978512,1.367272378462243,0.2549356598092526,-0.0,-1.5707963267858056,-1.2787400119991699,1,141.01118009964162
-0.304426160722545,0.3515418050896365,-0.5098142013162155,-0.25348372236589584,0.3710707958940022,-0.2946690837590951,0.4431695661447583,0.19661100103535442,0.6158284874293689,1.4747256412821808,0.18154661777237943,-0.7066142024113155,-1.144725007133754,-0.9870994016956302,1,171.77589208115296
-0.4359555828262475,0.26922052835040605,-0.3977443759811453,-0.32588891009919646,0.4924854673384191,-0.2088197138943199,0.34121449146897376,0.2654880956431103,0.552524031997054,1.5601181735303509,0.24461132281201167,-0.30564652940299103,-1.3317832901352742,-1.1962265553981501,1,203.64048895937069
-0.3794423031673763,0.3127585845922091,-0.4543603636813996,-0.3191912968740532,0.48415465452574885,-0.21265285233036457,0.3496480123230271,0.21908556461220866,0.5930944545103145,1.4851098888247083,0.4200159609397473,-0.43686829798272897,-1.364962148688139,-1.1241486255566857,1,192.7315020558936
-0.3001356405196018,0.3693998027281618,-0.44473242283331843,-0.1867708553358104,0.055398085102184,-0.24243964988687747,0.6894699782507362,0.059810702494526045,0.6939497762339312,1.8537581979004527,0.8716216393981612,-0.13725312514068963,1.5645464081794473,-1.3847030816109445,1,222.71389290904312
-0.3392996291032612,0.3309507632099911,-0.4323702742656469,-0.30941777057381736,0.40701063869627907,-0.32205259382022483,0.3646592646726291,0.3005196011840511,0.5481185539912251,1.2854159230962205,0.21225041659503066,-0.09334495938279037,1.5348640867189334,1.563014382723296,1,177.37722035936497
-0.30068271697710186,0.3616457554817745,-0.5015955438751791,-0.2174718099313124,0.28387871918285007,-0.31723172410317785,0.518399541669431,0.17305777855271567,0.6924516928635629,1.5024730031819704,0.11222630277676987,0.0897581741908433,1.2734311815783452,1.3734007669521384,1,81.52665782240278
-0.47497565465467306,-0.08328709446276693,0.5020104681244331,-0.20400642299782404,0.4456288337081845,0.21632238486217847,-0.47266364717794457,0.0709711325984125,0.4106554122835077,2.324337767266496,0.2799217543780894,1.4628432634476898,-0.14832783412344475,-0.0,1,200.59760135844286
-0.4747121149801293,-0.23015979458585237,0.20751339431765847,-0.362724045316388,0.5154738353064897,0.14822771056201733,-0.2482751146440189,0.44465612934022314,0.799456505484933,1.2264184598138756,0.1783058128878627,-1.22029969937509,-0.0,-0.218668945876081,1,97.59673071172973
-0.4747121149801293,-0.23015979458585237,0.20751339431765847,-0.362724045316388,0.5154738353064897,0.14822771056201733,-0.2482751146440189,0.44465612934022314,0.799456505484933,1.2264184598138756,0.1783058128878627,-1.22029969937509,-0.0,-0.218668945876081,1,73.31005332214558
-0.4747121149801293,-0.23015979458585237,0.20751339431765847,-0.362724045316388,0.5154738353064897,0.14822771056201733,-0.2482751146440189,0.44465612934022314,0.799456505484933,1.2264184598138756,0.1783058128878627,-1.22029969937509,-0.0,-0.218668945876081,1,196.7126131867074
-0.4747121149801293,-0.23015979458585237,0.20751339431765847,-0.362724045316388,0.5154738353064897,0.14822771056201733,-0.2482751146440189,0.44465612934022314,0.799456505484933,1.2264184598138756,0.1783058128878627,-1.22029969937509,-0.0,-0.218668945876081,1,78.64652567209252
-0.3449741265603968,0.3563434661088278,-0.4532737089920816,-0.25910151088451516,0.31672884706574783,-0.31742931099726157,0.4815189884867306,0.22018735577294887,0.6298378717987916,1.387400514300719,0.12324119541569983,0.20202515640596072,1.2701906567616246,1.3578579772241062,1,66.18190760894258
-0.42483117572731155,0.18053330562290495,0.4897660915889425,0.07388246625124502,0.47005887127026624,-0.09511920270936716,-0.5349937871318972,-0.15929656916478283,0.348244021273149,3.0155085080764867,0.17985349979307305,-0.0,-1.5707963267360732,1.3734007669724884,1,67.8530790514174
-0.4195956178436665,0.24800820298774512,-0.4342236515881565,-0.23282474978920314,0.4099134478063734,-0.2855100808269412,0.4439058216254496,0.2703266276283992,0.48809659598867283,1.579833537180211,0.030666356796610974,0.1315881414598335,1.4711276743119854,1.3829546163905893,1,80.89067162495718
-0.4195956178436665,0.24800820298774512,-0.4342236515881565,-0.23282474978920314,0.4099134478063734,-0.2855100808269412,0.4439058216254496,0.2703266276283992,0.48809659598867283,1.579833537180211,0.030666356796610974,0.1315881414598335,1.4711276743119854,1.3829546163905893,1,87.65646481056292
-0.4195956178436665,0.24800820298774512,-0.4342236515881565,-0.23282474978920314,0.4099134478063734,-0.2855100808269412,0.4439058216254496,0.2703266276283992,0.48809659598867283,1.579833537180211,0.030666356796610974,0.1315881414598335,1.4711276743119854,1.3829546163905893,1,82.12331079062349
-0.4195956178436665,0.24800820298774512,-0.4342236515881565,-0.23282474978920314,0.4099134478063734,-0.2855100808269412,0.4439058216254496,0.2703266276283992,0.48809659598867283,1.579833537180211,0.030666356796610974,0.1315881414598335,1.4711276743119854,1.3829546163905893,1,83.61063595122405
-0.4308111035863484,0.2675978613906786,-0.41643971133041696,-0.27693051400616125,0.4313525580300931,-0.25379130681834017,0.41589825688667237,0.26312395943382283,0.46947257798619163,1.5833218259528097,0.003502021508529453,0.003164546398363819,1.5667313085372971,-1.542290811869322,1,269.9655041812756
-0.4308111035863484,0.2675978613906786,-0.41643971133041696,-0.27693051400616125,0.4313525580300931,-0.25379130681834017,0.41589825688667237,0.26312395943382283,0.46947257798619163,1.5833218259528097,0.003502021508529453,0.003164546398363819,1.5667313085372971,-1.542290811869322,1,269.5786926130009
-0.42719165319331137,0.29618617289388643,-0.35422866920558943,-0.34278437505412385,0.4125805242408238,-0.27624286814090915,0.3688397981580769,0.3228410703011466,0.5589737296015614,1.2616287182139134,0.04081252672345457,0.20023243167296784,1.39769948094118,1.4507875562427954,1,219.49250216681307
-0.4909163598648994,0.24460731471718705,-0.2752725881815511,-0.3792602883166915,0.4447847875846074,-0.22366764701324465,0.3214041604618432,0.3583206206127491,0.6901553028221277,1.268608143352879,0.12389444020843264,0.11998821007677653,-1.570796326791742,-1.4970665817221172,1,193.0135667318448
-0.40902537987658,0.25282732420733894,-0.4469400375522819,-0.24630343819458342,0.4352623973726773,-0.2696170966282946,0.4207030200561846,0.26309321061553903,0.46995833016013316,1.656064136414682,0.10313973122981569,-0.046973966296685946,1.568375024023072,1.5295825641391494,1,250.5035722018329
-0.5266934246837167,0.1983360987671519,-0.24484376755707526,-0.37020190832008154,0.47965440487581584,-0.19355418523131063,0.29188278736497614,0.3654199947842403,0.7402915055654871,1.3680231995713399,0.13615914179003752,0.419650862137966,1.372228434545391,1.410033586174329,1,120.88081580626675
-0.533266958858103,0.22137328918023463,-0.3240865387033981,-0.3122810455795838,0.4817885994149706,-0.16283357233190762,0.3755648981465306,0.25374132873125677,0.5745441571511409,1.7933134878439259,0.12389879019943945,0.26299473168285054,1.4980084781961522,-1.4958197657279837,1,110.91266013762123
-0.3691367384138981,0.28549954214768253,-0.4696943690994822,-0.25786028445948983,0.4271525625401203,-0.28103008219749204,0.41167854497326,0.25339082450929934,0.5080903552769064,1.583053900625632,0.21194258991906934,-0.07677189127036627,1.490401262978367,1.5056711634659226,1,126.17148106563708
-0.47232514718099394,0.2558918445296428,-0.3805506745298815,-0.31140418358738314,0.47413257797547687,-0.19568060199283235,0.3787432437353985,0.2511929410505727,0.5369217082619416,1.6683665639224756,0.049917364420307496,-0.10810403523324738,-1.436887482805449,-1.2967854191880477,1,120.17653982060078
-0.40902537987658,0.25282732420733894,-0.4469400375522819,-0.24630343819458342,0.4352623973726773,-0.2696170966282946,0.4207030200561846,0.26309321061553903,0.46995833016013316,1.656064136414682,0.10313973122981569,-0.046973966296685946,1.568375024023072,1.5295825641391494,1,250.29649332325823
-0.35690456305492824,0.30864672912479996,-0.3784336631731621,-0.31887858249376283,0.3874223196206416,-0.35631654588324424,0.34791590660744875,0.36654839925220706,0.5536104429839,1.0594731255785224,0.08889272197956508,-0.3464189891064167,-1.2098268913746422,-1.3406387127415729,1,136.30602673322906
-0.3234390567058509,0.33840311966721176,-0.4750775533758569,-0.2320907939606541,0.327086782173585,-0.3416199264537789,0.4714298279081228,0.23530760074722126,0.6436468325967338,1.3918754469912125,0.014635073637753637,0.14116013506253655,1.3055439440923784,1.2988223609626948,1,142.93697501946414
-0.30619976719015646,0.32892138340397187,-0.46684842818326133,-0.2000744861224973,0.3000300357037637,-0.3945826587551519,0.4730181596696541,0.2657357614736774,0.6799972754018876,1.2990481505094424,0.03861622305657575,0.135527713987022,1.3888316408434487,1.2213450512145638,1,88.4337501847175
-0.4730470394742085,0.20742479139603437,-0.2666494675574338,-0.36730349741894974,0.457645500635559,-0.2557799358396205,0.2820510063960833,0.4156586418625358,0.7286970222176634,1.188681410526251,0.08898698188773434,-0.1798534997944783,-1.1989402529376356,-1.3152472328450815,1,70.74563767631223
-0.3389233065276582,0.2751906461036733,-0.4921690483777794,-0.2160263002333339,0.395918940008413,-0.32337244508024493,0.43517341489702466,0.26420809920990557,0.5550729714038758,1.5492810648257347,0.23569557276165773,0.2082059495249369,1.1804767220109669,1.0743735733926993,1,208.02808881516444
-0.4231684422588704,0.2623416821106208,-0.42047667646147074,-0.23872680072559363,0.3853557288757766,-0.2942142010028068,0.45828938984456463,0.27059931961777967,0.49785930142893087,1.5606174426117438,0.133790133165194,-0.009258994662165945,-1.4874166021821433,-1.5655332174946697,1,191.19860789704182
-0.38899079660003383,0.28521903941694954,-0.467263296495585,-0.23945572265239215,0.39023782768402593,-0.2690100455984641,0.4660162654115929,0.22324672883390673,0.5172506776594014,1.683923827060109,0.004651129255480715,-0.0,1.4571575998488693,1.495060704586931,1,182.41380513906756
-0.38395431836310584,0.29800623243993385,-0.4142521357526437,-0.2840815313215184,0.39540423498360183,-0.31742421052940173,0.40280221913214764,0.3034995094109863,0.5073284294285586,1.3158691295659195,0.040089409635747225,-0.2138905287254085,-1.36775110953861,-1.4158911935156242,1,196.12136807997024
-0.4018831992473586,0.29736304272492803,-0.36004509376198107,-0.3369961166511137,0.40680956206795515,-0.30765677467795954,0.3551187309413845,0.3472898486041452,0.5533771067715901,1.1818052720307475,0.012902509781363296,-0.0,-1.5431790409078336,-1.5707963267893101,1,330.11910203786033
-0.47383178176216373,0.2227004660549485,-0.3889751421592593,-0.23732295631261935,0.4186144160646895,-0.26251478791497734,0.44419250785673353,0.27713727817264816,0.4954137046114626,1.701141063490034,0.2297730281945976,0.1231826621418569,-1.4803841482809355,-1.5707963267924927,1,242.47927006972535
-0.4231684422588704,0.2623416821106208,-0.42047667646147074,-0.23872680072559363,0.3853557288757766,-0.2942142010028068,0.45828938984456463,0.27059931961777967,0.49785930142893087,1.5606174426117438,0.133790133165194,-0.009258994662165945,-1.4874166021821433,-1.5655332174946697,1,245.52102205402488
-0.47383178176216373,0.2227004660549485,-0.3889751421592593,-0.23732295631261935,0.4186144160646895,-0.26251478791497734,0.44419250785673353,0.27713727817264816,0.4954137046114626,1.701141063490034,0.2297730281945976,0.1231826621418569,-1.4803841482809355,-1.5707963267924927,1,238.88684942899835
-0.4231684422588704,0.2623416821106208,-0.42047667646147074,-0.23872680072559363,0.3853557288757766,-0.2942142010028068,0.45828938984456463,0.27059931961777967,0.49785930142893087,1.5606174426117438,0.133790133165194,-0.009258994662165945,-1.4874166021821433,-1.5655332174946697,1,206.80584291368316
-0.4773933671547507,-0.19737438270477484,0.32273486433249543,-0.2530549193127585,0.5498292051558596,0.1750697393960318,-0.39517070233360435,0.2753595626215015,0.5427992833786891,1.9439712714732278,0.03625353879230874,-1.5707963267887617,0.41822432958335287,0.10272986741972112,1,131.24602054290878
-0.4566564337289673,0.30275319751166685,0.4342790979562757,0.14310501748948043,0.4433194671237529,-0.12909728944626161,-0.42094213135106123,-0.31676092555488566,0.5575477809978036,1.4527124844190815,0.3911281727117971,0.21050956212910268,-1.5707963267671188,-1.5464109176099903,1,156.979297594038
0.38029313503414325,0.216754235781394,-0.5882162157760022,0.2362794713081292,-0.24027764534161644,-0.3770682070108347,0.44820072608347555,-0.07596550007868844,0.6356839250599513,1.6897707099830281,0.43243785799684203,1.3226828776856907,-0.2880554470455817,0.0,1,101.96093621620062
-0.4566564337289673,0.30275319751166685,0.4342790979562757,0.14310501748948043,0.4433194671237529,-0.12909728944626161,-0.42094213135106123,-0.31676092555488566,0.5575477809978036,1.4527124844190815,0.3911281727117971,0.21050956212910268,-1.5707963267671188,-1.5464109176099903,1,209.76880136851864
-0.6293898281729357,0.08711004456433893,-0.05189197926362282,-0.39070311648793726,0.4784939100175037,-0.09797821422291737,0.20278789741905473,0.4015712861465157,0.8777479268632551,1.3983586173004319,0.37527082285625174,0.37527082285940194,-1.5707963267832687,-1.4277794518223121,1,95.8898294573425
-0.4773933671547507,-0.19737438270477484,0.32273486433249543,-0.2530549193127585,0.5498292051558596,0.1750697393960318,-0.39517070233360435,0.2753595626215015,0.5427992833786891,1.9439712714732278,0.03625353879230874,-1.5707963267887617,0.41822432958335287,0.10272986741972112,1,186.66180979395548
-0.4382676383941151,0.26582799440239696,-0.4103564609393068,-0.26071086273046523,0.4022047111134828,-0.2669658115851411,0.44641938821993904,0.26184867991320937,0.4713557680175003,1.6604679271266654,0.13637612217910042,0.05473978005013016,-1.5648792360859107,-1.5680789421764028,1,215.33519854812548
-0.43811963925504993,0.30970703258299787,-0.34938042188247675,-0.3592748786653947,0.4108765449993622,-0.2482493388623065,0.3766235161381645,0.2978171849447033,0.5679630899851091,1.2690869065055788,0.0692334967570771,-0.07428167941290699,-1.509648164141529,-1.350044050597947,1,168.76473280517695
-0.29234598513670035,0.36791152201419275,-0.47676228410261595,-0.23147390052250197,0.3016550506543423,-0.3677823276733304,0.4674532185849741,0.23134470618163971,0.694653538106873,1.2834353625337955,0.028507144413213014,0.009389395426445856,1.436275323882394,1.4407649504569866,1,150.21363123950096
-0.4382676383941151,0.26582799440239696,-0.4103564609393068,-0.26071086273046523,0.4022047111134828,-0.2669658115851411,0.44641938821993904,0.26184867991320937,0.4713557680175003,1.6604679271266654,0.13637612217910042,0.05473978005013016,-1.5648792360859107,-1.5680789421764028,1,190.2047949472979
-0.4382676383941151,0.26582799440239696,-0.4103564609393068,-0.26071086273046523,0.4022047111134828,-0.2669658115851411,0.44641938821993904,0.26184867991320937,0.4713557680175003,1.6604679271266654,0.13637612217910042,0.05473978005013016,-1.5648792360859107,-1.5680789421764028,1,172.9250221258722
-0.4382676383941151,0.26582799440239696,-0.4103564609393068,-0.26071086273046523,0.4022047111134828,-0.2669658115851411,0.44641938821993904,0.26184867991320937,0.4713557680175003,1.6604679271266654,0.13637612217910042,0.05473978005013016,-1.5648792360859107,-1.5680789421764028,1,215.49800851193785
-0.33790566206586736,0.3483497173716717,-0.45813062521744113,-0.25615122313470473,0.3323623674246169,-0.32829296663432705,0.4636739198586916,0.2360944723973601,0.6237323015092431,1.3623210105792862,0.03227394416593864,0.12203211835413881,1.3434525196739764,1.3915805820250102,1,94.72618614462189
-0.3428616354305878,0.3150783777552411,-0.4755913098797814,-0.2356536928032635,0.35864498786124643,-0.3210022574343986,0.4598079574491228,0.24157757248242095,0.594989360118493,1.470567119293022,0.05857752391271829,0.28770798355105476,1.148545173349654,1.1379082438708024,1,83.47819511064833
-0.3428616354305878,0.3150783777552411,-0.4755913098797814,-0.2356536928032635,0.35864498786124643,-0.3210022574343986,0.4598079574491228,0.24157757248242095,0.594989360118493,1.470567119293022,0.05857752391271829,0.28770798355105476,1.148545173349654,1.1379082438708024,1,98.28082257742267
-0.36972826403266307,0.34372409329911685,-0.4323033514733564,-0.24767326233668735,0.29323102112905475,-0.31954997075612196,0.5088005943769647,0.2234991397936925,0.6242098388625639,1.418876444672717,0.2724675710916569,0.42746431301941723,1.1366604423530169,1.1739186164937467,1,92.87183779638058
-0.36972826403266307,0.34372409329911685,-0.4323033514733564,-0.24767326233668735,0.29323102112905475,-0.31954997075612196,0.5088005943769647,0.2234991397936925,0.6242098388625639,1.418876444672717,0.2724675710916569,0.42746431301941723,1.1366604423530169,1.1739186164937467,1,227.8609289137776
-0.32322204023280415,0.373809041777102,-0.4232959576180194,-0.2615110314831055,0.2930320606744195,-0.380497675802869,0.453485937176404,0.26819966550887253,0.661362473095929,1.1623678728560014,0.08624732261395168,-0.22537333227072198,-1.3370531459218984,-1.3665148773060602,1,146.89993739478209
-0.3680354604035489,0.3470700540280562,-0.39516763398801397,-0.2890312293819325,0.32593794954051886,-0.34939041642405705,0.43726514485104395,0.29135159177793335,0.5797565247700103,1.1952333465511362,0.12940191613062318,-0.3857465038233428,-1.1441688336642535,-1.1585982896089282,1,151.01274131753925
-0.3483500545931349,0.30643775119194716,-0.4883145941852227,-0.20126882259666792,0.31501183461911036,-0.30645795250028274,0.5216528141592471,0.20128902390500344,0.6190046854435015,1.647861785064221,0.11750763782917811,0.008695433011816368,1.4233038070096944,1.4133794540708864,1,253.82194184315708
-0.3483500545931349,0.30643775119194716,-0.4883145941852227,-0.20126882259666792,0.31501183461911036,-0.30645795250028274,0.5216528141592471,0.20128902390500344,0.6190046854435015,1.647861785064221,0.11750763782917811,0.008695433011816368,1.4233038070096944,1.4133794540708864,1,222.7929668149616
-0.4376363269321079,0.2581586728005708,-0.41092992974951864,-0.24111186556445094,0.3859191026579406,-0.2839403297376323,0.4626471540236859,0.26689352250151244,0.4959066179221466,1.6344011489056693,0.19184370714012433,0.11012951673791635,1.5678023237680099,1.5044046855265067,1,196.72104271866152
-0.4376363269321079,0.2581586728005708,-0.41092992974951864,-0.24111186556445094,0.3859191026579406,-0.2839403297376323,0.4626471540236859,0.26689352250151244,0.4959066179221466,1.6344011489056693,0.19184370714012433,0.11012951673791635,1.5678023237680099,1.5044046855265067,1,196.72104271866152
-0.36331189647347767,0.32208668004268015,-0.4454270368669819,-0.26389356975412487,0.3642362675596257,-0.3156935522985497,0.4445026657808339,0.2575004420099944,0.5675795725220856,1.3953547907575774,9.747178723055582e-05,0.004366784470425397,1.4910933252121354,1.5069853140420841,1,165.78038668542547
-0.504643414770414,-0.17472996956341125,0.48779483635691134,-0.21140321089105882,0.4309731962610595,0.20690187459201678,-0.41412461784755694,0.17923130586245326,0.41514196747448984,2.372522557265154,0.0696666141243239,-1.357367155615864,-0.38537646848281437,-0.0,1,151.84778875639273
-0.3630684274274386,0.3365751870258988,-0.45536604071455444,-0.276487668206507,0.368420628525029,-0.28601575831681414,0.4500138396169641,0.2259282394974223,0.5636813155898724,1.454213054501043,0.008620476114712635,0.008620476112173477,1.4243121484045442,1.547998974095751,1,198.6423883246572
-0.4372998368871726,0.1875081734644273,-0.46995457047303213,-0.16499811661420363,0.4226094332517064,-0.24768157665532214,0.4846449741084983,0.2251715198050985,0.45138535053508405,2.018807853278875,0.038076825590603984,-0.0,-1.570796326792365,1.437594705204949,1,264.14469149569686
-0.4202215451906742,0.2681201604682752,-0.3951379757962616,-0.3253608163326562,0.48055896706916695,-0.2405127002442929,0.3348005539177688,0.2977533561086739,0.5612891034480683,1.4456106955979324,0.22221032106498187,-0.0,1.5164457619285678,-1.5677842877079338,1,241.08804648164923
-0.4372998368871726,0.1875081734644273,-0.46995457047303213,-0.16499811661420363,0.4226094332517064,-0.24768157665532214,0.4846449741084983,0.2251715198050985,0.45138535053508405,2.018807853278875,0.038076825590603984,-0.0,-1.570796326792365,1.437594705204949,1,203.75632121897465
-0.3910012905049053,0.3324063314734343,-0.4153645391382873,-0.3252726143933904,0.4075614083302621,-0.26155652363672854,0.3988044213129305,0.2544228065566846,0.5412210696575734,1.2512578555847311,0.05399731316495753,0.15486802523073961,1.3016288340124005,1.4773195456397492,1,179.0179981503655
-0.40529756484459883,0.33120191201440513,0.4642651192636201,0.15455114673287024,0.3950510767264105,-0.18615470025689973,-0.45401863114543173,-0.2995983584903756,0.5792536381581744,1.4557440656679177,0.33324430111177544,-0.0,-1.5707963267799712,-1.4474586258870332,1,238.90650738955026
-0.4000917789479015,0.3190820014455577,-0.4040594968092728,-0.29318360355342366,0.3677133248764121,-0.2983138819835031,0.4364379508807621,0.272415484091369,0.51891966423646,1.3613590084563765,0.11335814951353196,-0.07966298504612045,-1.4909663410793472,-1.4418855551078698,1,182.73783087445057
-0.3472662042818125,0.2785433792612912,-0.5090207944089747,-0.19796729083020662,0.3675486239357523,-0.29160767031478124,0.48873837475503484,0.21103158188369667,0.56887343752301,1.749990936447243,0.09065988720219446,-0.0,1.3499675570720246,1.3241256179122594,1,77.0119374311043
-0.40809392175039383,0.22640012813042185,-0.3866740768523486,-0.2849437393622285,0.45837650421560144,-0.30726245889560755,0.33639149438714083,0.36580607012741423,0.5831939750468835,1.2873435446814037,0.13742614549706267,-0.0,-1.5025265197352333,1.4275533779863496,1,191.79876254584406
-0.5707988633234452,-0.05274364127623599,-0.0749881600469016,0.40578580104534107,0.5480618661835323,0.07732929598416377,0.0977251571868145,-0.43037145575326885,0.9355435183242459,1.3380984502732804,0.09885032206895186,-0.0,-1.2315037123333794,-1.2605395191063629,1,106.20207333421136
-0.40809392175039383,0.22640012813042185,-0.3866740768523486,-0.2849437393622285,0.45837650421560144,-0.30726245889560755,0.33639149438714083,0.36580607012741423,0.5831939750468835,1.2873435446814037,0.13742614549706267,-0.0,-1.5025265197352333,1.4275533779863496,1,214.77299908428856
-0.4613560661304292,0.2947655459874624,-0.3610670617031496,-0.335817101884017,0.41561883118187204,-0.2224247730395756,0.4068042966517067,0.2634763289361301,0.5530051528640096,1.3907374398463304,0.1395822439245054,0.1395822439250174,1.4439640458277785,-1.5166324887520102,1,73.39793793233314
-0.591502053698479,0.16010775803727725,-0.20521531752243768,-0.3343825505491987,0.48585104767413817,-0.16054268604280972,0.3108663235467785,0.33481747855473115,0.7209647267937646,1.609911916494103,0.3235955707535418,0.5346889039802961,1.4528281067271573,1.5080217715332631,1,67.85411889724587
-0.4794157347632191,0.18400029298657022,-0.41255782389427204,-0.2268041342084124,0.4979834639195586,-0.21368164175711707,0.39399009473793245,0.2564854829789592,0.47236688457064335,2.0223881579972773,0.05634495499431624,0.28805544705398867,1.4296643829878783,1.3612734673552231,1,81.97764543447694
-0.4949479682169858,0.14442712712131484,-0.42291787583043866,-0.18040147973415954,0.5075532343846315,-0.2012721333210228,0.4103126096627929,0.23724648593386757,0.43961544316622836,2.2861086361738048,6.41615693021159e-07,-0.0,-1.3301528966185057,-1.4547555775439398,1,159.89699984248188
-0.4949479682169858,0.14442712712131484,-0.42291787583043866,-0.18040147973415954,0.5075532343846315,-0.2012721333210228,0.4103126096627929,0.23724648593386757,0.43961544316622836,2.2861086361738048,6.41615693021159e-07,-0.0,-1.3301528966185057,-1.4547555775439398,1,93.57473063758384
-0.4949479682169858,0.14442712712131484,-0.42291787583043866,-0.18040147973415954,0.5075532343846315,-0.2012721333210228,0.4103126096627929,0.23724648593386757,0.43961544316622836,2.2861086361738048,6.41615693021159e-07,-0.0,-1.3301528966185057,-1.4547555775439398,1,107.77625965918737
-0.5656130131148148,0.1773067336190842,0.23320597693170017,0.33495370157298593,0.5193647567027542,-0.10419780624808905,-0.18695772051963955,-0.4080626289439811,0.8061562012223327,1.4602340826919324,0.2114264444696976,0.21142644447058698,-1.3995575906821585,-1.40290040353903,1,106.2551546751136
-0.4302157462182918,0.2528094211688509,-0.4248543790509268,-0.2425829532440042,0.40885252950697437,-0.2746788583431847,0.44621759576224423,0.26445239041833796,0.472512602118201,1.625640034766774,0.08001746227572128,0.08001746227584602,1.5400797339231387,1.4883172003078275,1,201.49306936864397
-0.44224912679090034,0.2351682749177658,-0.4401846579863518,-0.23626879665880554,0.44224902042432906,-0.23416093029317236,0.4401847643529231,0.23526145203421214,0.4170676313249105,1.875803619527849,1.8341882834449004e-05,0.004273478258367751,1.5685132257412835,-1.5707963267926135,1,250.42934201005772
-0.44224912679090034,0.2351682749177658,-0.4401846579863518,-0.23626879665880554,0.44224902042432906,-0.23416093029317236,0.4401847643529231,0.23526145203421214,0.4170676313249105,1.875803619527849,1.8341882834449004e-05,0.004273478258367751,1.5685132257412835,-1.5707963267926135,1,229.14585027515682
-0.4778776232804949,0.25345812349543195,-0.3859619096079351,-0.2738550361491716,0.41779909728112924,-0.22401576975783316,0.4460404356073007,0.24441268241157282,0.48719415088483237,1.752124031022655,0.2327923005265957,0.11379200714424527,1.5676516830755995,-1.5022226962427667,1,204.80059005961064
-0.3870721455526314,-0.29710112472633354,0.4168810536266043,-0.29413586957290755,0.38854693759654524,0.3159829900851589,-0.41835584567051814,0.2752540042140822,0.512070475063472,1.3623528633651456,0.04674457564595813,1.4550371090786751,0.0730405653035631,0.06484402755362663,1,156.43845446071975
-0.4778776232804949,0.25345812349543195,-0.3859619096079351,-0.2738550361491716,0.41779909728112924,-0.22401576975783316,0.4460404356073007,0.24441268241157282,0.48719415088483237,1.752124031022655,0.2327923005265957,0.11379200714424527,1.5676516830755995,-1.5022226962427667,1,192.84543134710998
-0.4641551661944527,0.2656071351124464,-0.29369955775468537,-0.3718428441998378,0.42105675202157933,-0.25762450272700765,0.3367979719275588,0.3638602118143991,0.6512531134517595,1.2032190310745452,0.1265341294795123,-0.04950905852481709,-1.418458816283819,-1.3820585592711496,1,158.55441037071822
-0.3870721455526314,-0.29710112472633354,0.4168810536266043,-0.29413586957290755,0.38854693759654524,0.3159829900851589,-0.41835584567051814,0.2752540042140822,0.512070475063472,1.3623528633651456,0.04674457564595813,1.4550371090786751,0.0730405653035631,0.06484402755362663,1,264.7745927444304
-0.47110109028041014,0.2554113962933438,-0.3141725894561748,-0.34050796222730556,0.42571035805603347,-0.2608020829906676,0.35956332168055144,0.34589864892462935,0.6155773070948768,1.3065309013143172,0.14889409411392598,0.3246323908006069,1.3963427070218646,1.3951507973595498,1,166.9625421252108
-0.4440579403661076,0.27012868034361687,-0.3708222521544145,-0.3151562316101349,0.4345428121701209,-0.2590112942548426,0.38033738035040127,0.3040388455213606,0.54402526073446,1.4189401450128845,0.02850600628807399,0.004587123789418325,-1.5205032030486352,-1.4920123658024838,1,169.53840121401342
0.49665214072325065,0.043808085416359596,-0.4755623320233699,0.07873023747952414,-0.5159773582187928,-0.07550607968419078,0.49488754951891195,-0.047032243211692956,0.15618424456815874,6.565441379588847,0.0640651271124338,1.5543143029544018,0.23684876093905508,0.0,1,75.60261184361893
-0.4093137798210178,0.3030764884292408,-0.3343430360803523,-0.3579678167024364,0.39592884606084133,-0.3053453567215466,0.34772796984052884,0.3602366849947422,0.5783288788668082,1.1211884971188597,0.040637119564837204,0.044685680440641515,1.5671063066463862,1.5636790092572452,1,208.03237311261472
-0.4093137798210178,0.3030764884292408,-0.3343430360803523,-0.3579678167024364,0.39592884606084133,-0.3053453567215466,0.34772796984052884,0.3602366849947422,0.5783288788668082,1.1211884971188597,0.040637119564837204,0.044685680440641515,1.5671063066463862,1.5636790092572452,1,137.7245070261177
-0.4778776232804949,0.25345812349543195,-0.3859619096079351,-0.2738550361491716,0.41779909728112924,-0.22401576975783316,0.4460404356073007,0.24441268241157282,0.48719415088483237,1.752124031022655,0.2327923005265957,0.11379200714424527,1.5676516830755995,-1.5022226962427667,1,160.94853248105704
-0.3870721455526314,-0.29710112472633354,0.4168810536266043,-0.29413586957290755,0.38854693759654524,0.3159829900851589,-0.41835584567051814,0.2752540042140822,0.512070475063472,1.3623528633651456,0.04674457564595813,1.4550371090786751,0.0730405653035631,0.06484402755362663,1,174.90738202947497
-0.3914285523167225,0.3163101246218019,-0.4224175946961543,-0.28123662938980154,0.3722864117553357,-0.2959372507237409,0.4415597352575411,0.2608637554917405,0.5289678526222001,1.4111572621541744,0.07196302430546608,0.36619758941797204,1.1712808327986655,1.2192498654502961,1,139.52379831962648
-0.3145206013654426,0.35944438308825705,-0.4924874677800868,-0.24691084689247064,0.32995650304426377,-0.30685234783482657,0.4770515661012656,0.1943188116390402,0.6460006887774699,1.455115999951191,5.020165600753783e-07,-0.0,1.3580645461109297,1.4909663410906084,1,90.36941463628683
-0.23350170655334276,0.3863924008828471,-0.4644401349454355,-0.10515938013036895,0.11325153234261927,-0.4365726373775817,0.584690309156159,0.15533961662510354,0.8633976760702493,1.2748177569234664,0.2333737682521664,-0.0,-1.489159984656796,1.4068145100012108,1,87.02307289395868
-0.4401569603519545,-0.2047426938191229,0.499942313356922,-0.2087836981185932,0.4069500599317791,0.2372344522150591,-0.4667354129367466,0.17629193972265703,0.4311558114502427,2.1673506460903598,0.07393903765818396,1.496857289141049,-0.13590910222139804,-0.0,1,432.9660668764442
-0.41346201341840144,-0.2636868659084718,0.32347998811342066,-0.3242662505717943,0.47528849140189044,0.2584389741001113,-0.3853064660969096,0.32951414238015486,0.5810476542776537,1.359402200496417,0.00038208053440534964,-1.2041586859478104,-0.19379845306410307,-0.40122879900848046,1,92.9247793688992
-0.41346201341840144,-0.2636868659084718,0.32347998811342066,-0.3242662505717943,0.47528849140189044,0.2584389741001113,-0.3853064660969096,0.32951414238015486,0.5810476542776537,1.359402200496417,0.00038208053440534964,-1.2041586859478104,-0.19379845306410307,-0.40122879900848046,1,309.84776852128584
0.6760711492048477,0.17750015044518888,-0.6257691234176617,0.20498690333644562,-0.04337114852274746,-0.15424619791098634,-0.0069308772644385164,-0.22824085587064813,0.5639933441538018,3.0049788937928996,1.0920788849116259,1.046655605487491,-0.5150728170160856,1.537789450581204,1,64.93704515186334
-0.41346201341840144,-0.2636868659084718,0.32347998811342066,-0.3242662505717943,0.47528849140189044,0.2584389741001113,-0.3853064660969096,0.32951414238015486,0.5810476542776537,1.359402200496417,0.00038208053440534964,-1.2041586859478104,-0.19379845306410307,-0.40122879900848046,1,214.20149833236297
-0.4775981800451849,0.21103168124055569,-0.4035576976828203,-0.2488986150023904,0.47522307409328063,-0.21688522244148128,0.40593280363472456,0.254752156203316,0.47988915946802646,1.8918292368687832,0.013741787917695614,0.004651129251130919,-1.4522481129448757,-1.4652783625090033,1,232.83682612555563
-0.3819892646752265,0.2978483740204345,-0.439790624578799,-0.2432143531914579,0.360496823811967,-0.31763499826781144,0.46128306544205844,0.26300097743883477,0.554595873414251,1.4640098020371255,0.06544093146690003,-0.06512516333509177,-1.5193711187695873,-1.5707963267879037,1,82.40484208702414
-0.39967705392287717,0.33077201239895226,-0.3922972475814699,-0.3123091268796355,0.3663007000827732,-0.29547377915451006,0.42567360142157395,0.2770108936351934,0.5307674397432387,1.2834315997361303,0.11481664259477174,-0.22679884805599262,-1.354711354490354,-1.267476864785401,1,77.97325300076037
-0.37775422006558596,0.3036860416247262,-0.46338937684122233,-0.2393214827437115,0.3599675702355696,-0.2870289315556631,0.48117602667123877,0.22266437267464848,0.5579689270029871,1.5990205875888892,0.07705302705244067,-0.18919902210193323,-1.4801364395872159,-1.4439640458145704,1,86.94381258378417
-0.46884755406297135,0.26266937835633025,-0.3414615921715097,-0.3092650404211006,0.40743627152080003,-0.267863153798719,0.402872874713681,0.3144588158634893,0.5465591268929229,1.4049227342427393,0.21131473270997916,0.08028681528332277,-1.4871595548052927,-1.4912728701396778,1,234.65967580815862
-0.46884755406297135,0.26266937835633025,-0.3414615921715097,-0.3092650404211006,0.40743627152080003,-0.267863153798719,0.402872874713681,0.3144588158634893,0.5465591268929229,1.4049227342427393,0.21131473270997916,0.08028681528332277,-1.4871595548052927,-1.4912728701396778,1,265.36553948647867
-0.3406469727163535,0.3360091598886335,-0.47527440946640775,-0.2672869397067746,0.37839605903958645,-0.2958530357378518,0.4375253231431748,0.22713081555599293,0.5767636432139596,1.444618366041903,0.1069726394696974,-0.0,1.3846906098353748,1.4902534558042073,1,162.54196108612763
-0.42970888961351,0.24274219411984724,-0.44292341198591373,-0.23083563172484675,0.4218361698042177,-0.256678698647853,0.45079613179520606,0.24477213625285252,0.44815641139612017,1.7822675356759334,0.02979191291212853,-0.2990844116153042,-1.269732476173934,-1.3019136937039548,1,260.7803887001897
-0.37775422006558596,0.3036860416247262,-0.46338937684122233,-0.2393214827437115,0.3599675702355696,-0.2870289315556631,0.48117602667123877,0.22266437267464848,0.5579689270029871,1.5990205875888892,0.07705302705244067,-0.18919902210193323,-1.4801364395872159,-1.4439640458145704,1,76.76906902302866
0.4125236088378828,0.3078546870898713,-0.4435966921870512,0.07400255893200446,-0.45445357524856783,-0.09705718618004043,0.48552665859773625,-0.2848000598418354,0.5570837476109879,1.5860502910214953,0.4637851526478824,-1.240764388223677,0.0,-0.18594567855481137,1,193.90342233355753
0.4125236088378828,0.3078546870898713,-0.4435966921870512,0.07400255893200446,-0.45445357524856783,-0.09705718618004043,0.48552665859773625,-0.2848000598418354,0.5570837476109879,1.5860502910214953,0.4637851526478824,-1.240764388223677,0.0,-0.18594567855481137,1,190.18109136813183
-0.7176087338758916,0.028220394966241166,0.28043701170195007,-0.31056457259300524,0.13812061321641061,-0.1423575006538549,0.29905110895753095,0.424701678280619,0.7475156710538987,1.382709789311632,1.5200798895401637,1.2392421649238439,-0.6979028226109397,1.2032641984785728,1,326.01396808742703
0.32598764050141665,0.2834628867865015,0.3949306577876125,-0.1457270648784739,-0.25890808568634827,-0.4849218957054204,-0.4620102126026808,0.3471860737973928,0.7130673276444404,1.0298433638393318,0.08012600734625797,1.3308301530262878,0.5592457276678818,-0.0,1,336.490463492716
-0.5121413375094915,0.18235461737595676,-0.2574016194192528,-0.38092354433585346,0.5472148283419638,-0.15022608652885136,0.2223281285867805,0.3487950134887481,0.7730318535677234,1.4517325268656347,0.15239233406667932,0.4685137506425624,1.2477751250554086,1.3041525816244415,1,148.99988412028736
-0.5121413375094915,0.18235461737595676,-0.2574016194192528,-0.38092354433585346,0.5472148283419638,-0.15022608652885136,0.2223281285867805,0.3487950134887481,0.7730318535677234,1.4517325268656347,0.15239233406667932,0.4685137506425624,1.2477751250554086,1.3041525816244415,1,187.04732675655552
-0.4491990509882199,0.23411479983735137,-0.4252443784165566,-0.24973613842529943,0.4534637931188317,-0.23429909293292447,0.4209796362859448,0.24992043152087254,0.4510214205043856,1.8065665467068623,0.017517248363977028,0.09265430019298612,1.510043929438527,1.5094483439888484,1,232.0462742748696
-0.41521709178876975,0.2786946796083528,-0.4287855722748731,-0.25486411923015495,0.3911338377313612,-0.27907764214939673,0.4528688263322816,0.2552470817711988,0.491762420899045,1.5806707579693655,0.08960363138823772,0.004098337709865441,-1.57079632679223,1.5682774404370388,1,181.4088195332046
-0.4491990509882199,0.23411479983735137,-0.4252443784165566,-0.24973613842529943,0.4534637931188317,-0.23429909293292447,0.4209796362859448,0.24992043152087254,0.4510214205043856,1.8065665467068623,0.017517248363977028,0.09265430019298612,1.510043929438527,1.5094483439888484,1,268.57432354563065
-0.4491990509882199,0.23411479983735137,-0.4252443784165566,-0.24973613842529943,0.4534637931188317,-0.23429909293292447,0.4209796362859448,0.24992043152087254,0.4510214205043856,1.8065665467068623,0.017517248363977028,0.09265430019298612,1.510043929438527,1.5094483439888484,1,281.2718799303673
-0.41521709178876975,0.2786946796083528,-0.4287855722748731,-0.25486411923015495,0.3911338377313612,-0.27907764214939673,0.4528688263322816,0.2552470817711988,0.491762420899045,1.5806707579693655,0.08960363138823772,0.004098337709865441,-1.57079632679223,1.5682774404370388,1,211.9490434444316
-0.41521709178876975,0.2786946796083528,-0.4287855722748731,-0.25486411923015495,0.3911338377313612,-0.27907764214939673,0.4528688263322816,0.2552470817711988,0.491762420899045,1.5806707579693655,0.08960363138823772,0.004098337709865441,-1.57079632679223,1.5682774404370388,1,264.45757117344283
-0.4415161599081256,0.24670902369891337,-0.3166076549816856,-0.36547145721034435,0.46041834523360475,-0.2589915897458805,0.2977054696562065,0.37775402325731144,0.6703407059343199,1.2135408820674594,0.04890844172576075,-0.3750642539708544,-1.1306430885008043,-1.169907721681839,1,113.76335911239372
0.4620102936402858,0.2822756026033681,-0.34450013249385336,0.33042845298140106,-0.4291045801269019,-0.23536359061179593,0.31159441898046947,-0.37734046497297324,0.6307034099792512,1.2590477642656706,0.12974811964313576,-1.313472611826152,-0.1685251417916325,-0.09275632018787565,1,250.17750457741474
0.4620102936402858,0.2822756026033681,-0.34450013249385336,0.33042845298140106,-0.4291045801269019,-0.23536359061179593,0.31159441898046947,-0.37734046497297324,0.6307034099792512,1.2590477642656706,0.12974811964313576,-1.313472611826152,-0.1685251417916325,-0.09275632018787565,1,261.22927585593976
0.4620102936402858,0.2822756026033681,-0.34450013249385336,0.33042845298140106,-0.4291045801269019,-0.23536359061179593,0.31159441898046947,-0.37734046497297324,0.6307034099792512,1.2590477642656706,0.12974811964313576,-1.313472611826152,-0.1685251417916325,-0.09275632018787565,1,224.78407552720174
-0.3137636356325721,0.33316152108533137,-0.4861343983215803,-0.24200228104106974,0.3597131693161844,-0.33571126411116253,0.44018486463796797,0.2445520240669009,0.6195897453969165,1.3848960272578956,0.15336983815333216,0.15486802523073961,1.2350931895038042,1.2417466319576778,1,182.55982040902452
0.4620102936402858,0.2822756026033681,-0.34450013249385336,0.33042845298140106,-0.4291045801269019,-0.23536359061179593,0.31159441898046947,-0.37734046497297324,0.6307034099792512,1.2590477642656706,0.12974811964313576,-1.313472611826152,-0.1685251417916325,-0.09275632018787565,1,265.0259333247012
-0.37847901568711956,0.3229422262032519,-0.4534184928673885,-0.24887483193090207,0.33492868448140706,-0.28506264337071535,0.49696882407310106,0.2109952490983656,0.577840116681155,1.5631245151152025,0.18541637831172011,0.30725881533391414,1.1790963873636628,1.2604089196682478,1,108.24184748136047
-0.25672027888873694,0.3749062189563629,-0.4975939245152546,-0.15583419545023225,0.18541293205957635,-0.3737642535774987,0.5689012713444153,0.15469223007136806,0.7984534622393522,1.4245188437178993,0.20170488069928827,0.13675571173214354,1.3168573300073503,1.2686511032613776,1,108.24772547345887
-0.25672027888873694,0.3749062189563629,-0.4975939245152546,-0.15583419545023225,0.18541293205957635,-0.3737642535774987,0.5689012713444153,0.15469223007136806,0.7984534622393522,1.4245188437178993,0.20170488069928827,0.13675571173214354,1.3168573300073503,1.2686511032613776,1,91.67684131726072
-0.41643564973745606,0.22833197262292643,-0.4135830124870642,-0.274472000891196,0.4786339842662212,-0.2722551782488223,0.351384677958299,0.3183952065170918,0.5306574343477184,1.5097303794494958,0.2065226168807812,0.136755711731524,1.4372293946128059,1.3229502880167499,1,236.27280726738346
-0.42367778546149265,0.2733101742125998,-0.4148790986849537,-0.2768550122717495,0.42030230937915053,-0.267883023072974,0.41825457476729583,0.27142786113212375,0.4643284662670813,1.5340485286497714,0.01219451744956674,-0.0,-1.5655470311757456,-1.5525691789224554,1,219.60960696990833
-0.36850668786970375,0.3125103026711298,-0.42186691891896344,-0.2718328143870441,0.3690117030852028,-0.3366712713431974,0.42136190370346444,0.2959937830591118,0.5474086143242756,1.2989105920061406,0.008506601808135384,-0.012294462478202784,-1.5677660330370036,1.5129341588934668,1,198.50945339635098
-0.32963476741035025,0.37563079388766435,-0.4076160634132569,-0.29081059772549905,0.31327735533432216,-0.37258226966239616,0.4239734754892851,0.28776207350023086,0.6222061565184532,1.1114341347595345,0.04960785464732866,-0.0035335541978738965,-1.5707963267916287,-1.567671336964238,1,225.60649195341546
-0.36850668786970375,0.3125103026711298,-0.42186691891896344,-0.2718328143870441,0.3690117030852028,-0.3366712713431974,0.42136190370346444,0.2959937830591118,0.5474086143242756,1.2989105920061406,0.008506601808135384,-0.012294462478202784,-1.5677660330370036,1.5129341588934668,1,196.42871303688213
-0.3923306091285806,0.30510085187369645,-0.39725756789687444,-0.287113570719953,0.37464684843577034,-0.32525622706756047,0.41494132858968463,0.30726894591381704,0.5137362474954447,1.2840578228030008,0.055298826501719425,-0.041298818369776585,-1.4884433238519872,-1.540502566873094,1,208.01085317924318
-0.5115152639757514,0.19919921703764173,-0.21646330065849426,-0.4179219558779727,0.48489143801464657,-0.17261895691801643,0.24308712661959916,0.3913416957583474,0.8063557261676519,1.231251026752131,0.04093106976846066,0.10952557322278927,-1.570796326791752,-1.4836680739168104,1,158.04878121542166
-0.41643564973745606,0.22833197262292643,-0.4135830124870642,-0.274472000891196,0.4786339842662212,-0.2722551782488223,0.351384677958299,0.3183952065170918,0.5306574343477184,1.5097303794494958,0.2065226168807812,0.136755711731524,1.4372293946128059,1.3229502880167499,1,208.37229880282396
-0.5393048402014101,0.18897546062993545,-0.2737249441392844,-0.3119082926926225,0.46637542019500555,-0.21781383316089514,0.34665436414568895,0.34074666522358216,0.6563622080261804,1.5409064900193963,0.27638849953094274,0.14941570991805062,-1.3591386595383799,-1.4023400539383721,1,84.94887549638874
-0.389222112337832,0.3191686299178419,-0.395138533860704,-0.27789773799013884,0.34380565684441766,-0.3369685359487111,0.4405549893541184,0.295697644021008,0.548329579855208,1.2736567393056164,0.1418387551980323,0.02145593439744498,-1.522391260852294,1.5677099168452386,1,201.30843567057835
-0.4036247606144874,0.3162376582851588,-0.45961871376776087,-0.2902334309834308,0.4168173124149102,-0.19769765996806032,0.44642616196733803,0.17169343266633233,0.5494900227132894,1.4939621884165961,0.01208165617711525,0.12550508029673899,1.2480326015220342,1.5216555923821473,1,200.45611112004204
-0.4036247606144874,0.3162376582851588,-0.45961871376776087,-0.2902334309834308,0.4168173124149102,-0.19769765996806032,0.44642616196733803,0.17169343266633233,0.5494900227132894,1.4939621884165961,0.01208165617711525,0.12550508029673899,1.2480326015220342,1.5216555923821473,1,284.3110209163659
-0.2791743066736263,0.3090224587026018,-0.5117085177794276,-0.226271429095905,0.39033244692013724,-0.35546035143723376,0.40055037753291656,0.2727093218305369,0.6061803543322085,1.372885620803894,0.39354475557579194,-0.0,1.3032379426623724,1.2143593745793717,1,237.69795724734286
-0.4036247606144874,0.3162376582851588,-0.45961871376776087,-0.2902334309834308,0.4168173124149102,-0.19769765996806032,0.44642616196733803,0.17169343266633233,0.5494900227132894,1.4939621884165961,0.01208165617711525,0.12550508029673899,1.2480326015220342,1.5216555923821473,1,193.43564204500797
-0.41199897530890683,0.234827036061111,0.4083128004303894,0.31241060893857936,0.4252665105382168,-0.30881307951561165,-0.4215803356596994,-0.23842456548407875,0.5260813213508685,1.3631914911441154,0.1772253849498568,-0.0,1.5037827287567729,1.4562556300069494,1,277.2476480153987
0.48537227006294076,0.22993695942391315,-0.7812732050402117,0.08262469293312674,0.12433563112980099,-0.13915340030752213,0.17156530384746993,-0.17340825204951776,0.5108953870173454,3.140350843576554,0.7432742482532115,-1.2399325201417133,-1.5457119836069493,0.4461055489405832,1,269.34093778365354
0.48537227006294076,0.22993695942391315,-0.7812732050402117,0.08262469293312674,0.12433563112980099,-0.13915340030752213,0.17156530384746993,-0.17340825204951776,0.5108953870173454,3.140350843576554,0.7432742482532115,-1.2399325201417133,-1.5457119836069493,0.4461055489405832,1,280.4375728775433
0.5064106870845617,0.1374724854783645,-0.4860842336056541,0.031082949283079104,-0.4929745568188431,-0.026054486229274653,0.4726481033399355,-0.14250094853216894,0.2798013186350908,3.5695716896689738,0.22679884805403314,-1.3439974787466287,0.0,0.0,1,246.94718909803424
-0.2791743066736263,0.3090224587026018,-0.5117085177794276,-0.226271429095905,0.39033244692013724,-0.35546035143723376,0.40055037753291656,0.2727093218305369,0.6061803543322085,1.372885620803894,0.39354475557579194,-0.0,1.3032379426623724,1.2143593745793717,1,264.60312852527466
-0.4326459836602881,0.2881721606233075,-0.3996239818075725,-0.2744715797458971,0.3777583452401644,-0.2764465167305314,0.4545116202276962,0.26274593585312095,0.5009057529116345,1.5712508981207765,0.20002215183846186,0.055029131893889985,-1.5646614344339533,-1.5385494443569574,1,215.89586226461574
-0.40385963722700197,0.3019121955052446,-0.41340742662361185,-0.2774845093108092,0.3783967713663482,-0.2966021869133378,0.4388702924842656,0.2721745007189023,0.5101004727009693,1.423988702934495,0.08944678629988279,0.08944678630005792,1.4890119461801574,1.5001448864101383,1,202.28240144733536
-0.6801477990350904,-0.12459129729273404,-0.18564014711356164,0.21210370097247866,0.4118013091765408,0.13360267266659853,0.4539866369721113,-0.22111507634634314,0.49132833368221146,2.617925388706201,1.0913960824212217,-0.7061990924425186,-0.022218565326225476,0.02352507098494025,1,52.295535476496944
-0.4480429172421964,0.24292341896530145,-0.4387518066625882,-0.24754508997180172,0.44761244955525814,-0.213577309594334,0.4391822743495264,0.21819898060083429,0.4392907522746617,1.8261220658966137,0.0005808525790127011,0.004273478258367751,1.5471600674872747,-1.5282687921727527,1,262.4113303521572
-0.41515619935759035,0.29612345485929553,-0.38061179482666935,-0.3201376585071611,0.41218186062411066,-0.28403531218623107,0.38358613356014903,0.30804951583409657,0.5197231581248828,1.3170247559563453,0.007737044409289459,0.13648520124613867,1.4448006446341648,1.475377403545006,1,190.0627484961685
-0.5307202712650418,0.204569368570488,-0.2761075365117043,-0.35785791660100913,0.5142471950632673,-0.15828914726997276,0.29258061271347885,0.3115776953004939,0.6995384352386549,1.560967847766754,0.015705514832607407,-0.0,-1.3930317526387166,-1.2749467146333404,1,177.61235211894132
-0.4390431965301986,0.2726638555168471,-0.3308364074554725,-0.3383307734526702,0.41200568188564257,-0.2904284740146176,0.3578739221000285,0.3560953919504407,0.590990609208931,1.225542643431086,0.09174940088315525,0.2938693350336836,1.3878129467723241,1.3478960944696914,1,210.5882741386993
-0.4675690565203173,0.25342161326895335,-0.4080763791293326,-0.25412573384706516,0.40553673508717847,-0.22391113526880535,0.4701087005624715,0.22461525584691722,0.47591585805706793,1.8474685414293932,0.25966585177168966,0.14739486115469852,1.5029657651351256,-1.5707963267925438,1,241.28210750058636
-0.46679589220161466,0.2546621048133716,-0.3456330534200006,-0.3161290775438126,0.43298981914990026,-0.25606407076975873,0.37943912647171496,0.31753104350019973,0.5701583227686736,1.4199815981302983,0.11607707643370442,0.1374261454974244,1.5655470311809947,1.5683808725577157,1,261.28957775662263
-0.46679589220161466,0.2546621048133716,-0.3456330534200006,-0.3161290775438126,0.43298981914990026,-0.25606407076975873,0.37943912647171496,0.31753104350019973,0.5701583227686736,1.4199815981302983,0.11607707643370442,0.1374261454974244,1.5655470311809947,1.5683808725577157,1,226.87532404191413
-0.4675690565203173,0.25342161326895335,-0.4080763791293326,-0.25412573384706516,0.40553673508717847,-0.22391113526880535,0.4701087005624715,0.22461525584691722,0.47591585805706793,1.8474685414293932,0.25966585177168966,0.14739486115469852,1.5029657651351256,-1.5707963267925438,1,234.6470524952623
-0.46679589220161466,0.2546621048133716,-0.3456330534200006,-0.3161290775438126,0.43298981914990026,-0.25606407076975873,0.37943912647171496,0.31753104350019973,0.5701583227686736,1.4199815981302983,0.11607707643370442,0.1374261454974244,1.5655470311809947,1.5683808725577157,1,227.41576510221904
0.4759625757804267,0.11037449643960393,-0.4898844051636103,0.15325780470001396,-0.4734904752357492,-0.15718770879149868,0.48741230461893287,-0.1064445923481192,0.30339737890200735,3.148045848017262,0.09712929786837553,1.473667028921708,0.0,0.0,1,493.57395602899265
0.4759625757804267,0.11037449643960393,-0.4898844051636103,0.15325780470001396,-0.4734904752357492,-0.15718770879149868,0.48741230461893287,-0.1064445923481192,0.30339737890200735,3.148045848017262,0.09712929786837553,1.473667028921708,0.0,0.0,1,399.09474483991045
0.4759625757804267,0.11037449643960393,-0.4898844051636103,0.15325780470001396,-0.4734904752357492,-0.15718770879149868,0.48741230461893287,-0.1064445923481192,0.30339737890200735,3.148045848017262,0.09712929786837553,1.473667028921708,0.0,0.0,1,497.51159291847495
0.4759625757804267,0.11037449643960393,-0.4898844051636103,0.15325780470001396,-0.4734904752357492,-0.15718770879149868,0.48741230461893287,-0.1064445923481192,0.30339737890200735,3.148045848017262,0.09712929786837553,1.473667028921708,0.0,0.0,1,419.9478898844821
-0.6117800816395758,0.027030736677925153,-0.3383750313463381,-0.06849337233478972,0.6007563937029082,-0.08404984078789483,0.3493987192830057,0.1255124764447594,0.2541019535018861,5.78604250685173,0.35883894829890817,1.1945543161682022,-1.514119503159327,1.5088068856038117,1,148.07665419227982
-0.3621162207960181,0.29973578344305885,-0.46131713593631885,-0.2358193429396145,0.36639926511991366,-0.31956455040415876,0.45703409161242325,0.2556481099007145,0.5687352218099381,1.4828850839523378,0.026871622942185196,0.17545000543759678,1.3130251845634335,1.2659614520307363,1,216.9100684196158
-0.3574463891959696,0.30013708824931656,-0.42943691150941743,-0.20298876027275745,0.3069123340569498,-0.3856521230037917,0.47997096664843725,0.28850379502723256,0.623662111469238,1.3260749268658503,0.10915661694311711,-0.072040065387568,-1.397720295618258,1.5146055405998897,1,95.48303248127328
-0.31963868761582026,0.3585177622992279,-0.4846859150111631,-0.23732135963229442,0.3071148750235382,-0.3147368601925064,0.4972097276034452,0.19354045752557297,0.6610657801947769,1.4584313420390416,0.08766786193549603,0.23655780954605005,1.1614758715067526,1.2633014257751696,1,87.51111113300685
-0.3285055877295432,0.36479980474295376,-0.4469691262186319,-0.22114552810890237,0.2535379567431543,-0.35757238085480153,0.5219367572050209,0.2139181042207501,0.6999106606472679,1.3412834861877931,0.23958563387452486,-0.1657946721574568,-1.412141064605245,-1.4288992721880405,1,196.56087776949917
-0.41875861660056984,0.2732333082475097,-0.3679124796358633,-0.3112751783736258,0.4167806505832063,-0.302292235003239,0.36989044565322693,0.3403341051293551,0.544445143228226,1.2822703548543808,0.013933696615793762,-0.00392154852477538,-1.4915508628742837,-1.5649824388101479,1,209.76114035008965
-0.41875861660056984,0.2732333082475097,-0.3679124796358633,-0.3112751783736258,0.4167806505832063,-0.302292235003239,0.36989044565322693,0.3403341051293551,0.544445143228226,1.2822703548543808,0.013933696615793762,-0.00392154852477538,-1.4915508628742837,-1.5649824388101479,1,238.89450436180007
-0.3866941395291624,0.29442398773742307,-0.45587332879970943,-0.26012729730177697,0.4023771516536884,-0.2740845597061535,0.4401903166751834,0.23978786927050735,0.5094198415059272,1.5761656522214833,0.05065456064008955,-0.055262822950056016,1.5182132651867173,1.5679310051263893,1,180.63916852981907
-0.3431587682807786,0.33980061607346596,-0.4408559176985028,-0.24324973987019546,0.3153091507261834,-0.3560801243842151,0.46870553525309805,0.25952924818094464,0.6329462973717241,1.3070651335362176,0.07818518169301301,0.3686959026618701,1.1842017448526392,1.13463320407798,1,81.79029222224472
-0.23384000990611759,0.42041116740443596,-0.4940009466873846,-0.19573744424381687,0.21151889037802915,-0.3858833472956422,0.516322066215473,0.16120962413502316,0.8146179033788303,1.253044631313997,0.10877427798326597,0.27562943838477627,1.1588953095120784,1.2283233505134854,1,62.1842880187801
-0.5523395333816401,0.07125776179698487,-0.12490600425444044,-0.39289302207734467,0.5685915059474353,-0.09710708269864436,0.10865403168864515,0.4187423429790041,0.9097872733088467,1.3810771284605783,0.016077984975791684,0.36282333299016856,1.549060619960347,1.4682164743838777,1,88.01858582736651
-0.5493186032048227,0.11636392065100208,-0.1445086507820497,-0.40958435667935594,0.5243329297493654,-0.12672470066246078,0.16949432423750696,0.4199451366908147,0.8906256121875948,1.2942897649030065,0.08023939382583362,0.044218944396043694,-1.3591386595383799,-1.3586525737830697,1,80.8032572957269
-0.5688746759742066,0.07073624375065624,-0.06756841038721173,-0.43145792442760256,0.5208751583930177,-0.07550007320695196,0.11556792796840064,0.43622175388389817,0.9455537857237644,1.2559356426185648,0.11464126384038574,0.2489627057947408,1.5623219534004,-1.525714111472646,1,89.51680507479679
-0.5286559924041944,0.176877686188089,-0.24892863469862134,-0.35097056678495736,0.49643770529351033,-0.1988234334941875,0.28114692180930534,0.37291631409105586,0.7420518794320503,1.4160965266523209,0.12717870628432612,-0.11065722117500429,-1.174185924680216,-1.2103407381457556,1,79.76638539194808
-0.41708390207103524,0.2934934142694458,-0.4203710904708708,-0.26919728778727486,0.3816248526904323,-0.27388247585140835,0.45583013985147375,0.2495863493692375,0.4971354529791277,1.544304658655321,0.13497674985495808,-0.0,-1.5707963267868321,-1.526381111540593,1,75.8884397611896
-0.06930384487402536,0.47326301952911937,0.4625611271465031,0.0943774488829883,0.15684968856258813,-0.4570568316300414,-0.5501069708350658,-0.1105836367820663,0.9421052341878435,1.0885160589874585,0.1632918265399563,0.12211660992531316,1.5614508044920792,1.3787483095579902,1,163.86455489625328
-0.3134694212597713,0.3356164949081541,-0.5017947295828722,-0.22268474637318325,0.33236028361821307,-0.3188356041864681,0.48290386722443046,0.2059038556514973,0.6444380636560683,1.504615231839806,0.04594465581077712,-0.0,1.3602243699659928,1.4069247879017346,1,81.61556919284924
-0.4978018350698466,0.14301799906983845,0.3821546721220611,0.3821091952933959,0.4374709386234981,-0.32112512265043225,-0.3218237756757126,-0.20400207171280207,0.6577159110996715,1.3299589480046552,0.41834924994187334,0.20401797959317053,1.1799734402378375,-1.5707963267877023,1,183.73763678189306
0.5274669460963974,0.06076721444715387,0.19048175157603361,-0.26795159444513744,-0.47911313174868125,-0.28496289461140634,-0.23883556592374983,0.4921472746093899,0.7822236146284713,1.295286199708814,0.49794514333211193,-1.4843074268707848,0.7367260325112344,0.19860474910395987,1,239.4540270593277
-0.4978018350698466,0.14301799906983845,0.3821546721220611,0.3821091952933959,0.4374709386234981,-0.32112512265043225,-0.3218237756757126,-0.20400207171280207,0.6577159110996715,1.3299589480046552,0.41834924994187334,0.20401797959317053,1.1799734402378375,-1.5707963267877023,1,126.93953660106433
-0.3134694212597713,0.3356164949081541,-0.5017947295828722,-0.22268474637318325,0.33236028361821307,-0.3188356041864681,0.48290386722443046,0.2059038556514973,0.6444380636560683,1.504615231839806,0.04594465581077712,-0.0,1.3602243699659928,1.4069247879017346,1,86.78640313975573
-0.4523879736544364,0.24482391053365155,-0.36686957185552244,-0.3004728451336984,0.4477752760842322,-0.26413356425296447,0.37148226942572665,0.31978249885301135,0.5583310661108524,1.4512785072561283,0.025640483119016694,-0.07359953673769444,-1.386212756544083,-1.4323684690245428,1,182.03271877224256
-0.5216359118057895,0.1896319462802304,-0.33098955428046994,-0.27965421408434266,0.4894359038720965,-0.20863130095052315,0.363189562214163,0.2986535687546354,0.5847107000156581,1.748328218434863,0.14196877518083556,-0.014633101801412338,-1.2566357594716184,-1.292877330121227,1,211.50321603138053
-0.4435977982272501,-0.26536290719216205,-0.35653447723700965,0.3362518219411081,0.4533223247076433,0.25120036513047606,0.3468099507566164,-0.3220892798794221,0.590479381977963,1.3623942367484174,0.03997868712573561,0.28495735024742913,1.2467574468798932,1.2137662988116302,1,83.08468075204419
-0.4435977982272501,-0.26536290719216205,-0.35653447723700965,0.3362518219411081,0.4533223247076433,0.25120036513047606,0.3468099507566164,-0.3220892798794221,0.590479381977963,1.3623942367484174,0.03997868712573561,0.28495735024742913,1.2467574468798932,1.2137662988116302,1,178.748592334747
-0.35196379522563626,0.302854262602222,-0.4848250880463889,-0.24089523855720368,0.38840687194433626,-0.2931713443983065,0.4483820113276889,0.23121232035328823,0.5562153278616373,1.5657164531409977,0.12576942076149714,-0.0,1.3909428270091877,1.4204248987951678,1,95.2914071347217
-0.40796608934208894,0.3028441233551731,-0.31892239840788134,-0.29461020970326196,0.32031510329250645,-0.38187670455923695,0.40657338445746377,0.3736427909073258,0.6154004522826375,1.078118405530413,0.2616280557905506,0.3366748193898452,1.5177487970422503,1.2953702231055717,1,83.13071563258718
-0.40796608934208894,0.3028441233551731,-0.31892239840788134,-0.29461020970326196,0.32031510329250645,-0.38187670455923695,0.40657338445746377,0.3736427909073258,0.6154004522826375,1.078118405530413,0.2616280557905506,0.3366748193898452,1.5177487970422503,1.2953702231055717,1,92.47240282594107
-0.11855910592847282,0.2833068274846374,-0.6473183612143733,-0.05995714685077253,0.20422444198336287,-0.33635325092245094,0.5616530251594833,0.11300357028858608,0.7491513040723502,1.9510235183806977,0.32304877325205933,-0.6244975487935811,1.5141559436606593,1.4456263365100792,1,148.54599979930668
-0.4825598441413798,0.18567527899218095,-0.4600911441304597,-0.19266635524656378,0.4796606570431966,-0.13685700360653644,0.46299033122864297,0.1438480798609193,0.3640480769161966,2.5432582991312738,5.583463309763503e-07,-0.0,-1.5707963267905676,-1.4672716522800695,1,142.6927195784133
-0.48180861021308247,0.2550142298003061,-0.2564893893110519,-0.4152618092347147,0.44290769973110067,-0.20999405326702406,0.2953902997930337,0.3702416327014326,0.726367844275649,1.1772275722495844,0.07532889082868464,0.0753288908286941,1.5342828820525802,-1.4690215274558387,1,346.6892767863807
-0.48180861021308247,0.2550142298003061,-0.2564893893110519,-0.4152618092347147,0.44290769973110067,-0.20999405326702406,0.2953902997930337,0.3702416327014326,0.726367844275649,1.1772275722495844,0.07532889082868464,0.0753288908286941,1.5342828820525802,-1.4690215274558387,1,238.46661763258885
-0.44239323751652243,-0.11425766930424731,-0.18494752161231803,0.23558615590471826,-0.1840436821681253,-0.09188840417877739,0.8113844412969657,-0.029440082421693575,0.43862637911772856,3.5838210894949856,2.267857150223107,-0.5627372227680255,1.19990503799832,-0.3061046050339742,1,168.11259323506235
-0.438118223983535,0.21474399128745794,-0.3178567202671543,-0.34612333665689937,0.47515817263334253,-0.27183037619034245,0.2808167716173468,0.40320972155978385,0.6843481952740375,1.2187856742772811,0.06909334454615576,0.14689344414864516,1.5417136199043375,1.3787483095579902,1,116.20143498821238
-0.3982672971970351,0.2245467823426713,0.3402743991518256,0.3971509073999201,0.4290693939497292,-0.34544706161293776,-0.37107649590451974,-0.2762506281296536,0.6143785465354052,1.1141111687210112,0.31585368427443783,0.39514788030003917,1.0650683103563146,1.000301661769719,1,249.54987331090152
-0.448683708346146,0.24842098902155849,-0.35979379066212636,-0.26225339344547016,0.3865232569154854,-0.3180455260291469,0.42195424209278704,0.33187793045305847,0.5658480260938543,1.3396007510659382,0.22679884805436396,-0.0,-1.3238413816480703,-1.4940244355181667,1,67.85707923465135
-0.5048194090805997,0.10715376993510206,-0.4682684328905026,-0.12075684360323787,0.5291760234333854,-0.09959490357777362,0.4439118185377169,0.11319797724590941,0.2419082161726459,4.419637213548591,0.22208190190983507,-0.0,-1.432989228928268,-1.418146998392117,1,65.38915487483237
-0.45049537573128356,0.208632750092905,0.5208685854284619,0.10882583253861502,0.4208126785754695,-0.1300737177900673,-0.4911858882726479,-0.18738486484145278,0.40079139885876025,2.5555794377198695,0.16514867741500627,-0.0,1.2765617617114633,-1.5707963267760288,1,197.09905749014644
-0.27336887909864,0.4331027161978255,0.455674261852378,0.19274454368399024,0.2816200645905163,-0.3484406913581897,-0.4639254473442544,-0.277406568523626,0.7187070903130568,1.1766457247363094,0.22347660114076456,-0.0,-1.5634971863439004,-1.5143591484775616,1,119.32847293066833
-0.49857671559999905,0.2813036015393296,-0.3472841039417845,-0.3279168756072899,0.4067663780854294,-0.18261155393703551,0.4390944414563541,0.22922482800499586,0.5712484697084942,1.539132698638241,0.32175055439697514,0.3217505543993449,1.3020933021664611,1.5479431632597997,1,68.08590450165694
-0.448683708346146,0.24842098902155849,-0.35979379066212636,-0.26225339344547016,0.3865232569154854,-0.3180455260291469,0.42195424209278704,0.33187793045305847,0.5658480260938543,1.3396007510659382,0.22679884805436396,-0.0,-1.3238413816480703,-1.4940244355181667,1,82.47159807138578
-0.27336887909864,0.4331027161978255,0.455674261852378,0.19274454368399024,0.2816200645905163,-0.3484406913581897,-0.4639254473442544,-0.277406568523626,0.7187070903130568,1.1766457247363094,0.22347660114076456,-0.0,-1.5634971863439004,-1.5143591484775616,1,148.47845370973224
-0.49857671559999905,0.2813036015393296,-0.3472841039417845,-0.3279168756072899,0.4067663780854294,-0.18261155393703551,0.4390944414563541,0.22922482800499586,0.5712484697084942,1.539132698638241,0.32175055439697514,0.3217505543993449,1.3020933021664611,1.5479431632597997,1,95.57882982555095
-0.3391291225377112,0.3609341430073813,-0.42250110138881297,-0.291803757381138,0.3401088138209314,-0.3470692404967592,0.42152141010559274,0.27793885487051584,0.5975707938917016,1.1921164942984623,0.002490448120984455,-0.15616481407343602,-1.4693278202321463,-1.4329892289318489,1,158.536782707003
-0.46943066055375543,0.20301036092187308,-0.4350666430065905,-0.2317496838281533,0.49805809035918186,-0.18782217658513378,0.40643921320116394,0.216561499491414,0.43373602677014905,2.158074094313385,0.14392544938836638,-0.0,-1.538959953365661,-1.5073893748258063,1,244.51449664122663
-0.46943066055375543,0.20301036092187308,-0.4350666430065905,-0.2317496838281533,0.49805809035918186,-0.18782217658513378,0.40643921320116394,0.216561499491414,0.43373602677014905,2.158074094313385,0.14392544938836638,-0.0,-1.538959953365661,-1.5073893748258063,1,270.0955190290855
-0.5344627815577465,0.09730853971099036,0.566135958942114,0.10182606731987395,0.4045527922102598,-0.11002572460022969,-0.43622596959462734,-0.08910888243063464,0.2331638153599046,5.195135384622722,0.028977393852176233,-0.0,0.9151007005654421,-1.0899090465824732,1,184.95005454218335
-0.46943066055375543,0.20301036092187308,-0.4350666430065905,-0.2317496838281533,0.49805809035918186,-0.18782217658513378,0.40643921320116394,0.216561499491414,0.43373602677014905,2.158074094313385,0.14392544938836638,-0.0,-1.538959953365661,-1.5073893748258063,1,267.1998665678545
-0.47705848346687496,0.23020410493095,-0.3655706052346001,-0.27531560199567734,0.43907086257727,-0.254320340621989,0.40355822612420506,0.29943183768671633,0.526542996056778,1.5939685552151384,0.15302316015369816,0.1530231601543012,-1.5328398816034223,1.5563881020130257,1,301.1775601390484
-0.46943066055375543,0.20301036092187308,-0.4350666430065905,-0.2317496838281533,0.49805809035918186,-0.18782217658513378,0.40643921320116394,0.216561499491414,0.43373602677014905,2.158074094313385,0.14392544938836638,-0.0,-1.538959953365661,-1.5073893748258063,1,261.6705610147235
-0.539267915803832,0.1733287241381834,-0.2221630406345755,-0.37718723990639746,0.5068625222450852,-0.16735385190103663,0.2545684341933223,0.37121236766925064,0.7829236093087506,1.3978233385740715,0.08450120594370479,0.2782996590074699,1.5348406064814821,-1.57079632678823,1,110.4268012515524
-0.5585198111466303,0.11002658679323062,-0.190037083514769,-0.3490976307354376,0.5467133392342155,-0.15409995057361922,0.2018435554271838,0.3931709945158262,0.8203798911153136,1.488993489394376,0.11400729239389482,-0.0,-1.1532255918879564,-1.2509578159515258,1,90.32027755714273
-0.5536363213861883,0.18218954313539693,-0.28360735764579936,-0.2771907148397887,0.4510455482521591,-0.22261260725518564,0.3861981307798286,0.3176137789595774,0.597589290899638,1.6890959636516085,0.41194322299501046,0.10848331155603708,-1.2220253232042988,-1.2909792182663447,1,113.29037328050839
-0.4423250458336799,0.3070783565887885,-0.3697384320860058,-0.3207382461448268,0.3839087446759953,-0.2574390563481707,0.4281547332436904,0.2710989459042091,0.5465016576486627,1.3865192084553992,0.19862565053892411,-0.07421289770887939,-1.4652707745640845,-1.340167624454187,1,193.63423140824366
-0.46533217599375465,0.2678746807137158,-0.36647054107893123,-0.3228906364122257,0.44922707465141976,-0.22095493325765267,0.3825756424212661,0.2759708889561627,0.5476943478811395,1.527163145240605,0.032476852579406155,0.04148561786945775,-1.5707963267921494,-1.4560214818308872,1,194.21478757253445
-0.4881519488370821,0.2478149875724464,-0.257049668095376,-0.4053940147699586,0.4446678895053627,-0.2122525276230787,0.30053372742709533,0.36983155482059094,0.7231457905043861,1.2032882749663838,0.09731694530379015,-0.3217505543989149,-1.1775841531450935,-1.0624857017786185,1,101.80235584344473
-0.534213556199802,0.20607250029905258,-0.26650337996436946,-0.33224389453776054,0.452083562049721,-0.21696390296851134,0.34863337411445045,0.34313529720721925,0.6661245505437657,1.460360535688438,0.2788519221663814,-0.12010873556793839,-1.1482647733071383,-1.1432155451050292,1,94.87406481414196
-0.32538249633524297,0.3677626850440204,-0.46373915792852105,-0.31254222710544205,0.4013169873145731,-0.28564874813385466,0.38780466694919086,0.23042829019527633,0.5885019448939558,1.2715712172500704,0.22681491966907869,-0.23171684119128777,-1.5707963267919727,-1.349481884443706,1,180.9332442743102
-0.39756394988830707,0.2896199063234815,-0.41732155319897213,-0.2735042636336047,0.3947072090346444,-0.30523446746107225,0.4201782940526348,0.2891188247711955,0.498190447181514,1.4079073537331597,0.007757609661718919,0.003984042665868781,-1.570796326792134,1.532353736776452,1,226.3275499879079
-0.505033875957824,0.22049610521003654,-0.3598445816629516,-0.25046466969431014,0.4161648332937584,-0.23909782599181958,0.44871362432701717,0.2690663904760932,0.49550144995785556,1.835785332973196,0.3630029686315707,0.19528139809594516,-1.4816858650629456,-1.5179208675286915,1,201.68426355575036
-0.4423250458336799,0.3070783565887885,-0.3697384320860058,-0.3207382461448268,0.3839087446759953,-0.2574390563481707,0.4281547332436904,0.2710989459042091,0.5465016576486627,1.3865192084553992,0.19862565053892411,-0.07421289770887939,-1.4652707745640845,-1.340167624454187,1,195.43654405749237
-0.505033875957824,0.22049610521003654,-0.3598445816629516,-0.25046466969431014,0.4161648332937584,-0.23909782599181958,0.44871362432701717,0.2690663904760932,0.49550144995785556,1.835785332973196,0.3630029686315707,0.19528139809594516,-1.4816858650629456,-1.5179208675286915,1,205.79490088375533
-0.36251480445158873,0.29659281009167116,-0.46423904008828804,-0.22756434186210686,0.3602001349952842,-0.3204454668199749,0.4665537095445926,0.25141699859041056,0.5743347543953258,1.508484618315115,0.00781234106223329,-0.0,1.4912939235152527,1.4335432016576666,1,185.6131773231733
-0.3605748852764653,0.32273346111754325,-0.44817111176062185,-0.2717959604035641,0.3776920010967747,-0.3094954798002035,0.43105399594031246,0.2585579790862243,0.5558715586700536,1.3906751981721157,0.052621139152302876,0.16392916582466655,1.3061995137797295,1.3414732939490543,1,201.56796751905276
-0.41047743739615133,0.2943505307187885,-0.4256548558663401,-0.27821142047125524,0.4005215003804455,-0.2688164794286461,0.43561079288204596,0.2526773691811128,0.49312794034033475,1.5042313708731168,0.04068314084460552,-0.3982781261032374,-1.2103910032978404,-1.1498057525395426,1,153.22856166709033
-0.41047743739615133,0.2943505307187885,-0.4256548558663401,-0.27821142047125524,0.4005215003804455,-0.2688164794286461,0.43561079288204596,0.2526773691811128,0.49312794034033475,1.5042313708731168,0.04068314084460552,-0.3982781261032374,-1.2103910032978404,-1.1498057525395426,1,182.52939615122946
-0.40758952257446407,0.2776886332058083,-0.43367866992343357,-0.2553232509709181,0.3988621125479361,-0.2836055455907279,0.4424060799499616,0.2612401633558378,0.4917412702363562,1.5608299230036513,0.030842688582256892,-0.3663944107511849,-1.2193515327880802,-1.2339607098504624,1,212.13558773982083
-0.505033875957824,0.22049610521003654,-0.3598445816629516,-0.25046466969431014,0.4161648332937584,-0.23909782599181958,0.44871362432701717,0.2690663904760932,0.49550144995785556,1.835785332973196,0.3630029686315707,0.19528139809594516,-1.4816858650629456,-1.5179208675286915,1,253.8663599193685
-0.2949300919239705,0.3199647044032779,0.5785103697599402,0.17942916553814198,0.2142008452573509,-0.36240138954948803,-0.49778112309332057,-0.136992480391932,0.7344248219328708,1.5772933362186703,0.14707835538925257,-0.0,1.1383885512370417,1.3125441070014952,1,56.17227812981823
-0.505033875957824,0.22049610521003654,-0.3598445816629516,-0.25046466969431014,0.4161648332937584,-0.23909782599181958,0.44871362432701717,0.2690663904760932,0.49550144995785556,1.835785332973196,0.3630029686315707,0.19528139809594516,-1.4816858650629456,-1.5179208675286915,1,220.26190395346973
-0.2949300919239705,0.3199647044032779,0.5785103697599402,0.17942916553814198,0.2142008452573509,-0.36240138954948803,-0.49778112309332057,-0.136992480391932,0.7344248219328708,1.5772933362186703,0.14707835538925257,-0.0,1.1383885512370417,1.3125441070014952,1,68.09299566553335
-0.4472705198677629,0.26389858599653543,-0.38296877342921787,-0.2911915905746486,0.4238013394408628,-0.2635512203088294,0.40643795385611803,0.29084422488694256,0.5069950199583404,1.4965949451372003,0.08401690113417318,0.07462750570786017,-1.5643448033987024,-1.561650240363078,1,169.73756049388194
-0.39048953077934784,0.33604972628341434,-0.43069139000104734,-0.335167864266893,0.4394418015844358,-0.22171191443549695,0.38173911919595943,0.22083005241897558,0.5840487043138568,1.2963503993870185,0.1894801578813045,-0.18948015788199196,-1.5707963267914602,-1.2930271717150836,1,265.35621892296973
-0.4275553272297017,0.2758429289955016,-0.4522625051858243,-0.2599083909439113,0.4215403678968185,-0.20942682377182312,0.4582774645187075,0.19349228572023278,0.48782299062679596,1.6995571187906788,0.04484171507957186,-0.0,1.467003986340798,-1.5241828865993774,1,165.59300770028995
-0.448565778053644,0.2452307237969893,-0.41667580851660657,-0.25143896256336645,0.4275738577418054,-0.2493029306083628,0.43766772882844507,0.25551116937474,0.4492761932418458,1.7481670307372348,0.08411214519978513,0.21553415990536576,1.4168516623399139,1.407782117860202,1,194.44104217904294
-0.4372593775012658,0.27434243672623776,-0.40039785288685664,-0.2689754676645108,0.39221437133195614,-0.2752714203008282,0.4454428590561663,0.26990445123910123,0.4851453808407478,1.6060407234491603,0.1650683763589726,0.07568454120936342,-1.5707963267916498,1.5678808831630369,1,201.7445909701853
-0.4358044267278908,0.2447011200622198,-0.41246174569887706,-0.27970341917812896,0.4690965618841501,-0.24460895203820454,0.3791696105426177,0.27961125115411367,0.5061243981288642,1.6178745822535174,0.12540725652264223,0.004694801187517225,-1.5707963267921032,1.5677751879532908,1,200.05445168583287
-0.448565778053644,0.2452307237969893,-0.41667580851660657,-0.25143896256336645,0.4275738577418054,-0.2493029306083628,0.43766772882844507,0.25551116937474,0.4492761932418458,1.7481670307372348,0.08411214519978513,0.21553415990536576,1.4168516623399139,1.407782117860202,1,284.213173882692
-0.39048953077934784,0.33604972628341434,-0.43069139000104734,-0.335167864266893,0.4394418015844358,-0.22171191443549695,0.38173911919595943,0.22083005241897558,0.5840487043138568,1.2963503993870185,0.1894801578813045,-0.18948015788199196,-1.5707963267914602,-1.2930271717150836,1,134.82839031996855
-0.4372593775012658,0.27434243672623776,-0.40039785288685664,-0.2689754676645108,0.39221437133195614,-0.2752714203008282,0.4454428590561663,0.26990445123910123,0.4851453808407478,1.6060407234491603,0.1650683763589726,0.07568454120936342,-1.5707963267916498,1.5678808831630369,1,217.08325436839246
-0.4472705198677629,0.26389858599653543,-0.38296877342921787,-0.2911915905746486,0.4238013394408628,-0.2635512203088294,0.40643795385611803,0.29084422488694256,0.5069950199583404,1.4965949451372003,0.08401690113417318,0.07462750570786017,-1.5643448033987024,-1.561650240363078,1,196.27353407621277
-0.44157394148668005,0.2874612985282322,-0.40452812326910836,-0.26649007231196575,0.3666314098306879,-0.25866689676855315,0.4794706549251005,0.23769567055228666,0.5102139167872628,1.6626813198689248,0.2903093971769347,0.13165413499105286,1.4957739963526,1.5598975757847755,1,206.23166486735732
-0.2393939789831176,0.4221367510952022,-0.455333825534836,-0.1694930331180793,0.16596598521492337,-0.43404422682359584,0.5287618193030302,0.18140050884647294,0.8425639715629145,1.1494014352316055,0.1826851193214344,0.05258306161149421,-1.5707963267850926,1.471946004734814,1,70.79510070945423
-0.30588404418826826,0.391446770842757,-0.4547532892053832,-0.20963855237493337,0.19584826331738237,-0.3444639151471931,0.564789070076269,0.16265569667936952,0.7502921170147727,1.3854158917534396,0.38617739382245425,-0.0,1.5323537367833098,-1.5566128807964972,1,100.70843497926688
-0.3608474599399234,0.29318639095151183,-0.47526229627791106,-0.19938901168206818,0.3254185754713859,-0.318098723779163,0.5106911807464485,0.22430134450971934,0.6026986843219434,1.6129191653206856,0.1009217846686767,0.10092178466856269,1.3888316408434487,1.320517359952956,1,76.87367804493583
-0.3608474599399234,0.29318639095151183,-0.47526229627791106,-0.19938901168206818,0.3254185754713859,-0.318098723779163,0.5106911807464485,0.22430134450971934,0.6026986843219434,1.6129191653206856,0.1009217846686767,0.10092178466856269,1.3888316408434487,1.320517359952956,1,68.01247233830034
-0.4372593775012658,0.27434243672623776,-0.40039785288685664,-0.2689754676645108,0.39221437133195614,-0.2752714203008282,0.4454428590561663,0.26990445123910123,0.4851453808407478,1.6060407234491603,0.1650683763589726,0.07568454120936342,-1.5707963267916498,1.5678808831630369,1,170.10552916678034
-0.4358044267278908,0.2447011200622198,-0.41246174569887706,-0.27970341917812896,0.4690965618841501,-0.24460895203820454,0.3791696105426177,0.27961125115411367,0.5061243981288642,1.6178745822535174,0.12540725652264223,0.004694801187517225,-1.5707963267921032,1.5677751879532908,1,213.0367582590627
-0.5627578998812015,0.14047680997275466,-0.139496218308956,-0.4006569215842587,0.4657830659353574,-0.1672862881925411,0.23647105225480008,0.42746639980404516,0.8517587607959428,1.242014249873154,0.2957823671851455,0.2957823671862825,-1.5707963267905487,-1.5475447039811132,1,202.7540827720925
-0.4358044267278908,0.2447011200622198,-0.41246174569887706,-0.27970341917812896,0.4690965618841501,-0.24460895203820454,0.3791696105426177,0.27961125115411367,0.5061243981288642,1.6178745822535174,0.12540725652264223,0.004694801187517225,-1.5707963267921032,1.5677751879532908,1,202.70447841346433
-0.353903929274014,0.2734310158632984,-0.3871405706398551,-0.34773676782258045,0.46619441422282876,-0.30456947727902023,0.2748500856910403,0.37887522923830236,0.620043437512993,1.1744025536522802,0.32643703988417994,-0.21535769969867,-1.4594378434607087,1.5665410333346756,1,205.5844036739087
-0.3783473270856532,0.3263423047734631,-0.38501511755132867,-0.24028285079063214,0.2879611076953825,-0.3834341669993462,0.4754013369415993,0.29737471301651525,0.6107033553252603,1.2122358076252728,0.2568965822929791,-0.04491359547029331,-1.3280598123681526,-1.5037328683517983,1,76.97655337357436
-0.2393939789831176,0.4221367510952022,-0.455333825534836,-0.1694930331180793,0.16596598521492337,-0.43404422682359584,0.5287618193030302,0.18140050884647294,0.8425639715629145,1.1494014352316055,0.1826851193214344,0.05258306161149421,-1.5707963267850926,1.471946004734814,1,74.98270323493196
-0.3608474599399234,0.29318639095151183,-0.47526229627791106,-0.19938901168206818,0.3254185754713859,-0.318098723779163,0.5106911807464485,0.22430134450971934,0.6026986843219434,1.6129191653206856,0.1009217846686767,0.10092178466856269,1.3888316408434487,1.320517359952956,1,78.08883692411626
-0.4932890488073497,0.18617660442934184,-0.3726212445309624,-0.24009497757410211,0.4717417646355432,-0.2433640265959845,0.39416852870276897,0.2972823997407448,0.5217404605927268,1.7849573518531787,0.1333502541724362,0.13335025417315946,-1.424414997309643,-1.5528341869410531,1,92.19982359925898
-0.49206865364475916,0.2145265455379715,-0.3727244984551875,-0.25984532753645145,0.45378188322923696,-0.23182881961363402,0.4110112688707097,0.27714760161211394,0.5079150503327102,1.7613835965655995,0.16263285737020095,-0.04542327942209248,-1.3127890849244492,-1.3481353861525491,1,87.59083066328358
-0.5022221698511581,0.1952598799769808,-0.3048139998590535,-0.32656494395118135,0.5007359604901979,-0.2144487033230605,0.3063002092200137,0.34575376729726104,0.6743075176272477,1.4917897026529912,0.027591562412123672,0.29706421234389885,1.4971045079272227,1.45136740078313,1,104.32349051653055
-0.5022221698511581,0.1952598799769808,-0.3048139998590535,-0.32656494395118135,0.5007359604901979,-0.2144487033230605,0.3063002092200137,0.34575376729726104,0.6743075176272477,1.4917897026529912,0.027591562412123672,0.29706421234389885,1.4971045079272227,1.45136740078313,1,77.2623470664073
-0.4914947572552852,0.19371328299449836,-0.25077218402042456,-0.35595600289921064,0.45117186430123385,-0.25789409562956755,0.29109507697447584,0.4201368155342799,0.7315967951669755,1.2146312904418448,0.18093499310508324,-0.1526493283969167,-1.1441688336596492,-1.2870022175788889,1,94.49075594257609
-0.4914947572552852,0.19371328299449836,-0.25077218402042456,-0.35595600289921064,0.45117186430123385,-0.25789409562956755,0.29109507697447584,0.4201368155342799,0.7315967951669755,1.2146312904418448,0.18093499310508324,-0.1526493283969167,-1.1441688336596492,-1.2870022175788889,1,79.18485090224607
-0.4901823668075462,0.17832586280179127,-0.3059605520175377,-0.30014564173135133,0.4804459082595543,-0.26026682651348354,0.31569701056552957,0.38208660544304357,0.6621939092700346,1.4227241223016898,0.1164622277677635,-0.10220671810855478,-1.1517288270874904,-1.348714424881743,1,60.8320588290893
-0.1512324918428485,0.45101240875708815,-0.5368206857280703,-0.15100705257655164,0.13769967947219042,-0.36896064270900797,0.5503534980987285,0.06895528652847142,0.8914535329876226,1.3258657487376593,0.1860450568891003,-0.19270075866391376,1.506369487377374,-1.4490985447647124,1,97.75727771438453
0.510020516474982,0.12444354593157204,-0.23637099276712234,0.3808792794298983,-0.5570637651956618,-0.20199902405716,0.28341424148780203,-0.30332380130431036,0.7301023529221046,1.5596016909563908,0.210955569206372,1.5558720617973507,0.1869792699172656,0.17114860541411006,1,85.74467447808144
-0.30753680256600413,0.3410711338387032,-0.46810788508863854,-0.18250014072859366,0.2559688112519957,-0.38629109463492994,0.519675876402647,0.22772010152482033,0.7184765980083693,1.358035546558619,0.1080834033389071,0.01960533085739685,1.5279653941332991,1.3897927412593454,1,116.39383154740158
-0.3440915229618836,0.29171696036573075,-0.481498385476052,-0.22045514387206022,0.3721749819162917,-0.3266829973847129,0.45341492652164384,0.2554211808910424,0.5781503526397024,1.5118262869852614,0.12344355624605355,0.19539155451855705,1.2370941502632977,1.1587745365638726,1,127.12358749511239
-0.46890900949227393,0.21090701869745848,-0.38000541915134045,-0.279797506185854,0.4935848646854723,-0.23078459990698538,0.3553295639581421,0.2996750873953808,0.5577388215758293,1.660982563867909,0.07572966748565652,-0.39169993944125936,-1.0559115503856882,-1.1071487177886852,1,100.01105342133081
-0.46529690711025756,0.21756466465076574,-0.3982091896140269,-0.26857862819388106,0.48719879478276523,-0.2246812507084967,0.3763073019415192,0.27569521425161203,0.5184184955821325,1.750030274490752,0.08095755936863862,-0.25732371497367934,-1.2258770133542574,-1.2453004715528078,1,104.89548802404795
-0.46529690711025756,0.21756466465076574,-0.3982091896140269,-0.26857862819388106,0.48719879478276523,-0.2246812507084967,0.3763073019415192,0.27569521425161203,0.5184184955821325,1.750030274490752,0.08095755936863862,-0.25732371497367934,-1.2258770133542574,-1.2453004715528078,1,80.51914789417347
-0.31672430439725346,0.31609098433638555,-0.5048520339123526,-0.20132470093180077,0.32637619862175316,-0.3276004079878752,0.4952001396878528,0.21283412458329035,0.6437249760216196,1.5536205478671794,0.045950409510033464,0.3268266529316584,1.0460005551478215,1.0217350663474385,1,140.703625020193
-0.4562466653898577,0.2972787410029221,-0.3688950382423862,-0.32651738230017635,0.40620013002137334,-0.23015521181232337,0.4189415736108706,0.25939385310957763,0.5459390306491199,1.4030036518445628,0.16514867741471723,0.1651486774151899,1.4210869311333627,-1.5535566555979046,1,245.51228510801363
0.10840402658960324,-0.19352802840550093,0.3637485101640486,0.007705188346783942,0.34875985507417795,0.14595604819763802,-0.8209123918278297,0.03986679186107897,0.4021735124005545,3.4895919533120296,0.5769810057662635,-0.22595921768613103,-0.7853981634159668,1.139450403755184,1,167.42259602233452
-0.4468814506911557,0.20271349082189088,-0.45509913771130245,-0.19641493988771647,0.44223612462065814,-0.23396582398653007,0.4597444637818,0.22766727305235565,0.4223220850634691,1.9817547904630428,0.017322617446555104,0.1269727896147471,1.4650600708220887,1.3957205222680098,1,267.2611545521231
-0.4562466653898577,0.2972787410029221,-0.3688950382423862,-0.32651738230017635,0.40620013002137334,-0.23015521181232337,0.4189415736108706,0.25939385310957763,0.5459390306491199,1.4030036518445628,0.16514867741471723,0.1651486774151899,1.4210869311333627,-1.5535566555979046,1,224.13227728625844
-0.4468814506911557,0.20271349082189088,-0.45509913771130245,-0.19641493988771647,0.44223612462065814,-0.23396582398653007,0.4597444637818,0.22766727305235565,0.4223220850634691,1.9817547904630428,0.017322617446555104,0.1269727896147471,1.4650600708220887,1.3957205222680098,1,229.15907249257
-0.3468975918632952,0.3542415650506583,-0.41386302274120296,-0.2999688938618139,0.3497458896636183,-0.3435087289846576,0.4110147249408799,0.28923605779581324,0.5755586909883625,1.1821962021850936,0.005476103939819005,-0.12090276430325085,-1.4949421471019937,-1.466339203317287,1,152.69025538973364
0.6728960007906242,0.0466908605779323,-0.6761061225001778,0.054551212280669725,-0.19765201070706126,-0.06474052262946836,0.20086213241661482,-0.03650155022913365,0.16092480368481976,11.308429073539749,0.07656913019600721,-1.1881231058392385,1.4266419396896404,1.0078454288164465,1,70.64851050366265
-0.2760120532409691,0.35975022451936,-0.49547940797200785,-0.22798178087559048,0.3243314462494558,-0.3684541797736668,0.44716001496352115,0.2366857361298973,0.6864341794418894,1.2944709169270754,0.1571245131419104,0.07339732590197014,1.3097188757044327,1.308577992477541,1,161.68559182287632
-0.3820656503856848,0.315541897501987,-0.41309149899836245,-0.28183407119802995,0.3688291892274995,-0.3218338389412938,0.4263279601565476,0.28812601263733667,0.5350255959636813,1.3169931190651918,0.04209847696229897,-0.06899599822899054,-1.5025793598934492,-1.5197895564353237,1,173.16248593364574
-0.3462848084253094,0.2936715588196672,-0.4367838564494562,-0.23733228595940467,0.36234480578347705,-0.3722973126351655,0.4207238590912886,0.31595803977490294,0.5901842749538482,1.245915069948972,0.08418892076842441,0.004545423241079906,1.5647541042572168,1.368394550948543,1,224.4773123830222
-0.3462848084253094,0.2936715588196672,-0.4367838564494562,-0.23733228595940467,0.36234480578347705,-0.3722973126351655,0.4207238590912886,0.31595803977490294,0.5901842749538482,1.245915069948972,0.08418892076842441,0.004545423241079906,1.5647541042572168,1.368394550948543,1,179.63424978481515
-0.5720962761135256,0.18123157996596193,-0.2523638865985031,-0.2849276358720862,0.4323300588904352,-0.2210420068491779,0.3921301038215935,0.3247380627553022,0.6123642832499371,1.647503438794971,0.5276678004092504,0.48885235432995316,-1.5514937051723539,1.5353887876351553,1,189.22066172293404
-0.45297040505255626,0.19526614676572338,-0.4540696538752237,-0.1988341489672472,0.461260867528509,-0.22124921838716485,0.4457791913992709,0.22481722058868875,0.4082982261684744,2.0520049065006685,0.03748243669339909,0.20749622643697102,1.384994450370097,1.3276424791644135,1,303.1793809819356
-0.4157341434949359,-0.27729307464317665,-0.4052030941174059,0.2996766152950232,0.4377902719620778,0.2694909869756025,0.38314696565026396,-0.291874527627449,0.5049033434758315,1.4428581969097392,0.07878396099009213,0.0,-1.553254266731648,-1.5707963267887237,1,229.26869477116566
-0.4157341434949359,-0.27729307464317665,-0.4052030941174059,0.2996766152950232,0.4377902719620778,0.2694909869756025,0.38314696565026396,-0.291874527627449,0.5049033434758315,1.4428581969097392,0.07878396099009213,0.0,-1.553254266731648,-1.5707963267887237,1,330.1952973432288
-0.4157341434949359,-0.27729307464317665,-0.4052030941174059,0.2996766152950232,0.4377902719620778,0.2694909869756025,0.38314696565026396,-0.291874527627449,0.5049033434758315,1.4428581969097392,0.07878396099009213,0.0,-1.553254266731648,-1.5707963267887237,1,209.69456943859296
-0.36570188244411644,0.319656319657907,-0.4102582050369424,-0.294051858676616,0.37836779443740554,-0.33508631830920127,0.39759229304365323,0.30948185732791034,0.5289341661963315,1.2338443401041785,0.04265809369562845,-0.17180538382396598,-1.4194796202085855,-1.4581367054102206,1,177.9527563224959
-0.3779413939787886,0.2856763182898364,-0.40317670215144513,-0.2946203232373726,0.4121220814614086,-0.32730660547264145,0.3689960146688252,0.3362506104201776,0.5409973909749473,1.228678950489395,0.10836048658135874,-0.0,1.5674065092738476,1.4597311089112852,1,198.82892999153523
-0.32864415366544425,0.3183162165598221,-0.45895776087922896,-0.2521117929086825,0.3702988972860609,-0.3517011993802654,0.41730301725861235,0.2854967757291258,0.5871099822575668,1.3078179123275147,0.15096111298662596,0.21243202050975243,1.253292031381292,1.177738307616433,1,158.84256519395325
-0.4157341434949359,-0.27729307464317665,-0.4052030941174059,0.2996766152950232,0.4377902719620778,0.2694909869756025,0.38314696565026396,-0.291874527627449,0.5049033434758315,1.4428581969097392,0.07878396099009213,0.0,-1.553254266731648,-1.5707963267887237,1,320.6435962043309
-0.37326546203242816,0.3060958746516513,-0.4759142720100757,-0.22252357214157523,0.33085118278960085,-0.2756107851613081,0.5183285512529029,0.19203848265123208,0.5783576717633138,1.7091824659230563,0.18948015788150258,0.26625204915302325,1.1784561825842879,1.2399825764570638,1,125.32929240398683
-0.34991416544743476,0.34921918195556884,-0.4512690512992935,-0.2612215014567711,0.32795338158053783,-0.3163533124189413,0.4732298351661905,0.22835563192014352,0.6153210299112892,1.3890280837616449,0.0961033255756722,0.21165766725031443,1.2652386889218803,1.340393890741886,1,114.812937253942
-0.34991416544743476,0.34921918195556884,-0.4512690512992935,-0.2612215014567711,0.32795338158053783,-0.3163533124189413,0.4732298351661905,0.22835563192014352,0.6153210299112892,1.3890280837616449,0.0961033255756722,0.21165766725031443,1.2652386889218803,1.340393890741886,1,77.75782044314943
-0.46848115142837193,0.21856555861268606,-0.4022299583086272,-0.26652154131758565,0.48916969632843527,-0.214686109327727,0.38154141340856373,0.26264209203262656,0.5067540020799031,1.809744259434043,0.08603583628073935,0.07472690434582216,-1.5678723585167245,-1.5615941325613285,1,202.19138529883674
-0.4740521924965358,0.21142707424946638,-0.37028480723562507,-0.25049270919746713,0.43749900390331375,-0.2746015736209184,0.40683799582884717,0.31366720856891916,0.536237112209829,1.54954881849516,0.16890169129982766,0.10542775112344446,-1.4254119279988764,-1.5707963267920877,1,222.02602240541185
-0.47562819312599636,0.23128680069904928,-0.3661143873321738,-0.2877223517905928,0.4562997446786757,-0.24112607442440065,0.38544283577949445,0.2975616255159443,0.5454424900013976,1.5922662740459466,0.0771697346642634,0.09585914711092927,-1.515297821543026,-1.5355168531954304,1,98.33669833847553
-0.40018144284703555,0.327362110430828,-0.4243559137415117,-0.253501841957443,0.3031338907059345,-0.2837786064757675,0.5214034658826128,0.20991833800238255,0.5779920652846245,1.547531286102593,0.37468120028303464,-0.0,-1.5707963267871448,-1.4856369341691364,1,78.21789686092177
-0.39555101379813606,0.2595470059508687,-0.47550942373459365,-0.18777634089718404,0.3427173337442862,-0.2763312314036405,0.5283431037884435,0.2045605663499558,0.5379427230129141,1.873284745577269,0.1915017184702061,-0.0,1.50172399463707,1.4533616370039166,1,102.60284633034045
-0.4100862541331801,0.27177227612884325,-0.4641028504902878,-0.22808136286752817,0.38228420573286137,-0.2471124523511339,0.49190489889060657,0.20342153908981883,0.4960578214622594,1.842427993942753,0.13102791742737915,0.13102791742789785,1.3546026233950266,1.4077543878407008,1,139.14808798678564
-0.33804797064767356,0.304041737771734,-0.4996027932742198,-0.18054529344353928,0.28612710191034746,-0.30403924873609367,0.5515236620115458,0.18054280440789897,0.6391700118746443,1.728596155131114,0.179262832407207,-0.0,1.4048935017147937,1.3869457552698081,1,121.44557863042512
-0.4100862541331801,0.27177227612884325,-0.4641028504902878,-0.22808136286752817,0.38228420573286137,-0.2471124523511339,0.49190489889060657,0.20342153908981883,0.4960578214622594,1.842427993942753,0.13102791742737915,0.13102791742789785,1.3546026233950266,1.4077543878407008,1,130.9502664292048
-0.4100862541331801,0.27177227612884325,-0.4641028504902878,-0.22808136286752817,0.38228420573286137,-0.2471124523511339,0.49190489889060657,0.20342153908981883,0.4960578214622594,1.842427993942753,0.13102791742737915,0.13102791742789785,1.3546026233950266,1.4077543878407008,1,147.00823801573003
-0.34067917548956744,0.29645295808018207,-0.5182939563553093,-0.2092685862789386,0.3631526182924106,-0.26954905508186633,0.4958205135524661,0.18236468328062286,0.5739908315445644,1.7917153054673511,0.05220645696838087,-0.10548930852632252,1.4068145100012108,1.4740840588982527,1,69.37232675696544
-0.30218638828580324,0.3661087245129171,-0.4898271740907899,-0.20918245471432784,0.25574901519817606,-0.32912194515784743,0.536264547178417,0.17219567535925814,0.7133704345216182,1.475901116035525,0.1948639196894173,-0.24497866312931516,-1.4816027141950978,-1.4138250371887549,1,77.32561515246758
-0.2880546483308785,-0.40622319747734403,-0.4707840353243738,0.2481073250167874,0.26687220065131884,0.3465091227309656,0.4919664830039335,-0.188393250270409,0.7246934314430195,1.2790078125805435,0.125995682164308,1.5707963267892469,-0.13970887428844544,0.0,1,126.37913101616867
-0.46000443877679187,0.25751707212068214,-0.38093379022060675,-0.27844796604840844,0.4138188295651123,-0.2592946272774561,0.42711939943228633,0.2802255212051824,0.495612568318056,1.5879111116765752,0.17112052849043918,0.019997333973250493,-1.468415816541409,-1.4699129770542116,1,202.15750354557161
-0.5580002817298866,0.12444666034679529,-0.0008868609601675643,0.22016760294137816,0.6820474467642267,0.033772317892388104,-0.12316030407417254,-0.37838658118056157,0.7422357564010585,2.071738468110827,0.30294118736577635,0.23637302359151352,-0.6729710325637263,-1.2643117619392812,1,145.8609285098338
-0.2880546483308785,-0.40622319747734403,-0.4707840353243738,0.2481073250167874,0.26687220065131884,0.3465091227309656,0.4919664830039335,-0.188393250270409,0.7246934314430195,1.2790078125805435,0.125995682164308,1.5707963267892469,-0.13970887428844544,0.0,1,140.33340433265278
-0.5580002817298866,0.12444666034679529,-0.0008868609601675643,0.22016760294137816,0.6820474467642267,0.033772317892388104,-0.12316030407417254,-0.37838658118056157,0.7422357564010585,2.071738468110827,0.30294118736577635,0.23637302359151352,-0.6729710325637263,-1.2643117619392812,1,94.25930287172523
0.06961799584268165,0.18570277337179633,0.7603511699494581,-0.06694746307163964,-0.31431310286634545,-0.11553206919648193,-0.5156560629257941,-0.003223241103674747,0.384377837911161,4.23592178778599,0.1581557844104953,-0.3070457320211331,0.7028792089678917,0.9699409605957076,1,48.73291327516289
0.09602904028008928,-0.3305888711964392,0.06299893492272553,-0.04352020640715973,0.548086626987204,0.23822941159872335,-0.7071146021900188,0.13587966600487567,0.7139814077429651,2.2066822870200076,1.60399200939059,0.6310793874621683,0.5280744484303896,-1.5611347916816651,1,166.04563987386894
-0.33663381324092256,0.33787245281232464,-0.4434479811257532,-0.25460638383912115,0.3370656886683594,-0.3560421558958066,0.44301610569831645,0.27277608692260313,0.6151303799423352,1.2774829578446403,0.011444052386513467,0.11961849947635274,1.4020462243781946,1.3561114235903964,1,169.65844977287412
-0.4564284892760444,0.20571197112179893,-0.4179900899448453,-0.2467652965786324,0.4916854428002957,-0.2291379884390356,0.3827331364205941,0.2701913138958691,0.4901337646698365,1.8340299995508136,0.13008264789492502,0.00523555425643498,-1.51065950142527,-1.5679714755489351,1,211.80532228815946
-0.4564284892760444,0.20571197112179893,-0.4179900899448453,-0.2467652965786324,0.4916854428002957,-0.2291379884390356,0.3827331364205941,0.2701913138958691,0.4901337646698365,1.8340299995508136,0.13008264789492502,0.00523555425643498,-1.51065950142527,-1.5679714755489351,1,217.9217768416454
-0.4646950806842769,0.24910639663579376,-0.38728409442668316,-0.27020311256054425,0.4219100816271364,-0.2500430036074609,0.43006909348382366,0.2711397195322114,0.4843741720992951,1.6528604816084245,0.1636291346630216,0.12608809506517613,1.5677751879532908,1.5680640931592904,1,183.11308399439397
-0.3919092209958224,0.25213220030276634,-0.46685087870139325,-0.23415000217931178,0.43461118082675143,-0.2746127152762368,0.4241489188704642,0.2566305171527823,0.4788956184158523,1.6968913757383095,0.17259985989846913,-0.1319718222178407,-1.5468774442922042,1.5443474694340646,1,107.89890797364848
-0.39095948453540785,0.22410917867311975,-0.45420142728357205,-0.2578176660547354,0.5013664056227864,-0.26065774323169183,0.34379450619619356,0.29436623061330747,0.5303630558981415,1.7216694736383016,0.407104172056184,-0.0,1.4432867685847037,1.3449846452579592,1,117.20232485199396
-0.4646950806842769,0.24910639663579376,-0.38728409442668316,-0.27020311256054425,0.4219100816271364,-0.2500430036074609,0.43006909348382366,0.2711397195322114,0.4843741720992951,1.6528604816084245,0.1636291346630216,0.12608809506517613,1.5677751879532908,1.5680640931592904,1,168.26026014975483
-0.4564284892760444,0.20571197112179893,-0.4179900899448453,-0.2467652965786324,0.4916854428002957,-0.2291379884390356,0.3827331364205941,0.2701913138958691,0.4901337646698365,1.8340299995508136,0.13008264789492502,0.00523555425643498,-1.51065950142527,-1.5679714755489351,1,206.49802953121858
-0.4646950806842769,0.24910639663579376,-0.38728409442668316,-0.27020311256054425,0.4219100816271364,-0.2500430036074609,0.43006909348382366,0.2711397195322114,0.4843741720992951,1.6528604816084245,0.1636291346630216,0.12608809506517613,1.5677751879532908,1.5680640931592904,1,208.9049894603355
-0.3919092209958224,0.25213220030276634,-0.46685087870139325,-0.23415000217931178,0.43461118082675143,-0.2746127152762368,0.4241489188704642,0.2566305171527823,0.4788956184158523,1.6968913757383095,0.17259985989846913,-0.1319718222178407,-1.5468774442922042,1.5443474694340646,1,93.0917867262554
-0.34615847392703214,0.33807064419694743,-0.4251846087685814,-0.2695029599639585,0.3409598876367994,-0.35726576906510366,0.43038319505881406,0.28869808483211473,0.5949074480158313,1.2304372207600152,0.008217355752646484,-0.14315808798428492,-1.4429264082313833,-1.4934859326119048,1,138.36861035710268
-0.3736070145595288,0.2998555808678108,-0.404419549639797,-0.2422033599029025,0.3361449009686611,-0.37405943852119505,0.44188166323066475,0.31640721755628676,0.5843427684849848,1.2256945435689406,0.09517517838510081,0.22641643889585167,1.4637991136819977,1.267303678919397,1,146.75418216869565
-0.4236568906873708,0.3129143064115958,-0.3892173968493303,-0.2824468069176644,0.34301717700187484,-0.291315687554139,0.46985711053482626,0.2608481880602076,0.5398879595667876,1.4787647255936576,0.28357901905038374,0.5168759705912298,1.1238138415147516,1.1699077216930671,1,100.69050022687243
-0.3736070145595288,0.2998555808678108,-0.404419549639797,-0.2422033599029025,0.3361449009686611,-0.37405943852119505,0.44188166323066475,0.31640721755628676,0.5843427684849848,1.2256945435689406,0.09517517838510081,0.22641643889585167,1.4637991136819977,1.267303678919397,1,176.34374271621297
-0.39095948453540785,0.22410917867311975,-0.45420142728357205,-0.2578176660547354,0.5013664056227864,-0.26065774323169183,0.34379450619619356,0.29436623061330747,0.5303630558981415,1.7216694736383016,0.407104172056184,-0.0,1.4432867685847037,1.3449846452579592,1,95.82736519077774
-0.3919092209958224,0.25213220030276634,-0.46685087870139325,-0.23415000217931178,0.43461118082675143,-0.2746127152762368,0.4241489188704642,0.2566305171527823,0.4788956184158523,1.6968913757383095,0.17259985989846913,-0.1319718222178407,-1.5468774442922042,1.5443474694340646,1,103.84797387175875
-0.43313967234373796,0.19075648567980238,-0.4675351105553773,-0.17104937764595596,0.4269293848888586,-0.2560825443358421,0.4737453980102566,0.23637543630199565,0.46354109846198904,1.9113925361641528,1.064781551656168e-06,-0.0,-1.5707963267836607,1.4257546284792924,1,412.79611891358314
-0.39095948453540785,0.22410917867311975,-0.45420142728357205,-0.2578176660547354,0.5013664056227864,-0.26065774323169183,0.34379450619619356,0.29436623061330747,0.5303630558981415,1.7216694736383016,0.407104172056184,-0.0,1.4432867685847037,1.3449846452579592,1,137.72687879124985
-0.43313967234373796,0.19075648567980238,-0.4675351105553773,-0.17104937764595596,0.4269293848888586,-0.2560825443358421,0.4737453980102566,0.23637543630199565,0.46354109846198904,1.9113925361641528,1.064781551656168e-06,-0.0,-1.5707963267836607,1.4257546284792924,1,504.77950993930074
-0.43313967234373796,0.19075648567980238,-0.4675351105553773,-0.17104937764595596,0.4269293848888586,-0.2560825443358421,0.4737453980102566,0.23637543630199565,0.46354109846198904,1.9113925361641528,1.064781551656168e-06,-0.0,-1.5707963267836607,1.4257546284792924,1,471.68806594272985
-0.4761608321901241,0.19009519846674608,-0.45635454653810636,-0.18631876863323285,0.4450574005395249,-0.17285900296390855,0.4874579781887056,0.16908257313039532,0.36271957918685765,2.559997488411167,0.17593962545314354,-0.0,-1.5331572075913298,-1.496423951011979,1,62.52228690971154
-0.4761608321901241,0.19009519846674608,-0.45635454653810636,-0.18631876863323285,0.4450574005395249,-0.17285900296390855,0.4874579781887056,0.16908257313039532,0.36271957918685765,2.559997488411167,0.17593962545314354,-0.0,-1.5331572075913298,-1.496423951011979,1,126.46150260326776
-0.45639316008621106,0.20035117365685517,-0.24195452077732357,-0.43576750594161207,0.50940305005275,-0.18248128704778122,0.1889446308107847,0.4178976193325381,0.8244665427175756,1.1313525427535773,0.16514867741493808,-0.0,-1.5707963267887617,-1.5707963267877538,1,78.35275627514916
-0.5772917174446635,0.1739087662966176,0.27910749774856397,0.36404739858527324,0.4705869006067769,-0.1461257784663912,-0.17240268091067737,-0.39183038641549967,0.7920681687623937,1.3863069385619908,0.1465283620643368,0.14057605141021226,-1.570796326787378,-1.3086764855237356,1,86.33089255268669
-0.45639316008621106,0.20035117365685517,-0.24195452077732357,-0.43576750594161207,0.50940305005275,-0.18248128704778122,0.1889446308107847,0.4178976193325381,0.8244665427175756,1.1313525427535773,0.16514867741493808,-0.0,-1.5707963267887617,-1.5707963267877538,1,88.89403447039592
-0.49324868403332645,-0.07899926377685665,0.49722493155681147,-0.047984533093673835,0.49420298343896285,0.04852315252792934,-0.4981792309624478,0.07846064434260117,0.15673624797200844,6.321635611295356,0.06146095588319295,-1.5707963267897684,-0.0,-0.0,1,328.40041628828374
-0.49324868403332645,-0.07899926377685665,0.49722493155681147,-0.047984533093673835,0.49420298343896285,0.04852315252792934,-0.4981792309624478,0.07846064434260117,0.15673624797200844,6.321635611295356,0.06146095588319295,-1.5707963267897684,-0.0,-0.0,1,111.87264284365874
-0.49198037613885,-0.08544698301787734,0.48386394909350633,-0.12337567094131004,0.4933851423582364,0.12158936543389054,-0.48526871531289273,0.08723328852529683,0.24138010008150715,4.0224741174403835,0.07393903765816744,-1.5707963267907814,-0.0,-0.0,1,248.84396208855046
-0.49198037613885,-0.08544698301787734,0.48386394909350633,-0.12337567094131004,0.4933851423582364,0.12158936543389054,-0.48526871531289273,0.08723328852529683,0.24138010008150715,4.0224741174403835,0.07393903765816744,-1.5707963267907814,-0.0,-0.0,1,117.98308798014192
-0.33646892725646604,0.16690573266749048,-0.33057821932989234,0.16310761097308796,-0.02632408056396944,-0.47089396004344614,0.6933712271503278,0.1408806164028677,0.6568317340220367,1.6146764668849374,1.8643853142025248,0.7853981638974483,-0.23472261248355802,-1.3328187161373457,1,95.64118135587276
-0.25311881410531023,0.4303622293540082,-0.4615955375265245,-0.2515013318448206,0.2642080015213323,-0.3940928909923684,0.45050635011050244,0.21523199348318076,0.7519870715399423,1.106308718482854,5.033417270795916e-07,-0.0,1.468066459386428,-1.5707963267845872,1,64.18654089408905
-0.25311881410531023,0.4303622293540082,-0.4615955375265245,-0.2515013318448206,0.2642080015213323,-0.3940928909923684,0.45050635011050244,0.21523199348318076,0.7519870715399423,1.106308718482854,5.033417270795916e-07,-0.0,1.468066459386428,-1.5707963267845872,1,73.20258048332384
-0.3524779795666314,0.3685434939356406,-0.46341311491735837,-0.2933431025174385,0.35206203120403257,-0.2580774654365868,0.46382906327995727,0.18287707401838466,0.6137291694147607,1.400907924659942,0.08217724403066011,-0.2092795504484394,-1.5707963267913378,-1.3039356349890612,1,145.86979807970945
-0.46215564331900644,0.20987715447476762,-0.4187441947069867,-0.21497231326252153,0.43125956453620745,-0.2549691942717064,0.44964027348978564,0.2600643530594603,0.4696054854761056,1.7703621861791212,0.1375006001168767,0.04684071291621326,-1.4687894088821871,-1.5707963267924636,1,214.93876501828953
-0.232029786877819,0.43262043428525665,-0.49497496906203947,-0.23869136588987583,0.26914922988897966,-0.3763842160585253,0.4578555260508787,0.18245514766314455,0.770844301535719,1.1777812336530058,0.047667615297036704,-0.02544904997006974,1.401208166896036,-1.5707963267913252,1,158.92067392057774
-0.44645994584572696,0.22660842774418777,-0.4515921250613139,-0.22103408377772407,0.44008711293482466,-0.2185492136689228,0.4579649579722161,0.21297486970245907,0.40715641702167343,2.0318827180671106,0.029941459351899985,-0.12194099802945461,-1.4631064559596474,-1.445246589683982,1,228.8348593807737
-0.3741223727201683,0.33041319284031734,-0.44212848966427903,-0.2866362784047372,0.38000063934271877,-0.2841370631561071,0.43625022304172856,0.24036014872052694,0.5420031202281537,1.4235142458410261,0.002932334876698675,-0.2863044141391934,-1.397300597828781,-1.2835892615517575,1,176.3232322065589
-0.4427804311861189,-0.13902890640669366,-0.15341398494832892,0.48609678378571036,0.6350701998978023,-0.0007089146886163914,-0.03887578376335454,-0.3463589626904003,0.8972629516887126,1.2947843001223764,0.6633777949592904,-0.35299038782861775,-1.3373932819637282,-1.258524161520986,1,199.8176252980712
-0.3741223727201683,0.33041319284031734,-0.44212848966427903,-0.2866362784047372,0.38000063934271877,-0.2841370631561071,0.43625022304172856,0.24036014872052694,0.5420031202281537,1.4235142458410261,0.002932334876698675,-0.2863044141391934,-1.397300597828781,-1.2835892615517575,1,205.81341029970653
-0.232029786877819,0.43262043428525665,-0.49497496906203947,-0.23869136588987583,0.26914922988897966,-0.3763842160585253,0.4578555260508787,0.18245514766314455,0.770844301535719,1.1777812336530058,0.047667615297036704,-0.02544904997006974,1.401208166896036,-1.5707963267913252,1,184.83571324955003
-0.46172556725607083,0.23247339732583305,-0.4252392156953265,-0.22990989119889113,0.42007153224445243,-0.23000209092376167,0.4668932507069449,0.22743858479681978,0.4294634412352072,2.0079308883541236,0.18074675547285493,-0.0,-1.4919411052031513,-1.486628401219563,1,212.69737811315946
-0.44645994584572696,0.22660842774418777,-0.4515921250613139,-0.22103408377772407,0.44008711293482466,-0.2185492136689228,0.4579649579722161,0.21297486970245907,0.40715641702167343,2.0318827180671106,0.029941459351899985,-0.12194099802945461,-1.4631064559596474,-1.445246589683982,1,214.31990512622434
-0.44288415388553265,0.219136401843492,-0.4470455960618305,-0.2214790366307301,0.4513394302692536,-0.23426300593141758,0.4385903196781095,0.2366056407186557,0.423021341519208,1.9079312940509292,0.03651344474748554,-0.0,-1.566011674309146,1.5415363872161998,1,226.63943238640684
-0.44288415388553265,0.219136401843492,-0.4470455960618305,-0.2214790366307301,0.4513394302692536,-0.23426300593141758,0.4385903196781095,0.2366056407186557,0.423021341519208,1.9079312940509292,0.03651344474748554,-0.0,-1.566011674309146,1.5415363872161998,1,283.79389996421855
-0.429010897661399,0.24713851319019486,0.3563858405216504,0.3664927406845476,0.4252970985438797,-0.3097787336821663,-0.35267204140413105,-0.3038525201925762,0.5777441281570169,1.263261912688665,0.15843030508816772,-0.1814677033953083,-1.4385932265346446,-1.402469693970747,1,160.48466117838953
-0.44288415388553265,0.219136401843492,-0.4470455960618305,-0.2214790366307301,0.4513394302692536,-0.23426300593141758,0.4385903196781095,0.2366056407186557,0.423021341519208,1.9079312940509292,0.03651344474748554,-0.0,-1.566011674309146,1.5415363872161998,1,186.61990633652155
0.49331174154857244,0.06640308588281506,-0.5045159027576414,0.05515895864164821,-0.48793964910186166,-0.05647758701123742,0.4991438103109306,-0.06508445751322585,0.13196875007696182,7.633116317684526,0.01998740499123578,1.4346573659372739,0.0,0.10308160851917082,1,297.3359049797266
-0.3973617914082116,0.33986245832134615,-0.37396343498890633,-0.3297408734365318,0.35953140399316025,-0.30433593003455134,0.41179382240395773,0.29421434514973704,0.5418132949192195,1.2084103758682492,0.12202351335611433,0.0035335541978738965,1.5675705315355013,-1.4830457146416913,1,226.4767241600674
0.49331174154857244,0.06640308588281506,-0.5045159027576414,0.05515895864164821,-0.48793964910186166,-0.05647758701123742,0.4991438103109306,-0.06508445751322585,0.13196875007696182,7.633116317684526,0.01998740499123578,1.4346573659372739,0.0,0.10308160851917082,1,87.32042229065209
-0.4100275216116019,0.28572144573667974,-0.4263078399890958,-0.2571205379789072,0.3825296330250543,-0.2879003223801524,0.4538057285756434,0.2592994146223799,0.5048523013437204,1.5343099189804152,0.09954491436312642,0.21269589595437352,1.3661545169681335,1.3586959445699835,1,224.07959051758854
-0.32436158065967685,0.3631307182944236,-0.43815390901902435,-0.2404829110464002,0.28700688626142473,-0.3752603151249943,0.4755086034172764,0.2526125078769708,0.6746402067544218,1.2373694574881515,0.10532949123468134,0.003860984675410687,1.5643655472805111,1.5179045279321095,1,224.09723903520953
-0.5214838663026461,0.20304927964318592,-0.23773049953499864,-0.3817169251736516,0.4717468793122918,-0.19654921985836366,0.287467486525353,0.3752168653888293,0.7518099131815141,1.312176517944672,0.13998538276075193,-0.06177696156098487,-1.3125441069750392,-1.2669466733762904,1,82.04807485677327
-0.5052546083268643,0.22712467540742504,-0.3133480926171743,-0.3042949147568114,0.4306075447168583,-0.24725488675233465,0.3879951562271803,0.324425126101721,0.5883952910996033,1.48851967843395,0.2721458905316431,-0.0,-1.3007707106417428,-1.3327499616231704,1,67.60951385658456
-0.5140197970125614,0.16810071381757294,-0.2848724424652982,-0.3052604932272309,0.4895984117628074,-0.2383515699767797,0.30929382771505226,0.37551134938643765,0.6832350172686374,1.474235780554914,0.1651486774151089,0.14888994761096425,-1.355030130381319,-1.5156376108606016,1,81.87759267081724
-0.4852137704551824,0.17653000893156348,-0.3033532985253727,-0.3319449588388438,0.5233257533691928,-0.21800722751186216,0.2652413156113622,0.3734221774191425,0.7113906357229928,1.429807928357332,0.06798366805811386,0.14888994761096425,-1.5131678993110336,1.5088068856072467,1,81.7765104394178
-0.3704354890373838,0.2858098512906818,-0.44109855820769645,-0.2294889030072906,0.36219624418755225,-0.34373976492495456,0.44933780305752796,0.2874188166415634,0.5620065507514106,1.4107965688356583,0.0009183483689975803,0.0049999583339833216,-1.5707963267916916,1.4275533779863496,1,157.25535013850416
-0.46070024044760377,0.2448596810807803,-0.33614928624366525,-0.32719446395532015,0.44813134993751713,-0.26043738580989384,0.34871817675375194,0.3427721686844337,0.6088868402469516,1.356532618354751,0.05104132132653989,0.26448838255054674,1.4357738333831165,1.4003064538854717,1,158.8578710908472
-0.5177870749513275,0.1928271921298454,-0.24111833743956543,-0.38538065403303484,0.4990456694369363,-0.18026063885473953,0.2598597429539566,0.37281410075792887,0.7709572532948825,1.3411234223964095,0.03811767572096494,0.2515647369446894,1.495183183561833,1.5380807310158324,1,148.350908743503
-0.43792904074713146,0.25407670478036243,0.47535014591256775,0.31723210623551146,0.3297036311998945,-0.3577213107510383,-0.3671247363653308,-0.21358750026483564,0.616420907698661,1.3530995823936969,0.2730087030868751,-0.0,1.2892251418463645,-1.4895800203326077,1,139.0150222663557
-0.3704354890373838,0.2858098512906818,-0.44109855820769645,-0.2294889030072906,0.36219624418755225,-0.34373976492495456,0.44933780305752796,0.2874188166415634,0.5620065507514106,1.4107965688356583,0.0009183483689975803,0.0049999583339833216,-1.5707963267916916,1.4275533779863496,1,157.25535013850416
-0.41870388340783676,0.2159884594214789,-0.39431325754086766,-0.2928832914430563,0.498760460405992,-0.26675482039237836,0.31425668054271244,0.3436496524139558,0.5839962796516583,1.4413462063008695,0.24563914885524013,-0.4535976961126954,-1.0985529409624342,-1.241746631947276,1,94.30288327908923
-0.48124814134452193,0.20275514843518377,-0.2935142818271972,-0.3734133480312687,0.5325429077512926,-0.1838066106898232,0.24221951542042644,0.35446481028590815,0.7379163617343002,1.3928032288256267,0.1796557187106078,-0.010308913146296419,-1.4711276743000676,-1.4522064675329953,1,241.98301245525224
-0.39145064526625534,0.3010567652180492,-0.38533269730946484,-0.30372604194425057,0.388733440675477,-0.3255448833898421,0.3880499019002432,0.3282141601160435,0.5100524017837805,1.1933817110320535,0.009070046068797641,0.24497866312931516,1.3641131083183722,1.3011078650615366,1,80.78695627587713
-0.48027901467207906,-0.06474117110629318,0.5011254648187281,-0.14833150416182125,0.4715761277176528,0.15369384136385553,-0.49242257786430177,0.0593788339042589,0.30007669088770195,3.2896180979571565,0.1824960002481341,1.3883003265510112,-0.0,-0.0,1,113.53294949624303
-0.48124814134452193,0.20275514843518377,-0.2935142818271972,-0.3734133480312687,0.5325429077512926,-0.1838066106898232,0.24221951542042644,0.35446481028590815,0.7379163617343002,1.3928032288256267,0.1796557187106078,-0.010308913146296419,-1.4711276743000676,-1.4522064675329953,1,268.4358319268452
-0.48124814134452193,0.20275514843518377,-0.2935142818271972,-0.3734133480312687,0.5325429077512926,-0.1838066106898232,0.24221951542042644,0.35446481028590815,0.7379163617343002,1.3928032288256267,0.1796557187106078,-0.010308913146296419,-1.4711276743000676,-1.4522064675329953,1,200.35160796939985
0.4388186386903247,0.19757661779277644,-0.46665449100775824,0.22955665290959343,-0.43586635132332424,-0.2428786313521187,0.4637022036407577,-0.18425463935025116,0.43953332950105856,1.9692785988718233,0.10038090308348352,1.4704154237048037,0.0,0.0,1,114.1609940801808
-0.37005398401200085,0.32203087267875535,-0.42087354377382896,-0.2458599011781346,0.32216464822060425,-0.3506113477453454,0.46876287956522567,0.2744403762447246,0.5984070191649369,1.3225997362730801,0.1411233394858879,0.05080370405843655,-1.5707963267916811,1.4874166021878672,1,206.39689406145604
-0.37005398401200085,0.32203087267875535,-0.42087354377382896,-0.2458599011781346,0.32216464822060425,-0.3506113477453454,0.46876287956522567,0.2744403762447246,0.5984070191649369,1.3225997362730801,0.1411233394858879,0.05080370405843655,-1.5707963267916811,1.4874166021878672,1,264.855657106736
-0.4407519956330797,0.25796911606747963,-0.3659890501630942,-0.3194759717544884,0.45126890695285365,-0.2618906542840374,0.35547213884332013,0.32339750997104616,0.5734565834173729,1.3875528046228676,0.0334803076507093,-0.03348030765019951,-1.478905670981451,-1.4905494428265178,1,216.59645258724487
-0.40439467800248896,0.32186565232864606,-0.4034408106175658,-0.30938776107949795,0.38478980563483517,-0.2775998479104756,0.4230456829852197,0.2651219566613275,0.522324552265158,1.310789523529622,0.0718835951159054,-0.26504285989865833,-1.3445487465977917,-1.2357722157107767,1,203.06346458791256
-0.5017017725463706,0.1747914006217788,-0.43030960520165257,-0.1930177597666672,0.47708822180777405,-0.16493672203077747,0.4549231559402492,0.18316308117566588,0.3682020431820836,2.601913462424816,0.12812856154100527,0.12812856154147428,-1.5381446188590469,-1.5159587599832753,1,219.94574563586715
-0.4273565277329918,0.3235403655728687,-0.36754194873144436,-0.2860083257200713,0.31382550750276844,-0.3061492187722506,0.4810729689616678,0.26861717891945325,0.5720285921805062,1.4426624153858782,0.3809803856090464,0.12435499454717724,-1.5677842877079338,-1.5369492129621862,1,207.68004258012854
-0.4273565277329918,0.3235403655728687,-0.36754194873144436,-0.2860083257200713,0.31382550750276844,-0.3061492187722506,0.4810729689616678,0.26861717891945325,0.5720285921805062,1.4426624153858782,0.3809803856090464,0.12435499454717724,-1.5677842877079338,-1.5369492129621862,1,221.9106272749678
-0.41584779996704424,0.2849799775742173,-0.44856094594352436,-0.28936510878264954,0.4641320080535436,-0.20428785572028893,0.40027673785702494,0.2086729869287211,0.5242007134807499,1.589102049756146,0.2103087433722654,0.12149172391832525,1.2994617292905648,1.4856369341792255,1,164.21991369722556
-0.34189142360953084,0.3576174985199775,-0.4192920071667321,-0.27657405535698637,0.3223158424829543,-0.35922589603980754,0.4388675882933086,0.2781824528768165,0.6151660374836274,1.1971367832538073,0.05940913637562675,-0.2034247718919964,-1.3778255168256364,-1.3874250928681173,1,176.34202423718187
-0.39909728146059464,0.30197195453460224,-0.39525405925401536,-0.3030193096381333,0.39663363163745463,-0.30442686179774464,0.3977177090771553,0.30547421690127574,0.48597832225252346,1.306465947293347,0.008129902181958486,0.008129902179976958,-1.570796326791791,1.564623565693202,1,216.84809823427761
-0.4273565277329918,0.3235403655728687,-0.36754194873144436,-0.2860083257200713,0.31382550750276844,-0.3061492187722506,0.4810729689616678,0.26861717891945325,0.5720285921805062,1.4426624153858782,0.3809803856090464,0.12435499454717724,-1.5677842877079338,-1.5369492129621862,1,183.98546615848008
-0.34189142360953084,0.3576174985199775,-0.4192920071667321,-0.27657405535698637,0.3223158424829543,-0.35922589603980754,0.4388675882933086,0.2781824528768165,0.6151660374836274,1.1971367832538073,0.05940913637562675,-0.2034247718919964,-1.3778255168256364,-1.3874250928681173,1,218.74070684318178
-0.2006042252020979,0.41585467922037983,-0.48059109064673117,-0.11279021402292795,0.07689126020741907,-0.4026434721117935,0.6043040556414101,0.09957900691434164,0.8879846716260915,1.3254704907059165,0.3227878984231384,0.039978687123689405,1.5232132235274154,1.4181469984064627,1,97.55051125330698
-0.49813402994223754,-0.026865063098468565,0.46401177587712056,-0.03860074057420949,0.5326175562719249,0.036041827350471387,-0.4984953022068078,0.029423976322206665,0.07696491157701067,13.814005696041855,0.01861487087804344,1.5521814559198601,0.7496990507353218,-0.0,1,180.87727548457056
-0.19775430314371695,0.4205764660626513,-0.4973924718255399,-0.15000719193369438,0.17469626772701602,-0.4320302020052635,0.5204505072422407,0.1614609278763066,0.8678197109993007,1.1938013355845627,0.04395058887674624,-0.08242154867371915,1.56696492792214,1.5159064642043947,1,193.10208936708844
-0.5017017725463706,0.1747914006217788,-0.43030960520165257,-0.1930177597666672,0.47708822180777405,-0.16493672203077747,0.4549231559402492,0.18316308117566588,0.3682020431820836,2.601913462424816,0.12812856154100527,0.12812856154147428,-1.5381446188590469,-1.5159587599832753,1,245.19811670007343
-0.3759174144099913,0.32921390546032253,-0.44848081017627067,-0.2501170779309649,0.32502350851344947,-0.29299186902046287,0.4993747160728126,0.21389504149110514,0.5897611818057032,1.5233795074307117,0.20668321848437007,-0.0,1.5015640860121622,-1.5644066373949856,1,205.64241092435495
-0.36031511972513247,0.3166759235779706,-0.48477039786200726,-0.24758802330514615,0.37273400119261035,-0.26816120798431403,0.4723515163945294,0.1990733077114896,0.5597604348891958,1.636561467463192,0.007025020791040053,0.004950454608867949,1.372746744804781,1.4890675233491326,1,198.3375370972618
-0.19775430314371695,0.4205764660626513,-0.4973924718255399,-0.15000719193369438,0.17469626772701602,-0.4320302020052635,0.5204505072422407,0.1614609278763066,0.8678197109993007,1.1938013355845627,0.04395058887674624,-0.08242154867371915,1.56696492792214,1.5159064642043947,1,170.80820784248317
-0.36297135699364524,0.2941240696395734,-0.43937526411460526,-0.215242047524272,0.3332378509043269,-0.3620408976498158,0.46910877020392366,0.28315887553451435,0.5961153966615499,1.384536023115448,0.05866667522718995,-0.06332983312716031,-1.4685896086844714,1.4984154403553318,1,181.80181222743275
-0.47283338267995134,0.2443643848792292,-0.2960262513546689,-0.35045040437257224,0.4301523503491204,-0.26388507508613457,0.3387072836854998,0.3699710945794776,0.6505303353211195,1.253413084343799,0.14565026240927043,-0.18998828792014225,-1.2105252825503956,-1.2454356797728459,1,111.1753347284285
-0.47283338267995134,0.2443643848792292,-0.2960262513546689,-0.35045040437257224,0.4301523503491204,-0.26388507508613457,0.3387072836854998,0.3699710945794776,0.6505303353211195,1.253413084343799,0.14565026240927043,-0.18998828792014225,-1.2105252825503956,-1.2454356797728459,1,92.80985016789
-0.45121401179184795,0.20237776860482892,-0.4299269721507092,-0.21526814132505914,0.4538435872769298,-0.2539693221844033,0.4272973966656273,0.2668596949046335,0.4713802597319551,1.7377249910675698,4.712160915387286e-07,-0.0,-1.4761082639944103,1.5484536766003443,1,325.35486179476146
-0.4545202977604151,0.13577346523443132,0.46865929328409,0.24040892475168696,0.45109793212474164,-0.24660419481969376,-0.46523692764841656,-0.12957819516642455,0.4548197119122634,1.9175997183698599,0.23988417533199635,-0.6857295109076785,-1.033971347344349,-1.0382922284864187,1,380.1020230162741
-0.37406422935765743,0.2628363324374064,-0.4808442834479995,-0.21339060669676685,0.3962413035002539,-0.2945756183929236,0.45866720930540306,0.24512989265228408,0.5236949340031896,1.6854886074004884,0.10541791838990215,0.28969157124647577,1.1528311988710862,1.0817918349383766,1,227.60606676469916
-0.4004014402238532,0.26731326119482,-0.4453054613446681,-0.2376981263726371,0.39816740932232014,-0.29243820584991737,0.4475394922462012,0.2628230710277345,0.49977127261597964,1.5950738964646785,2.11785292678355e-07,-0.0,1.546920267795768,1.4874080593413224,1,215.49317193306055
-0.37247706194513663,0.31479316650583283,-0.46316506774100347,-0.24209387113545866,0.347480323692545,-0.2886863872525663,0.48816180599359504,0.2159870918821922,0.5741063172397285,1.5764028255967375,0.11042504999066895,0.15387594538266064,1.3129019984790333,1.3697943941228525,1,212.51289141890814
-0.4858377526223088,0.09401792356842688,0.14652933290293618,0.47258126885247614,0.5390785885497018,-0.18509766219094426,-0.19977016883032916,-0.3815015302299588,0.8753634174935186,1.2000198836378708,0.2796068478033492,-0.27960684780567113,-1.2924966677809802,-1.2890244595094038,1,73.97900534693653
-0.4118739034634101,0.278549636179568,-0.4395366116755725,-0.23732554518233037,0.37171435947707393,-0.27957580820797073,0.4796961556619086,0.23835171721073306,0.5130471967658187,1.6470002874464986,0.15197228042843028,0.1519722804289778,1.4172858576034526,1.4103086325787528,1,227.75737761029993
-0.3201977622372116,0.314701967644817,-0.49862970441807025,-0.1945674924261001,0.31306636336261773,-0.3347734314244821,0.5057611032926641,0.2146389562057653,0.652327120659465,1.546464745470006,0.00032091858465647173,0.0043859367888113635,1.4004516640235418,1.3499675570683238,1,202.8026973958927
-0.5974926130328527,0.09311928054536409,-0.06258415520630695,-0.421272455895782,0.4821434303686114,-0.09571111888813963,0.1779333378705482,0.42386429423855765,0.9124400970482102,1.2774690524697325,0.27526081444157585,0.26625204915284845,-1.5707963267863496,-1.435268612803021,1,124.06933969834955
-0.5872559899328341,-0.15653045580612177,-0.2804757504616798,0.26349754216380333,0.6477865949717843,0.01287419550941273,0.21994514542272964,-0.11984128186709428,0.5187524643450881,2.940381571880478,0.6391843027999428,-0.2772255455642582,-0.9264491945114158,-0.6173238067909119,1,71.34789571944457
-0.5479809315491957,0.11184027439307512,0.16239275225691932,0.4447247570576333,0.495383733038072,-0.11904258282744158,-0.1097955537457955,-0.4375224486232669,0.9205055598383065,1.1826216709658155,0.046214460373554755,-0.18725391973444552,-1.288241374319359,-1.1484688549381405,1,118.53908582394378
-0.4118739034634101,0.278549636179568,-0.4395366116755725,-0.23732554518233037,0.37171435947707393,-0.27957580820797073,0.4796961556619086,0.23835171721073306,0.5130471967658187,1.6470002874464986,0.15197228042843028,0.1519722804289778,1.4172858576034526,1.4103086325787528,1,245.96009584382293
-0.37608562893415676,-0.13825067242915895,0.200656306338591,-0.45266361852391274,0.5370938356714797,0.28099705362948707,-0.361664513075914,0.30991723732358456,0.6963731776613257,1.19748543069675,0.466947927051313,1.1038483997468982,0.3977941136769226,-0.0,1,256.0461392818372
-0.37406422935765743,0.2628363324374064,-0.4808442834479995,-0.21339060669676685,0.3962413035002539,-0.2945756183929236,0.45866720930540306,0.24512989265228408,0.5236949340031896,1.6854886074004884,0.10541791838990215,0.28969157124647577,1.1528311988710862,1.0817918349383766,1,232.13801101950614
-0.39923590786684376,0.30281830466144466,-0.398102197103344,-0.29535444239004105,0.3883300012604839,-0.3079329213169348,0.4090081037097038,0.3004690590455311,0.4936360209600599,1.3233604407126633,0.03586977570599088,0.34877100358715113,1.2399136061856715,1.2268272070781494,1,90.73366924713983
-0.29698642900098143,0.3601684989861946,-0.48266447177432853,-0.22161390076907392,0.29698642900098143,-0.3601684989861946,0.48266447177432853,0.22161390076907392,0.6953621532516976,1.3401074028765334,4.326472026395228e-07,0.07751428163154134,1.3602243699659928,1.3602243699659928,1,80.66454762839402
-0.4256306417308155,0.28500183068631235,-0.3453166831428909,-0.34161636484706087,0.41461269925115485,-0.28885712436365674,0.35633462562255147,0.34547165852440526,0.5773211363063387,1.2229049443461228,0.03585906149489131,0.03585906149449937,-1.5484951918997911,-1.5563568971885213,1,176.60817001130482
-0.4139957472640796,0.18890714788936844,-0.3124541479899915,-0.3893873525375192,0.5530241334765653,-0.20607930820008197,0.1734257617775058,0.40655951284823266,0.76969644284122,1.21493019546221,0.3808992423180573,-0.17750135359333835,-1.4281940536874027,1.5672752145897808,1,230.16352604803868
-0.45532449203373726,0.13722886372676393,-0.5236515173652712,-0.1282767639595937,0.4929515750785707,-0.048753188056226304,0.4860244343204376,0.03980108828905608,0.2699138421671945,3.8289323706718457,0.32994709214806794,-0.3299470921507537,-1.5707963267914122,-1.3895996444619625,1,163.61626420113228
-0.45532449203373726,0.13722886372676393,-0.5236515173652712,-0.1282767639595937,0.4929515750785707,-0.048753188056226304,0.4860244343204376,0.03980108828905608,0.2699138421671945,3.8289323706718457,0.32994709214806794,-0.3299470921507537,-1.5707963267914122,-1.3895996444619625,1,719.9673832546308
-0.45532449203373726,0.13722886372676393,-0.5236515173652712,-0.1282767639595937,0.4929515750785707,-0.048753188056226304,0.4860244343204376,0.03980108828905608,0.2699138421671945,3.8289323706718457,0.32994709214806794,-0.3299470921507537,-1.5707963267914122,-1.3895996444619625,1,430.3014767302483
-0.4679698958282142,-0.08647282228134484,0.3757424029116534,-0.29413447462629,0.5273592907889001,0.24485053088108372,-0.4351317978723392,0.13575676602655112,0.5364675071304752,1.84667324034397,0.35419514421458637,-1.5379134469828128,-0.0,-0.1275095582184724,1,377.28701614691715
-0.41376811528324486,0.2814416987361409,-0.42879196549821963,-0.28230870969127786,0.43098499819750047,-0.2553821181801665,0.41157508258396397,0.2562491291353035,0.4846996144399482,1.5251021566335838,0.06456264958252267,-0.15689198431446427,-1.4718557411536115,-1.4100335861653,1,165.14810496977606
-0.4679698958282142,-0.08647282228134484,0.3757424029116534,-0.29413447462629,0.5273592907889001,0.24485053088108372,-0.4351317978723392,0.13575676602655112,0.5364675071304752,1.84667324034397,0.35419514421458637,-1.5379134469828128,-0.0,-0.1275095582184724,1,345.55628098468463
-0.34435196231186055,0.301619155525639,0.4753099355024336,0.20661097348102914,0.37162496336332235,-0.28570880119963565,-0.5025829365538954,-0.22252132780703254,0.5743438224410542,1.664986079512886,0.04324225779862753,-0.0,1.478621289246767,1.3930060978097887,1,82.29543889355108
-0.34435196231186055,0.301619155525639,0.4753099355024336,0.20661097348102914,0.37162496336332235,-0.28570880119963565,-0.5025829365538954,-0.22252132780703254,0.5743438224410542,1.664986079512886,0.04324225779862753,-0.0,1.478621289246767,1.3930060978097887,1,148.46450531263773
-0.3980222293480803,0.3306501155453827,-0.38646696041256745,-0.33124506897685774,0.3864068920164999,-0.2872688807243262,0.3980822977441478,0.2878638341558012,0.5269377528587013,1.2027652500098795,0.03775365990229731,0.11838653584740874,1.413027589202637,1.5235587660095167,1,352.9313104802884
-0.4292141313248703,0.23880119137134442,-0.44282761372429996,-0.23079301346115044,0.4285655657956141,-0.257988221061474,0.44347617925355615,0.24998004315128006,0.4502141992841417,1.7448015071403014,0.00036324014415053724,0.0048076552667141725,1.5682056590181803,1.5241979597851607,1,277.7414008073062
-0.394132971717019,0.3339116912239801,-0.40776561937529615,-0.288216809728001,0.34265161165526087,-0.30074897648112947,0.4592469794370542,0.2550540949851504,0.5502587948709886,1.3661041922566428,0.1848703462385701,0.04934263225317271,1.5162430008552406,-1.5499038447616191,1,206.34900695709848
-0.42511372600111375,0.2832399072994511,-0.41688926257554987,-0.2687315713739944,0.393319304061744,-0.2689006762247008,0.44868368451491963,0.2543923402992441,0.4824590121242156,1.582563275712935,0.12030688640355391,-0.27716070733472375,-1.2785278441808932,-1.2457345262195698,1,220.65983232609858
-0.48382801059544167,0.19844182162150598,-0.4054770441589336,-0.21766866991652853,0.44628582553826185,-0.23443381002285574,0.4430192292161135,0.25366065831787826,0.45398341834404066,1.9056020841531032,0.1794220934345375,0.17942209343528776,-1.5444235459084577,1.5179820513174394,1,252.756971423057
-0.48382801059544167,0.19844182162150598,-0.4054770441589336,-0.21766866991652853,0.44628582553826185,-0.23443381002285574,0.4430192292161135,0.25366065831787826,0.45398341834404066,1.9056020841531032,0.1794220934345375,0.17942209343528776,-1.5444235459084577,1.5179820513174394,1,239.98243514775305
-0.48382801059544167,0.19844182162150598,-0.4054770441589336,-0.21766866991652853,0.44628582553826185,-0.23443381002285574,0.4430192292161135,0.25366065831787826,0.45398341834404066,1.9056020841531032,0.1794220934345375,0.17942209343528776,-1.5444235459084577,1.5179820513174394,1,252.9767030278077
-0.338398130276848,0.34119031623212726,-0.4824906951875238,-0.272314479099977,0.38542137294349893,-0.2809840092545355,0.4354674525208728,0.21210817212238525,0.5711299913754581,1.475403452224379,0.12953873699371832,-0.12953873699406768,1.4796369391389401,-1.5066642117904194,1,210.59623810447
-0.34242265105801856,0.27420221993733046,-0.4827145223473559,-0.2024865387035009,0.3704839889348917,-0.3416406790079877,0.45465318447048286,0.2699249977741581,0.5772712459444229,1.5220890074776512,0.14945403903747734,0.09251862112012103,1.3537273795585045,1.197419953637671,1,211.95805323366812
-0.35710124266130083,0.3441433511367718,-0.44845290163583573,-0.2918908614926256,0.3781937263654247,-0.2913631139934429,0.42736041793171187,0.2391106243492967,0.5570472351214839,1.376990894793051,0.050230934688601826,-0.24497866312776911,-1.4691074750289341,-1.3353691733357713,1,176.6065184460818
-0.41470503628099104,0.30387090145244516,-0.37446577997399355,-0.35470452862086804,0.4432781365920433,-0.25045725559183774,0.3458926796629413,0.3012908827602606,0.5650466370705244,1.3027864898900385,0.11367949348196074,-0.2625694410922976,-1.373999928044677,-1.243810218138711,1,225.33298900701925
-0.49099268358254294,-0.007322824332362907,-0.4880352450789831,0.01328018687447707,0.5099202900053261,0.13918209605613874,0.4691076386561999,-0.14513945859825292,0.284581132724253,3.5203555875478143,2.4077251806187344e-06,0.0,1.3027293976079077,-1.5707963267906049,1,1293.102419927674
-0.4003645065575906,0.3064485599720549,-0.3823839949671176,-0.2974250230698241,0.3718153702225062,-0.32385872552148404,0.410933131302202,0.31483518861925325,0.5181708638578053,1.2702448229074903,0.09093657797215925,0.1866432860595621,1.4489538897783305,1.4035826032738612,1,201.03549450226305
0.4908390940083547,0.03732219825923282,-0.501448798597816,0.10611352407363926,-0.48560895794312725,-0.10802994870501481,0.49621866253258856,-0.03540577362785725,0.21364397480472774,4.658874016494667,0.14304912782729337,1.4277471989636876,0.0,0.0,1,481.88073933633905
0.4908390940083547,0.03732219825923282,-0.501448798597816,0.10611352407363926,-0.48560895794312725,-0.10802994870501481,0.49621866253258856,-0.03540577362785725,0.21364397480472774,4.658874016494667,0.14304912782729337,1.4277471989636876,0.0,0.0,1,325.7485114468512
-0.3693766728480969,0.35726381806041074,-0.43317069509852624,-0.3060241954464499,0.36184022664510557,-0.2787718358833528,0.4407071413015176,0.22753221326939194,0.5796326941534584,1.3174937864168188,0.05864447850524307,-0.0951318216149447,1.5357787998362227,-1.4127505233305735,1,196.10327036395705
0.4908390940083547,0.03732219825923282,-0.501448798597816,0.10611352407363926,-0.48560895794312725,-0.10802994870501481,0.49621866253258856,-0.03540577362785725,0.21364397480472774,4.658874016494667,0.14304912782729337,1.4277471989636876,0.0,0.0,1,741.2859101045466
-0.5240642589798526,0.14865668731566956,-0.26550995380064574,-0.3163821900081441,0.5161850216853274,-0.21397115161645713,0.273389191095171,0.3816966543089317,0.7261760156484184,1.4901601576006027,0.1203828208009983,0.12038282080152082,-1.3140226667686072,-1.4680664593711268,1,125.59515063924596
-0.5506396378194471,0.07285058685049096,-0.12815422271174623,-0.39152385267435125,0.5607291030941038,-0.10772292043242132,0.11806475743708954,0.4263961862562816,0.9090107638343002,1.3587743153555445,0.046158438268099254,0.17051343281513395,-1.3938941219206185,-1.4894544631795228,1,138.3202772547271
0.4908390940083547,0.03732219825923282,-0.501448798597816,0.10611352407363926,-0.48560895794312725,-0.10802994870501481,0.49621866253258856,-0.03540577362785725,0.21364397480472774,4.658874016494667,0.14304912782729337,1.4277471989636876,0.0,0.0,1,151.24673778725435
0.4908390940083547,0.03732219825923282,-0.501448798597816,0.10611352407363926,-0.48560895794312725,-0.10802994870501481,0.49621866253258856,-0.03540577362785725,0.21364397480472774,4.658874016494667,0.14304912782729337,1.4277471989636876,0.0,0.0,1,628.9424730214921
-0.42134250212159674,0.24644807802709584,-0.4842605166499531,-0.2023578728667284,0.381218628297773,-0.20232028031703198,0.5243843904737769,0.15823007515666454,0.4526858366558787,2.2473964641399085,0.23870075162464482,-0.04183604011397417,1.4733068476121145,1.5663617660659308,1,266.1955892982846
-0.42134250212159674,0.24644807802709584,-0.4842605166499531,-0.2023578728667284,0.381218628297773,-0.20232028031703198,0.5243843904737769,0.15823007515666454,0.4526858366558787,2.2473964641399085,0.23870075162464482,-0.04183604011397417,1.4733068476121145,1.5663617660659308,1,264.25636738068357
-0.42134250212159674,0.24644807802709584,-0.4842605166499531,-0.2023578728667284,0.381218628297773,-0.20232028031703198,0.5243843904737769,0.15823007515666454,0.4526858366558787,2.2473964641399085,0.23870075162464482,-0.04183604011397417,1.4733068476121145,1.5663617660659308,1,243.87085837770985
0.4959351658330029,0.04112130664070416,-0.5018089089553146,0.0405754500652957,-0.49483028474127994,-0.04105686255920971,0.5007040278635917,-0.04063989414679014,0.08238467774700665,12.199261027342978,0.00012825196328828322,1.5130827131837161,-0.027020449186534862,0.0,1,222.52016444589512
-0.3042495299224292,0.37786638841124487,-0.5294760545422607,-0.2686998697869481,0.3605561610773871,-0.2162248238616966,0.4731694233873028,0.10705830523739987,0.6482767349642568,1.5507234799472336,7.529142556583928e-07,-0.0,1.1767084418681006,-1.5707963267849956,1,170.4502958886146
-0.42134250212159674,0.24644807802709584,-0.4842605166499531,-0.2023578728667284,0.381218628297773,-0.20232028031703198,0.5243843904737769,0.15823007515666454,0.4526858366558787,2.2473964641399085,0.23870075162464482,-0.04183604011397417,1.4733068476121145,1.5663617660659308,1,240.67470620190184
-0.6075401655809254,-0.008087759200912842,0.48259924347014066,-0.0321218578866073,0.5029895311331524,0.029271758377608342,-0.37804860902236753,0.010937858709911803,0.06817943405007985,18.088683551963523,0.042849666054184124,1.4427872681265697,0.4266274931611227,-1.5475447039611905,1,181.00013597907525
-0.3662706570972742,0.35497004363060397,-0.4229329651744967,-0.26475509819121334,0.2988961039774395,-0.32534380794920537,0.4903075182943314,0.23512886250981468,0.6212901507272857,1.342381139746195,0.23792059001760246,-0.003999978666887463,1.5673599142083454,-1.5189695802690624,1,242.66094044361242
-0.36670459749235673,0.3526813203389311,0.4855670560560483,0.2360162760970352,0.30648225014500785,-0.3220314195455413,-0.4253447087086994,-0.26666617689042504,0.6146037725974229,1.3500734622570167,0.06053201978219432,-0.0,1.3963069765717833,-1.5291537476933372,1,251.0683272088045
-0.36670459749235673,0.3526813203389311,0.4855670560560483,0.2360162760970352,0.30648225014500785,-0.3220314195455413,-0.4253447087086994,-0.26666617689042504,0.6146037725974229,1.3500734622570167,0.06053201978219432,-0.0,1.3963069765717833,-1.5291537476933372,1,138.8176829799606
-0.36670459749235673,0.3526813203389311,0.4855670560560483,0.2360162760970352,0.30648225014500785,-0.3220314195455413,-0.4253447087086994,-0.26666617689042504,0.6146037725974229,1.3500734622570167,0.06053201978219432,-0.0,1.3963069765717833,-1.5291537476933372,1,264.60192850071917
-0.39141747018158696,0.2662021405972498,-0.43137237238398535,-0.21379175102144843,0.35818869561443534,-0.34133449843567143,0.4646011469511369,0.28892410885987,0.5646950224698389,1.4215966413846715,0.08421291102866324,0.22441600903832465,1.4234841626694639,1.2367937935956441,1,213.86084779339686
-0.46520582731919524,0.18162444029175404,-0.47482150520276645,-0.1670479554508312,0.4329190806565494,-0.16938647379881575,0.5071082518654123,0.15480998895789294,0.34466806160123253,2.7974336912350704,0.19739555985022747,-0.0,1.5458015331790995,-1.5707963267919811,1,206.60281033513243
-0.43923706444425087,0.23793235696826393,-0.435910446355276,-0.2656092418053793,0.48956010561534224,-0.21106493586633876,0.3855874051841846,0.23874182070345418,0.4684398395747535,1.8415687783810821,0.2205537121935388,-0.2158808490100717,-1.40717787006577,-1.3492905090960352,1,205.87989860630617
0.6741201499259377,-0.007666493735136536,0.03255499556897038,-0.005248667905540319,-0.7369417993784928,-0.006449498201273272,0.03026665388358471,0.019364659841950124,0.03814263225843133,52.2013219036474,0.03740279332284668,0.09647377518196837,-0.0911446181375769,-0.13466390769386305,1,89.69062101478032
0.3649620889050337,-0.170278102401732,-0.010937280250292418,-0.08018922028479578,0.4237260235923594,0.21312867359667215,-0.7777508322471007,0.03733864908985563,0.4606543677341068,3.133687068286089,2.7610862764719015,1.5707963267115632,0.7419472680474268,1.5152978215214874,1,95.81403132634561
-0.43923706444425087,0.23793235696826393,-0.435910446355276,-0.2656092418053793,0.48956010561534224,-0.21106493586633876,0.3855874051841846,0.23874182070345418,0.4684398395747535,1.8415687783810821,0.2205537121935388,-0.2158808490100717,-1.40717787006577,-1.3492905090960352,1,242.43849480098618
-0.43923706444425087,0.23793235696826393,-0.435910446355276,-0.2656092418053793,0.48956010561534224,-0.21106493586633876,0.3855874051841846,0.23874182070345418,0.4684398395747535,1.8415687783810821,0.2205537121935388,-0.2158808490100717,-1.40717787006577,-1.3492905090960352,1,227.3740604293093
0.6741201499259377,-0.007666493735136536,0.03255499556897038,-0.005248667905540319,-0.7369417993784928,-0.006449498201273272,0.03026665388358471,0.019364659841950124,0.03814263225843133,52.2013219036474,0.03740279332284668,0.09647377518196837,-0.0911446181375769,-0.13466390769386305,1,258.5825263879186
-0.43923706444425087,0.23793235696826393,-0.435910446355276,-0.2656092418053793,0.48956010561534224,-0.21106493586633876,0.3855874051841846,0.23874182070345418,0.4684398395747535,1.8415687783810821,0.2205537121935388,-0.2158808490100717,-1.40717787006577,-1.3492905090960352,1,239.6727391198244
-0.3598611271342119,0.3569446648267882,-0.43220354473528966,-0.29112265969239576,0.34368083564112745,-0.3069614712800314,0.44838383622837413,0.24113946614563897,0.5846273656000099,1.326373312540044,0.07758688701456988,-0.08756179040060594,1.5676014494895163,-1.4520909896487044,1,194.82257420882615
-0.33898759687018754,0.3505131246006197,-0.4672225680216424,-0.27730476898325895,0.36722480174149735,-0.2981296640818907,0.43898536315033254,0.22492130846452998,0.5878052396015983,1.3970831819661753,0.06513867584385698,-0.17073521147592433,1.564999290287085,-1.4414908776362472,1,209.034835272915
-0.3933678135742666,0.30070141685754664,-0.40262997761247227,-0.3196470654553335,0.4286369212103681,-0.2835222166167714,0.36736086997637074,0.3024678652145583,0.5171435491293475,1.336195062747866,0.11911922803027909,-0.12721621706837577,-1.501939837490992,-1.4608316262828,1,179.06145854683706
-0.33898759687018754,0.3505131246006197,-0.4672225680216424,-0.27730476898325895,0.36722480174149735,-0.2981296640818907,0.43898536315033254,0.22492130846452998,0.5878052396015983,1.3970831819661753,0.06513867584385698,-0.17073521147592433,1.564999290287085,-1.4414908776362472,1,191.51536073547416
-0.5064273178829178,0.08794557548033537,-0.3015094370917651,-0.2598989822789011,0.5783925260179061,-0.21010527136006724,0.2295442289567769,0.382058678158633,0.6964084089867838,1.6898619811802722,4.0808510594455145e-07,-0.0,-1.0949542003409911,-1.418608040315789,1,66.89860141857942
-0.40876503039893963,0.31145181729180577,-0.43803411481545407,-0.2877544713097124,0.3982816516832969,-0.23674353259593553,0.4485174935310968,0.21304618661384214,0.5312272988910435,1.4795432311227328,0.06241880999889618,-0.0,1.4610693379191935,-1.5053163018632703,1,68.11664421118316
-0.4301306875163295,0.018621369653051723,-0.03716153796989537,-0.5052221325639936,0.6037025492868315,0.07514010459940779,-0.13641032380060672,0.4114606583115341,0.947697136812602,1.1277982384896115,0.5006677248750327,-0.11379200714531967,-1.5492942647979178,1.3994172004240604,1,127.76483119657884
-0.20037981885113124,0.42361951065075765,-0.4878167318893762,-0.16808713943468612,0.20204405296233616,-0.4474234561616531,0.4861524977781713,0.19189108494558157,0.8483690473936187,1.1181643923167148,0.034020448112347876,-0.12348201353805648,-1.5147802232486118,1.5676014494895163,1,199.43721297852977
-0.21285205855587597,0.4466884710045277,-0.5200930246609543,-0.22875043557476288,0.24821130144817705,-0.3456288072501018,0.4847337817686532,0.12769077182033703,0.796141640387598,1.2682126643042653,0.03651407707336445,-0.1362738711374331,1.4311364049270763,-1.4325257295448206,1,157.56643449357645
-0.20037981885113124,0.42361951065075765,-0.4878167318893762,-0.16808713943468612,0.20204405296233616,-0.4474234561616531,0.4861524977781713,0.19189108494558157,0.8483690473936187,1.1181643923167148,0.034020448112347876,-0.12348201353805648,-1.5147802232486118,1.5676014494895163,1,189.55171172608885
-0.4275487164853821,0.27240249693344554,0.4317208558147012,0.24253498724962416,0.4250503465931511,-0.2449625148075872,-0.42922248592247025,-0.2699749693754825,0.46695626832694864,1.5873508676461021,0.06401606804910195,-0.241630461353929,-1.308102981474351,-1.297506645905803,1,106.4812645848319
-0.519350451244531,0.11888965873865207,-0.22543974721114746,-0.337201172794469,0.5212494820807476,-0.21186699469615602,0.22354071637493092,0.43017850875197294,0.7985352454524011,1.3560431144439955,0.13825900686501374,0.05807415956362769,-1.2227360551375122,-1.4532307526494874,1,71.28571815171017
-0.4005453408692941,0.3374183824332036,-0.3570871004115088,-0.3649076934019621,0.3881580886536797,-0.28415433156873593,0.3694743526271233,0.3116436425374944,0.5539269846546073,1.1229875362168393,0.03044988475357494,-0.3318512209830047,-1.2850832945372486,-1.1436859751804391,1,214.29923203070305
-0.13302057706552697,0.4680411793299655,-0.5214971980368273,-0.15361733716486645,0.17615685469852496,-0.43863134365575773,0.4783609204038292,0.12420750149065868,0.9065438828743481,1.1027775664228447,0.06577801971364838,-0.4260221663258088,-1.3154642803800742,-1.190999672767767,1,143.92601097322586
-0.4239127420294213,0.2760247370460873,-0.3903417895278212,-0.2788547586996017,0.39551550150462533,-0.3004150331146959,0.4187390300526171,0.3032450547682103,0.5086752427897299,1.3959043988435593,0.09887991904309326,0.26589194833933744,1.3927605346891299,1.3330401250833506,1,243.99525963408337
-0.3855104879137107,0.33001621663687114,-0.4139475367368142,-0.27823912401947315,0.34295861186281984,-0.3142881217013055,0.45649941278770495,0.2625110290839075,0.5608327458718795,1.3509872551372561,0.1476435523827341,0.00444441518097929,1.5672249134115686,-1.5419581699205753,1,162.592956015437
-0.46552670771110904,0.2734878792981266,-0.3101664893753142,-0.3568752151627503,0.4140973075463288,-0.25765663072721173,0.3615958895400944,0.3410439665918354,0.6139064729801542,1.260352256039219,0.15417699946216817,0.3262048679227369,1.3500921055796011,1.4047418525292632,1,243.4714007471484
-0.47060757688100335,0.24484589537805235,-0.2674199359593791,-0.40912496636941015,0.4611581534450877,-0.21523652658706946,0.27686935939529467,0.3795155975784273,0.7348282510316371,1.181483394237023,0.0007663761178206453,0.2653320862099016,1.3466158969447508,1.4284534407476899,1,214.82381369669366
-0.4239127420294213,0.2760247370460873,-0.3903417895278212,-0.2788547586996017,0.39551550150462533,-0.3004150331146959,0.4187390300526171,0.3032450547682103,0.5086752427897299,1.3959043988435593,0.09887991904309326,0.26589194833933744,1.3927605346891299,1.3330401250833506,1,258.7883503472948
-0.4023732348417369,0.27001819278632333,-0.40970676117560706,-0.32992006205357377,0.5027347565744142,-0.2329637362618673,0.3093452394429297,0.2928656055291178,0.5682554997621113,1.465097167845261,0.3646490275368327,-0.1891990221007542,-1.4996835660542642,-1.4259112332712938,1,221.80222166866324
-0.5670724981794087,0.1839253668606537,-0.21474269349526254,-0.34566757916943486,0.4508230480880247,-0.19582570455233775,0.33099214358664675,0.357567916861119,0.7158202793866701,1.4474461997623744,0.373798869457032,0.36560233170957535,-1.570796326788094,-1.540348886220654,1,85.08035870767284
-0.435908663684607,0.26153481832284553,0.43749614206101023,0.17379584866881417,0.45847851109862947,-0.17670407268639976,-0.46006598947503274,-0.25862659430525997,0.47779140498017386,1.7658835858906445,0.1890723275613833,-0.0,-1.4108832036209573,-1.5170845974809424,1,103.05671551176727
-0.435908663684607,0.26153481832284553,0.43749614206101023,0.17379584866881417,0.45847851109862947,-0.17670407268639976,-0.46006598947503274,-0.25862659430525997,0.47779140498017386,1.7658835858906445,0.1890723275613833,-0.0,-1.4108832036209573,-1.5170845974809424,1,296.693359519928
-0.5068760938892996,0.1902217881841912,-0.3447796637760257,-0.2576474510982723,0.46391576598962364,-0.2435991066600145,0.3877399916757016,0.3110247695740956,0.5520623627680055,1.707120243593243,0.2107686227680603,0.09065988720165587,-1.3315647268254809,-1.44841631321683,1,99.63782180667285
-0.435908663684607,0.26153481832284553,0.43749614206101023,0.17379584866881417,0.45847851109862947,-0.17670407268639976,-0.46006598947503274,-0.25862659430525997,0.47779140498017386,1.7658835858906445,0.1890723275613833,-0.0,-1.4108832036209573,-1.5170845974809424,1,314.6294400524802
0.29212197134531387,-0.006872481714740729,-0.8659636754484615,-3.0864429751561724e-05,0.2817509662780311,0.003436056312147501,0.2920907378251166,0.0034672898323447896,0.01197434101980641,112.00302071666236,0.008928335179800842,0.008928334179757002,0.0,1.5707963257948967,1,167.07561439969749
-0.5276769500322029,0.21631277725453868,-0.27802719656125147,-0.3385943819267883,0.4572072489058131,-0.2079833230507542,0.34849689768764125,0.33026492772300386,0.6587489653866699,1.4724833529695376,0.22347660114112025,-0.0,-1.3238413816480703,-1.2773606430729725,1,58.380655908671926
-0.3119888168098028,0.03676304315831483,-0.24239538573891004,-0.016383657118784384,0.8637744681675747,0.001017036871197149,-0.3093902656188619,-0.02139642291072752,0.06838176487786755,20.21619805762322,0.6712980443994223,1.3825748215360778,-0.7146502956414142,0.8850668159430658,1,190.34070434703
0.29212197134531387,-0.006872481714740729,-0.8659636754484615,-3.0864429751561724e-05,0.2817509662780311,0.003436056312147501,0.2920907378251166,0.0034672898323447896,0.01197434101980641,112.00302071666236,0.008928335179800842,0.008928334179757002,0.0,1.5707963257948967,1,151.46231224285992
-0.5670724981794087,0.1839253668606537,-0.21474269349526254,-0.34566757916943486,0.4508230480880247,-0.19582570455233775,0.33099214358664675,0.357567916861119,0.7158202793866701,1.4474461997623744,0.373798869457032,0.36560233170957535,-1.570796326788094,-1.540348886220654,1,113.26217765498468
-0.4795297250306732,0.28840725775095444,-0.3250591491412922,-0.36839390070441147,0.43046384481768146,-0.20190271937745927,0.374125029354284,0.2818893623309164,0.5976848308633332,1.385493247284208,0.11505805108344205,0.10982249682727725,1.475063370614367,-1.4419952703963281,1,198.9574285605506
-0.4795297250306732,0.28840725775095444,-0.3250591491412922,-0.36839390070441147,0.43046384481768146,-0.20190271937745927,0.374125029354284,0.2818893623309164,0.5976848308633332,1.385493247284208,0.11505805108344205,0.10982249682727725,1.475063370614367,-1.4419952703963281,1,216.66091701205846
-0.4854715459302181,0.215378681526999,-0.2895072298386577,-0.3691440838736565,0.49618986337309645,-0.20780842371432304,0.2787889123957792,0.3615738260609805,0.7173175732696082,1.3434204854663059,0.04125624670300916,-0.2914567944809252,-1.158385885190015,-1.1448666702532762,1,85.14699973068443
-0.5335902543653868,0.12448618843281525,-0.1388036124717518,-0.43561043888661677,0.5147982626657971,-0.12058000912195191,0.15759560417134152,0.4317042595757534,0.9092827705203126,1.2087752218310523,0.039873141984607376,-0.16387153890209383,-1.2420853279549837,-1.2112019334750457,1,112.73162292232779
-0.4349469673466564,0.24661941447490826,-0.4349469673466564,-0.24661941447490826,0.4349469673466564,-0.24661941447490826,0.4349469673466564,0.24661941447490826,0.42906546565867776,1.7636363636363637,2.711028665104554e-07,-0.0,-1.5707963267914602,-1.5707963267914602,1,131.73646711210293
-0.43911503373251876,0.3073927541563973,-0.3862447735727343,-0.3105652287047381,0.38523762816790014,-0.24834505371110532,0.44012217913735285,0.2515175282594462,0.5433316545215126,1.422810672012064,0.1947097579276797,0.008129902179976958,1.567539009328148,-1.4301133549584388,1,166.55867287799813
-0.46539529094860843,0.29237159404860463,-0.34174049070846946,-0.34771250737815784,0.41345096310328994,-0.2299870483536351,0.39368481855378795,0.28532796168318825,0.5625355148170855,1.3730168459002958,0.1524957945594812,0.039978687123467534,1.5670084661268437,-1.4117417567600257,1,149.72649136379113
-0.3870847121384661,0.28296910032147105,-0.45081699059706515,-0.24051550829228432,0.3849966111910061,-0.29940271053474365,0.4529050915445252,0.25694911850555696,0.5263022654875468,1.5517957176067985,0.0003094858115042345,0.00523555425643498,1.5147494757839965,1.475377403545006,1,177.24124010689513
-0.42320673345536697,0.2745110277547805,-0.4028552103119599,-0.28688435974599685,0.42101216167417943,-0.2762595095256173,0.4050497820931475,0.2886328415168336,0.4858624957781555,1.4668873376453673,0.007985941344495748,0.14888994761054508,1.4452465896911493,1.4410937896437346,1,1032.0299760949415
-0.46930900272816556,-0.08536907630625586,0.5159975887371742,-0.13384959975372343,0.456575751998436,0.14515598795897747,-0.5032643380074445,0.07406268810100179,0.2843797729045622,3.6531953897431557,0.1230966969513435,1.3117905276318549,-0.0,-0.0,1,493.05752605791355
-0.46539529094860843,0.29237159404860463,-0.34174049070846946,-0.34771250737815784,0.41345096310328994,-0.2299870483536351,0.39368481855378795,0.28532796168318825,0.5625355148170855,1.3730168459002958,0.1524957945594812,0.039978687123467534,1.5670084661268437,-1.4117417567600257,1,190.19255977797235
-0.42320673345536697,0.2745110277547805,-0.4028552103119599,-0.28688435974599685,0.42101216167417943,-0.2762595095256173,0.4050497820931475,0.2886328415168336,0.4858624957781555,1.4668873376453673,0.007985941344495748,0.14888994761054508,1.4452465896911493,1.4410937896437346,1,1327.0601273481036
-0.46930900272816556,-0.08536907630625586,0.5159975887371742,-0.13384959975372343,0.456575751998436,0.14515598795897747,-0.5032643380074445,0.07406268810100179,0.2843797729045622,3.6531953897431557,0.1230966969513435,1.3117905276318549,-0.0,-0.0,1,643.9645040280573
-0.34102680076555125,0.2830620774186296,-0.48372711406549285,-0.22479205674240207,0.3924750114296951,-0.3261651512775787,0.43227890340134906,0.26789513060135123,0.5580558074903748,1.5035539685695976,0.20702041716823905,-0.059070981860978575,1.4711276743069284,1.3755543888882413,1,166.90064877370057
-0.34102680076555125,0.2830620774186296,-0.48372711406549285,-0.22479205674240207,0.3924750114296951,-0.3261651512775787,0.43227890340134906,0.26789513060135123,0.5580558074903748,1.5035539685695976,0.20702041716823905,-0.059070981860978575,1.4711276743069284,1.3755543888882413,1,208.9340967900592
-0.27529377250587944,0.3918917219796789,-0.47311937207208754,-0.18648954767429388,0.1967180252058461,-0.37459574750577646,0.5516951193721209,0.16919357320039138,0.7855074662390952,1.3370270646853089,0.2487701141539419,-0.30288486837793704,-1.3236990227617098,-1.3344233031981458,1,82.44425312834834
-0.3785544138832705,0.26592983259916564,-0.4558263912776529,-0.25632630473467066,0.4384669264630894,-0.2906774777991832,0.3959138786978341,0.28107394993468815,0.5113134812311301,1.5641295751289352,0.22118111135502794,-0.012499349019517905,1.4747960364327508,1.4168516623449647,1,80.53279939523044
-0.423887195117455,0.18706885448889926,-0.4264318591957365,-0.2175290214677261,0.4679535049667638,-0.29340730630155587,0.3823655493464277,0.32386747328038273,0.5520815285247194,1.448925816746053,0.1440653934098401,0.005747063163236613,-1.4981968730618183,1.3906885035112078,1,186.5161993978099
-0.4966798470769522,0.21934729031975642,-0.3275793633850633,-0.31815644015170536,0.47943784704082415,-0.21800904676323313,0.3448213634211913,0.316818196595182,0.6198099782446443,1.5372546203083617,0.05822111222894052,-0.20574261139977454,-1.1837183027694411,-1.1755696670477631,1,107.72862735009187
-0.4966798470769522,0.21934729031975642,-0.3275793633850633,-0.31815644015170536,0.47943784704082415,-0.21800904676323313,0.3448213634211913,0.316818196595182,0.6198099782446443,1.5372546203083617,0.05822111222894052,-0.20574261139977454,-1.1837183027694411,-1.1755696670477631,1,81.20362484916008
-0.45918822215714333,0.23754022415091874,-0.42907985557312306,-0.2374842103718463,0.4277995365435627,-0.22044672597849183,0.46046854118670366,0.22039071219941933,0.4368594339624473,1.9360199107816074,0.13726957934785078,-0.026035782182523143,-1.50134300079669,-1.4628168736899274,1,197.5841132493219
-0.5606578186871306,0.1142172593066392,-0.15412641832592866,-0.37483106976553204,0.5037868608725397,-0.1664110343250849,0.21099737614051955,0.4270248447839778,0.8535312620156794,1.327476246349926,0.2351818510032682,0.22082876973043872,-1.4048935017057451,-1.4832345363908357,1,311.04700390314525
-0.5052744654757848,0.23561887246846888,-0.2554928132535336,-0.3952712794350818,0.45733896555614834,-0.19738615494268102,0.30342831317317,0.35703856190929384,0.7241835575755987,1.2795438503260115,0.10619794192512039,0.10619794192537499,-1.570796326790267,-1.4490387290002784,1,172.34732317657253
-0.5052744654757848,0.23561887246846888,-0.2554928132535336,-0.3952712794350818,0.45733896555614834,-0.19738615494268102,0.30342831317317,0.35703856190929384,0.7241835575755987,1.2795438503260115,0.10619794192512039,0.10619794192537499,-1.570796326790267,-1.4490387290002784,1,127.1003581774384
-0.14290080827246884,0.42028003643376777,0.480777077446699,0.1604564238299214,0.19947828138611204,-0.44670484121729287,-0.5373545505603422,-0.1340316190463962,0.8827047249403598,1.1743360861904366,0.006584402846358584,-0.09573295618412571,-1.5141901978526064,1.4427872681249463,1,183.14775781709162
-0.36929896858078004,0.33516113082041166,-0.44589146807427504,-0.2739320287330761,0.35701793400209325,-0.2934538381256146,0.4581725026529619,0.232224736038279,0.5683081448839232,1.438183968547623,0.06501117606030891,-0.41145624341536846,-1.2601228621125358,-1.1606689862505928,1,177.5712979521628
-0.36929896858078004,0.33516113082041166,-0.44589146807427504,-0.2739320287330761,0.35701793400209325,-0.2934538381256146,0.4581725026529619,0.232224736038279,0.5683081448839232,1.438183968547623,0.06501117606030891,-0.41145624341536846,-1.2601228621125358,-1.1606689862505928,1,194.56534007622267
-0.43855120379324175,0.28086124159015996,-0.3513155694636346,-0.35412638903905574,0.44833391201849576,-0.2458827293793808,0.3415328612383806,0.31914787682827656,0.5971169252568115,1.3172716688780985,0.050287169696662616,-0.349140962872986,-1.2196744606563303,-1.134169166978135,1,181.0575332770619
-0.49837135460201787,0.025852095192995538,-0.4913265721351302,-0.033813084550317465,0.5397236154213105,-0.08146652501784814,0.4499743113158376,0.08942751437517006,0.17740424270086072,6.074494895845614,0.36605651584944776,-0.0,-1.4070830550901303,-1.5202066180223555,1,184.0931315896522
-0.3810610404952251,0.2880990129757739,-0.4401342541655121,-0.1948638166628395,0.3057697786628808,-0.3437676885181238,0.5154255159978564,0.2505324922051894,0.6037864000533946,1.5122806248599205,0.21743741940370367,-0.0,-1.495467435957176,1.4909663410906084,1,88.2996150929947
-0.33533632490480425,0.33196407960020446,-0.4972888334763646,-0.22359698541713285,0.31929409041172263,-0.2873448519871732,0.5133310679694462,0.17897775780410158,0.625885931405346,1.6318510034328861,0.11065722117539459,-0.0,1.3650537154051938,1.4654961972388887,1,86.43756558322866
-0.388978597961906,0.32255011675947937,-0.4609096283805843,-0.2676563326725943,0.365277047212015,-0.24051670997704686,0.48461117913047524,0.1856229258901618,0.5580524786652497,1.6020170711805795,0.15176515532889157,0.15176515532946133,1.264917455398021,1.4532307526650188,1,80.05290385549966
-0.3900552697521351,0.2778608318105399,-0.45634875742520675,-0.2447132332113723,0.4031263111709248,-0.28392763961168893,0.44327771600641713,0.2507800410125213,0.5053997813601223,1.601361578592244,0.05123574656043676,0.030066125049270212,1.4601391056255741,1.4470302603355254,1,134.64151680926742
-0.4487224559349662,0.18025338786195025,-0.4659789304442086,-0.18096073074808744,0.46586106212337347,-0.2207676843385718,0.44884032425580134,0.22147502722470902,0.41209944505619495,2.10707823600671,0.08620557367613653,-0.08620557367630834,-1.4896352903356465,1.5633707207078382,1,243.06810710752524
0.2867332617369489,0.09070306019574312,-0.8434331675652487,0.006485508496603733,0.25450275781834253,-0.18519194642441364,0.30219714800995723,0.0880033777320668,0.3160736834998737,4.152414099877031,1.3235780257553853,-1.32357802575984,-1.5707963267902019,-1.5707963264615632,1,217.5183702011956
0.13177698152089168,-0.015203291407727797,0.36151660784357337,-0.010679971885849834,0.35725113826255644,0.023082794845079684,-0.8505447276270215,0.002800468448497934,0.04640508483352022,31.65801088853044,0.0028950873088407444,1.4648119688263352,-0.0,-1.4267999050909017,1,70.98907238206607
-0.41724377239764693,0.2414667090549948,-0.5229668911983257,-0.21448816652936814,0.4580044928991135,-0.06567687750439702,0.4822061706968592,0.038698334978770406,0.45831355837717225,2.2045450453993514,5.6329542909372e-07,-0.0,1.19240076449218,1.5646801951102076,1,249.97401753978716
-0.5378061588651114,0.18673382110986708,-0.3938761111998987,-0.2231032972957938,0.4822585268440586,-0.11554107508216697,0.44942374322095147,0.1519105512680937,0.41806037137842234,2.4889514392385994,0.21557537492323292,0.21557537492438428,-1.5707963267913878,-1.4133794540652094,1,257.61488823175523
-0.353736435155707,0.39672375185506875,-0.38155319400123,-0.2380516685363524,0.1765996386666185,-0.36157619609196656,0.5586899904903185,0.20290411277325013,0.712986357857496,1.2399357101857815,0.5512526605777687,0.17985349979341944,1.5649484402468556,1.5564603914190733,1,277.64817883390833
-0.06407872217730581,-0.43024776185744745,-0.5783741946417432,0.08083527709834377,0.1458752578674778,0.4400515129698133,0.4965776589515712,-0.09063902821070957,0.9355298186564813,1.2351519582808725,0.20457204244460714,0.18272156076015533,1.0599734448287113,1.1441688336572573,1,85.42443810320245
-0.353736435155707,0.39672375185506875,-0.38155319400123,-0.2380516685363524,0.1765996386666185,-0.36157619609196656,0.5586899904903185,0.20290411277325013,0.712986357857496,1.2399357101857815,0.5512526605777687,0.17985349979341944,1.5649484402468556,1.5564603914190733,1,172.7352668671059
-0.41724377239764693,0.2414667090549948,-0.5229668911983257,-0.21448816652936814,0.4580044928991135,-0.06567687750439702,0.4822061706968592,0.038698334978770406,0.45831355837717225,2.2045450453993514,5.6329542909372e-07,-0.0,1.19240076449218,1.5646801951102076,1,166.2384243854346
-0.5378061588651114,0.18673382110986708,-0.3938761111998987,-0.2231032972957938,0.4822585268440586,-0.11554107508216697,0.44942374322095147,0.1519105512680937,0.41806037137842234,2.4889514392385994,0.21557537492323292,0.21557537492438428,-1.5707963267913878,-1.4133794540652094,1,196.2552995502681
-0.25805989560676923,0.3587424588389029,-0.5314345949946443,-0.20192407000549034,0.3061956167135392,-0.34475794977977514,0.4832988738878744,0.18793956094636263,0.7138654099979005,1.4424063674318914,0.1327005965325581,0.15964666966199162,1.126377116899343,1.1839206090702215,1,97.0868274594096
-0.03602489640188074,0.4248887990896971,-0.5090828384116254,0.003318838013024842,-0.07823206509114929,-0.4046841320758761,0.6233397999046555,-0.023523505026845914,0.9394271673862888,1.365067007098695,0.23022818021257296,-0.1607627406272582,-1.4947527675063106,1.4858945333522158,1,124.51303390617676
-0.06407872217730581,-0.43024776185744745,-0.5783741946417432,0.08083527709834377,0.1458752578674778,0.4400515129698133,0.4965776589515712,-0.09063902821070957,0.9355298186564813,1.2351519582808725,0.20457204244460714,0.18272156076015533,1.0599734448287113,1.1441688336572573,1,67.2697786890712
-0.5063759467332886,-0.19787604436863787,0.29140969908167724,-0.3180606800374191,0.526317446210107,0.1827975969219663,-0.31135119855849563,0.33313912748409064,0.6724897387134741,1.5858318461024496,0.028062055200623066,-1.291573307011577,0.009803607479392082,-0.07677189127051334,1,124.45385716129236
-0.1607842580731053,0.4708640762517032,-0.5010088782253328,-0.15311639754235862,0.0971561284553868,-0.3816347641255723,0.5646370078430513,0.0638870854162278,0.9084618821261116,1.250026200149175,0.31025680768183833,0.1304033078901902,1.3061265548132253,1.452470544296259,1,106.48897047642954
-0.38766320932575093,0.3087728870916745,-0.45619289428919874,-0.26774629083998625,0.391034400263078,-0.2611162067306752,0.4528217033518716,0.22008961047898695,0.5240643485599092,1.5767291573929616,0.009389395429190258,0.009389395426445856,1.4352686128125833,1.5482195183112597,1,160.83189763409953
-0.42968047170953066,0.29224435408490956,-0.38256810002460273,-0.31694152961362426,0.4164547550548702,-0.2640255805453932,0.39579381667926317,0.2887227560741079,0.5154536358449309,1.388960659474384,0.03982181031823014,-0.05304752976170539,-1.5066950788456823,-1.4362996921284963,1,174.16940722039502
-0.2346293709108204,0.37559301478100326,-0.5315235266266553,-0.17059866586877118,0.23685384924039338,-0.36229441407646434,0.5292990482970823,0.15730006516423223,0.782767642284435,1.4376482555967882,0.014748592240498333,0.04834938665229219,1.2690431063774426,1.3028859043776349,1,110.96303003697983
-0.24875033162191584,0.36142123034220935,-0.456299396911461,-0.08033071071812059,0.08008174894485288,-0.42012691329933133,0.624967979588524,0.13903639367524262,0.8450625108837221,1.3834942674957096,0.33324430111191694,-0.0,-1.4453326852433686,1.3808080388823625,1,104.57487867880675
-0.2753675259264094,0.3853847141266608,-0.4994148636286418,-0.20615457346428578,0.2425152586443951,-0.34016722321065956,0.532267130910656,0.16093708254828462,0.7485388698540184,1.4219271446306578,0.16219883346392025,0.1621988334648312,1.2252407462202666,1.3176076675178812,1,82.48145065834225
-0.37399362904697253,0.2881377262637101,-0.37233699497437317,-0.32637849424943244,0.4128421453673426,-0.33412406128989297,0.3334884786540031,0.37236482927561537,0.555890733323222,1.1137270308447358,0.1091565469970437,0.2037446808854946,1.379611867204101,1.251253274337872,1,75.6063692168367
-0.37399362904697253,0.2881377262637101,-0.37233699497437317,-0.32637849424943244,0.4128421453673426,-0.33412406128989297,0.3334884786540031,0.37236482927561537,0.555890733323222,1.1137270308447358,0.1091565469970437,0.2037446808854946,1.379611867204101,1.251253274337872,1,114.92238293212333
-0.3836375240055689,0.3156195718144348,-0.4449589135431493,-0.25926521695411037,0.3587564853934813,-0.2898601397049419,0.46983995215523694,0.2335057848446175,0.5538921533013119,1.5108662574387695,0.10287898691464147,0.2698491559412027,1.2327302039650243,1.29059733484769,1,88.00707103031284
-0.25914843611147265,0.37256408010485104,-0.5094578315933276,-0.17443425817890823,0.22487507348934632,-0.36195593236765683,0.5437311942154538,0.163826110441714,0.7735884163729746,1.433846604483361,0.11598198448110673,0.11598198448144068,1.2756738595936203,1.2800093245879347,1,86.58398428778798
-0.34193839120972636,-0.0968329973474264,-0.15113286516524674,-0.26983377213089027,0.7657719307116817,0.025131722047594028,-0.2727006743367086,0.34153504743072266,0.6772195519293056,1.8118528234980988,0.4407508477795687,1.1300454790309085,0.9638086627522368,-0.13909594148344442,1,322.18783049453174
-0.3681338689285501,0.19307199471204495,0.5093200113854739,0.0549318647764677,0.4406817468525243,-0.09897518543874852,-0.5818678893094481,-0.1490286740497641,0.37329611057252726,3.1896690077933525,0.20506191660253556,0.7132345344405705,0.5942137038129714,0.4552796034926274,1,117.29701489416958
-0.6130648458101406,-0.01611099574495038,0.42760271429294733,-0.32397126226507633,-0.23723044317183953,0.02287590955384389,0.4226925746890329,0.3172063484561828,0.6672527397420203,1.6230566113068787,2.434437712415658,1.179805405958932,-0.9865708535407239,1.3628167167138383,1,226.06873831543808
-0.46611646437339543,0.2218237386905049,-0.4315299035684316,-0.2264019560216768,0.4403799939939511,-0.21336827161465624,0.457266373947876,0.21794648894582813,0.413883914191858,2.0600845717115828,0.11614162688026208,0.11614162688062966,1.516718050990058,1.5358643057311498,1,223.34245105361578
-0.4194403475891654,0.31834183839329416,-0.40243323452794755,-0.29581888618982644,0.36456491394116813,-0.26716625420256834,0.4573086681759448,0.24464330199910062,0.5384648107998379,1.427556306796122,0.20694689936722704,0.016062875392813404,1.5450785255930892,-1.4753129177213076,1,207.1197330009802
0.21404258023372252,0.28214987404511965,-0.7202948908439972,0.06667753936519304,0.09110226445223407,-0.4087394765266146,0.4151500461580407,0.05991206311630189,0.7844668151353016,1.6434541016769457,0.7391810983513722,-0.7009222643020023,1.4575799301488372,-1.3787483095452446,1,151.58314665531572
-0.49539603383526,0.19690648085333035,-0.42544447471077107,-0.21358631527471725,0.4631984617093996,-0.1720212841641561,0.4576420468366314,0.188701118585543,0.3934961348290825,2.3352285462413795,0.1533850293386001,0.1884583598725834,1.504385817127021,1.559734831065862,1,236.71477487990796
-0.3725541595534194,0.2569397332560339,-0.5108620891024634,-0.17621813130446362,0.34469205162696026,-0.25350172661081927,0.5387241970289227,0.17278012465924897,0.5357523561491335,2.0562324353612795,0.11807861957544337,-0.18629611658987782,1.5381104242834491,1.5401154201694087,1,241.37440927252078
-0.3725541595534194,0.2569397332560339,-0.5108620891024634,-0.17621813130446362,0.34469205162696026,-0.25350172661081927,0.5387241970289227,0.17278012465924897,0.5357523561491335,2.0562324353612795,0.11807861957544337,-0.18629611658987782,1.5381104242834491,1.5401154201694087,1,220.4072306701655
-0.46611646437339543,0.2218237386905049,-0.4315299035684316,-0.2264019560216768,0.4403799939939511,-0.21336827161465624,0.457266373947876,0.21794648894582813,0.413883914191858,2.0600845717115828,0.11614162688026208,0.11614162688062966,1.516718050990058,1.5358643057311498,1,214.8628096829245
-0.4308262852164139,0.19083746843965352,-0.36264492383288927,-0.2929810980289805,0.4936551086357152,-0.2819588047735295,0.299816100413588,0.3841024343628564,0.6259511277799287,1.3653875033503544,0.1431991372018468,-0.0,-1.4436661312284738,1.4522064675413868,1,137.42695419812873
-0.642930239630193,0.039373126451902496,0.03933500679455822,-0.423573525080102,0.489070467846904,-0.005406601208573172,0.11452476498873082,0.3896069998367726,0.9205209295124992,1.3920656887261447,0.2158087815700827,0.3016190462683408,1.4947527675252483,-1.3309023656032133,1,98.05082617849442
-0.5331739556257395,0.22189124004362246,-0.3012343891779558,-0.3151280633831189,0.44862229577736656,-0.20036596493550815,0.38578604902632885,0.2936027882750045,0.5976496682713658,1.6128577165569793,0.28117454675428755,-0.05875582271629741,-1.2562055545804425,-1.1822163073422534,1,116.94230896989701
-0.4589862381052199,0.22287307384897942,-0.38725563845053335,-0.28068835726127667,0.4805189520053697,-0.23996344124376154,0.36572292455038347,0.29777872465605887,0.5434728257694643,1.624129046369569,0.06882611152351914,-0.21799870468877777,-1.2581988348539412,-1.3018811680905171,1,164.87206822206448
0.11245382792302847,0.4357458868687401,0.5258107154809629,-0.07979291762617889,-0.04384192773701667,-0.3970931449236968,-0.5944226156669747,0.04114017568113565,0.9329740428948649,1.3450778462399517,0.22269628236161612,0.15895296982988583,1.2442148921115126,1.2451547414574389,1,100.82156036458984
-0.3152481221478238,0.34208308651384417,-0.49715602206745274,-0.20734456608504162,0.287863317628222,-0.3187219021383287,0.5245408265870545,0.18398338170952616,0.6751423744811025,1.5461397329012851,0.12029547692897961,0.12029547692926335,1.2717119151895486,1.3168573300073503,1,91.23796208520548
-0.47885887144122197,-0.14385472269633418,0.47885887144122197,-0.14385472269633418,0.47885887144122197,0.14385472269633418,-0.47885887144122197,0.14385472269633418,0.2755444406474261,3.328767123287671,1.8371385344770506e-07,-1.5707963267907814,-0.0,-0.0,1,466.2800932229536
-0.30157811974093734,0.37422318298897683,-0.4393752692367475,-0.2688221739008521,0.31934687053578387,-0.3831566227635455,0.421606518441901,0.2777556136754208,0.6520902191085142,1.1367899977517737,0.057588140482339394,0.2547583024384352,1.2545101988909535,1.2375520256918104,1,85.17450058774024
-0.502684692988554,-0.04737327298591035,0.49651278780900515,-0.024055064234031857,0.5006273912620377,0.023563827245929606,-0.4944554860824889,0.04786450997401259,0.09555321852092576,10.534811427443621,0.04774861166231578,-1.4612707535690854,-0.0,-0.0,1,238.9254450188289
-0.47885887144122197,-0.14385472269633418,0.47885887144122197,-0.14385472269633418,0.47885887144122197,0.14385472269633418,-0.47885887144122197,0.14385472269633418,0.2755444406474261,3.328767123287671,1.8371385344770506e-07,-1.5707963267907814,-0.0,-0.0,1,159.84464063238968
-0.502684692988554,-0.04737327298591035,0.49651278780900515,-0.024055064234031857,0.5006273912620377,0.023563827245929606,-0.4944554860824889,0.04786450997401259,0.09555321852092576,10.534811427443621,0.04774861166231578,-1.4612707535690854,-0.0,-0.0,1,317.3290194070327
-0.44510130683044924,0.24543364524753952,-0.4044478464127562,-0.2472202633187673,0.40954528315401084,-0.278050137495919,0.4400038700891946,0.2798367555671468,0.4937885771857353,1.586531585389994,0.13687496639033095,0.12542508509658093,1.5655607725411067,1.488854614525469,1,235.68639243305591
-0.37794420076090035,0.32276352974897726,-0.4073654318144516,-0.34140852053730236,0.43605815784032576,-0.27190551225968357,0.3492514747350262,0.29055050304800867,0.5601783748008272,1.2698872066224929,0.1973955598501918,-0.0,1.4443076228318585,-1.57079632678823,1,107.82910773209905
-0.44510130683044924,0.24543364524753952,-0.4044478464127562,-0.2472202633187673,0.40954528315401084,-0.278050137495919,0.4400038700891946,0.2798367555671468,0.4937885771857353,1.586531585389994,0.13687496639033095,0.12542508509658093,1.5655607725411067,1.488854614525469,1,279.93314879858355
-0.5123939760935469,0.16785695268640713,-0.3514629770718017,-0.271237391712055,0.5489817273134665,-0.1788628193058255,0.314875225851882,0.28224325833147346,0.5874509142621211,1.9176383191057202,0.11848995915846325,-0.0,-1.3217226824593133,-1.3568911400385606,1,167.63308635072082
-0.3672424786905608,0.33485042036055057,-0.4300998630300339,-0.24900993954453013,0.3126751556655139,-0.3341795641873401,0.4846671860550808,0.24833908337131966,0.6120065847143339,1.367303514360848,0.1798534997925809,-0.0,-1.563876022041196,1.5647541042572168,1,167.8377420697477
-0.3639610446985279,0.3409520520746366,-0.42016405877857166,-0.2804068179781318,0.34230226860408963,-0.33185769051635083,0.44182283487301,0.2713124564198461,0.5799531800345255,1.2811748092886912,0.07331626772872504,-0.1826268682770338,-1.4109983712014105,-1.3921653202775848,1,172.33524567224697
-0.41228006229545205,-0.10365092921414375,-0.16654085447369946,0.4757527079610985,0.6378690170989313,0.020844871536356613,-0.059048100329779744,-0.3929466502833113,0.9122638313308585,1.208875164264738,0.6338595342863306,-0.6338595342903592,-1.0504867459372282,-1.2220253232020684,1,156.97128163940593
-0.47535239508072064,0.2431263746008016,-0.33280238589799915,-0.3030868673608997,0.41980358856908073,-0.27289040032491435,0.38835119240963906,0.33285089308501237,0.569263491492012,1.4076157123019848,0.20340732504684036,0.045167000596074015,-1.4007798157810358,-1.4641909473009846,1,173.24175965800347
-0.4302932659980468,0.23053135480210513,-0.4179694279970832,-0.2585637969362716,0.461160059084142,-0.26637579104097225,0.3871026349109881,0.2944082331751387,0.4999127830404228,1.589655351413233,0.10610884448254804,-0.0,-1.5367186152041055,1.5179999090999297,1,184.1739437264381
-0.35506219885502344,0.34101210089492423,-0.42010928247698065,-0.3082093140169344,0.3804969286938906,-0.320599408602057,0.39467455263811346,0.28779662172406717,0.5390703630642368,1.2315139978966945,0.07656012798059264,-0.25700815802510757,-1.39817270554222,-1.3427873139372604,1,276.6592411856931
-0.4302932659980468,0.23053135480210513,-0.4179694279970832,-0.2585637969362716,0.461160059084142,-0.26637579104097225,0.3871026349109881,0.2944082331751387,0.4999127830404228,1.589655351413233,0.10610884448254804,-0.0,-1.5367186152041055,1.5179999090999297,1,219.13107169674106
-0.20324953691213796,0.40990277080942106,-0.48396625485535477,-0.15864511657072172,0.20526099332297598,-0.46126257679815386,0.48195479844451666,0.21000492255945455,0.8414769501594574,1.108768910462885,0.06765395268249108,-0.2791048118118064,-1.336595689411474,-1.466464495664255,1,248.17145600867013
-0.3143939429589067,0.326865198661984,-0.4657889673819712,-0.24344286722152741,0.35611234641008416,-0.36417070554565695,0.4240705639307936,0.2807483741052004,0.614924885838504,1.2877182298264227,0.15448985605164525,0.030293759919080912,1.4268708774137777,1.3433939785203726,1,87.96837378094517
-0.32426947869510364,-0.16360005087625465,-0.3511707726018565,0.25560463887496715,-0.12948616093731738,-0.11854217441995024,0.8049264122342775,0.026537586421237713,0.48464136169149247,2.757834568888585,1.6607451662085775,-1.196462710818252,-1.4743225515803509,-0.27159959175680465,1,33.60723484457478
-0.4710008064851648,0.1981156605059795,-0.2560328393343,-0.39816963144247364,0.49315770232948863,-0.21374306024837936,0.2338759434899761,0.4137970311848735,0.7828645666459938,1.187436077356731,0.04580069341556971,-0.19228487180925413,-1.2738713708171088,-1.32944083621224,1,89.38251911100508
-0.35506219885502344,0.34101210089492423,-0.42010928247698065,-0.3082093140169344,0.3804969286938906,-0.320599408602057,0.39467455263811346,0.28779662172406717,0.5390703630642368,1.2315139978966945,0.07656012798059264,-0.25700815802510757,-1.39817270554222,-1.3427873139372604,1,127.77053195716364
-0.4302932659980468,0.23053135480210513,-0.4179694279970832,-0.2585637969362716,0.461160059084142,-0.26637579104097225,0.3871026349109881,0.2944082331751387,0.4999127830404228,1.589655351413233,0.10610884448254804,-0.0,-1.5367186152041055,1.5179999090999297,1,208.51468225487008
-0.3355276956803202,0.37430662265372633,-0.4567793540911254,-0.30160582422826143,0.3634312723991534,-0.2903610691820221,0.4288757773722922,0.21766027075655722,0.5986253270010271,1.310310433768429,0.049384868592934617,-0.13489016227127518,1.5144761290501325,-1.411279950290032,1,194.6793385690498
-0.5028560038385745,0.20007347709960255,-0.29693903899687707,-0.2857531106079819,0.428307573988894,-0.2828578903431345,0.37148746884655753,0.36853752385151395,0.6092516081223085,1.4231650718899487,0.3138870205448088,0.11649146069587826,-1.2903847385041485,-1.4767350921606766,1,82.39014449814574
-0.46751635408306463,0.17903539957074838,-0.46166795861166054,-0.1881008296631651,0.48447380788853794,-0.18030797799839457,0.4447105048061871,0.18937340809081132,0.35935176073951525,2.5220003559344204,0.09122063876138052,0.0076921559757080005,-1.5707963267919116,1.567700361457443,1,203.0171977989869
-0.32959157672516093,0.31744388797324374,-0.5061333336860682,-0.2624542747019795,0.42879191940644656,-0.2668446287188261,0.40693299100478253,0.21185501544756183,0.5462660893473834,1.6001088954915,0.3411527855258988,-0.13679216417921716,1.4167630530619568,1.5544579114853405,1,210.34984206368296
-0.4123863857951643,0.2996274301568054,-0.37535413219002195,-0.33789960075580144,0.4251338815726604,-0.27424015573984906,0.3626066364125258,0.3125123263388451,0.5447331710795305,1.2876766745483597,0.048142136183674605,-0.2620326649088805,-1.3301002927287944,-1.2673658055064547,1,205.1689247000642
-0.4172813288129294,0.2783450794129557,-0.42373191262930154,-0.250834886153775,0.38122643032905307,-0.28653479462488796,0.459786811113178,0.2590246013657073,0.49908194537772826,1.56408249673857,0.13082739607427188,-0.0,-1.5386645323979193,-1.5609605784066025,1,146.23322858752348
-0.3886294336714581,0.32219243908601886,-0.4116596883408418,-0.3274057536067243,0.42161035107432104,-0.26881043870458576,0.37867877093797897,0.2740237532252912,0.5412907116291007,1.2827468561158628,0.11436178855429575,-0.2674107971850372,-1.4090279181924077,-1.276129842907739,1,155.7242666755831
-0.4123863857951643,0.2996274301568054,-0.37535413219002195,-0.33789960075580144,0.4251338815726604,-0.27424015573984906,0.3626066364125258,0.3125123263388451,0.5447331710795305,1.2876766745483597,0.048142136183674605,-0.2620326649088805,-1.3301002927287944,-1.2673658055064547,1,225.40920554204268
-0.460059728889248,0.24562637030629353,-0.4009418709685949,-0.25336167818589556,0.41474948057787203,-0.2529184487800117,0.4462521192799709,0.26065375665961366,0.46585827874233826,1.7631996759817474,0.17918926873780258,-0.0,-1.4534139095450729,-1.4694498235271318,1,244.04729538827817
-0.460059728889248,0.24562637030629353,-0.4009418709685949,-0.25336167818589556,0.41474948057787203,-0.2529184487800117,0.4462521192799709,0.26065375665961366,0.46585827874233826,1.7631996759817474,0.17918926873780258,-0.0,-1.4534139095450729,-1.4694498235271318,1,274.6491803584431
-0.409657358022937,0.24178106152305576,-0.4463349813095657,-0.23745543017919613,0.43723318603155675,-0.2774638576790037,0.418759153300946,0.27313822633514406,0.48649447430658327,1.6047308809648804,0.10992438568954142,0.20539538919095587,1.334266003373462,1.2511825212862928,1,173.2516124588464
-0.3688875147363962,0.3313028932904331,-0.4569432275511705,-0.22144000765180138,0.27056836293920655,-0.28813642605472467,0.5552623793483601,0.17827354041609303,0.6269999521751976,1.6340674143346068,0.3900480722637126,0.39004807226735716,1.1141908549094695,1.1868692104652672,1,104.20579167793582
-0.41020181061683797,0.27127269911119134,-0.3352052957373539,-0.3524456618568484,0.4268948264039623,-0.3018907238551264,0.31851227995022957,0.3830636866007835,0.6156924020912435,1.1381182833042132,0.03726562509664248,0.18383050047846602,1.4403930189097922,1.3544104819809626,1,160.17117791386514
-0.46675223325689713,0.2568672038668543,-0.3832507667795579,-0.2858751182173208,0.42898182430128484,-0.23634549302216254,0.42102117573517017,0.265353407372629,0.49375416386849996,1.624977692508795,0.1367880424992703,0.08843865584760997,-1.5674850806153815,-1.5161395721890942,1,225.41424231216035
-0.48641519701693364,0.14805628600743137,-0.4676674787342086,-0.15114806058694225,0.4775262279881963,-0.14808509136065662,0.476556447762946,0.1511768659401675,0.29142352049111336,3.1884285430189045,0.059336205705017686,0.059336205703957395,-1.5707963267917617,-1.5707963267918197,1,139.80093062656456
-0.38228314709524175,0.29185125086718877,-0.45456855996441586,-0.25902217480564,0.40432618258260544,-0.28461270609083944,0.4325255244770522,0.2517836300292907,0.5113777661111879,1.5388543788975457,0.07795070097382298,-0.06725592157694821,1.5373639723458403,1.556712750975557,1,192.17756377338145
-0.3947070955556225,0.3583909598579294,0.4243708183070258,0.3057999442607263,0.317679826738603,-0.3293351057264392,-0.3473435494900063,-0.3348557983922165,0.5678231085395732,1.1815099084345064,0.07242088022475053,-0.23783592745883841,-1.4352686128019585,-1.200625498946194,1,111.02951036229027
-0.3947070955556225,0.3583909598579294,0.4243708183070258,0.3057999442607263,0.317679826738603,-0.3293351057264392,-0.3473435494900063,-0.3348557983922165,0.5678231085395732,1.1815099084345064,0.07242088022475053,-0.23783592745883841,-1.4352686128019585,-1.200625498946194,1,61.87712796542562
-0.5020559383817751,0.21479555553947355,-0.29973655407051625,-0.3205936132978415,0.45246627750412804,-0.24444696998533416,0.34932621494816335,0.35024502774370214,0.6403303861488622,1.4228790017282136,0.18957766653536118,0.28605144172050295,1.5451609182817605,1.4882773723693827,1,77.80059428553955
-0.42881128097468113,0.2939470341830384,-0.37547860195046046,-0.3373233217782738,0.43528684783043,-0.25067759514508997,0.3690030350947116,0.2940538827403253,0.5455718609947233,1.3685925348919634,0.0368018138519845,-0.09922062384775047,-1.493756123212534,-1.3874250928681173,1,189.30215944702488
-0.27295897775659084,0.40233112037591745,-0.45088185632606065,-0.2569395851626615,0.29028578663627647,-0.39789224737419643,0.433555047446375,0.2525007121609405,0.7077470776992618,1.1052375366881553,0.04678004132714128,-0.14721615337623137,-1.4992463201724995,-1.4782046969838047,1,177.94323050357076
-0.47917512801795636,0.21177143980228635,-0.4361046249652537,-0.2346352617193167,0.49057308052542203,-0.16032958337617112,0.4247066724577879,0.18319340529320147,0.4329020990823332,2.1723424071321857,0.09325391510520722,-0.0,-1.5546252298053385,-1.4430049196553996,1,185.154450895174
-0.3192062540220313,0.31376349429946976,-0.45326998496542487,-0.23573284438414138,0.3520350678177797,-0.3817195161306877,0.42044117116967644,0.3036888662153593,0.6076512651152536,1.256265276120418,0.13982668796846942,-0.2256806971978467,-1.4050826776855796,-1.5707963267910943,1,190.56376785875128
-0.47917512801795636,0.21177143980228635,-0.4361046249652537,-0.2346352617193167,0.49057308052542203,-0.16032958337617112,0.4247066724577879,0.18319340529320147,0.4329020990823332,2.1723424071321857,0.09325391510520722,-0.0,-1.5546252298053385,-1.4430049196553996,1,206.57557374625134
0.49148155625913476,0.024561253877691848,-0.5035513883196586,0.10866252189624276,-0.48365247600365985,-0.1109766760013251,0.49572230806418366,-0.022247099772609497,0.21947967315388486,4.549614576765432,0.1746721990083159,1.3961241277830916,0.0,0.0,1,863.5304501746316
0.49148155625913476,0.024561253877691848,-0.5035513883196586,0.10866252189624276,-0.48365247600365985,-0.1109766760013251,0.49572230806418366,-0.022247099772609497,0.21947967315388486,4.549614576765432,0.1746721990083159,1.3961241277830916,0.0,0.0,1,140.08179701803377
0.49148155625913476,0.024561253877691848,-0.5035513883196586,0.10866252189624276,-0.48365247600365985,-0.1109766760013251,0.49572230806418366,-0.022247099772609497,0.21947967315388486,4.549614576765432,0.1746721990083159,1.3961241277830916,0.0,0.0,1,375.9455558391405
0.49148155625913476,0.024561253877691848,-0.5035513883196586,0.10866252189624276,-0.48365247600365985,-0.1109766760013251,0.49572230806418366,-0.022247099772609497,0.21947967315388486,4.549614576765432,0.1746721990083159,1.3961241277830916,0.0,0.0,1,657.4858991045054
-0.47832110741793815,0.28073909793290747,-0.3309596626169332,-0.3689717151455109,0.4547371345941774,-0.1907671772466212,0.354543635440694,0.2789997944592246,0.6062180290672113,1.436113149465927,0.012902509780356518,-0.0,-1.5707963267910505,-1.3456706506283465,1,124.5006179257886
-0.5130210097077964,0.255267297765328,-0.33381071990871675,-0.3233785899344828,0.4368310641400431,-0.18320369524122543,0.41000066547647007,0.2513149874103802,0.5496279964551894,1.6415083802351371,0.23866861528223832,0.12041110614351166,-1.5707963267921643,-1.3865878151301818,1,214.17834133164848
-0.3537849933477155,0.33584410203804455,-0.4310147079911256,-0.2520896595647894,0.32289147647532485,-0.35139016567519765,0.4619082248635163,0.2676357232019426,0.6136472378847203,1.2992991979661093,0.09029830615597007,-0.13317829498552444,-1.43726727769936,-1.4848020355972331,1,195.00487903610536
-0.5033889416536738,-0.05337822311069541,0.5087843721321028,-0.13816921407282715,0.46798253219531016,0.1424562278651279,-0.4733779626737392,0.04909120931839468,0.284041583498938,3.6068479992258276,0.18243371670135133,-1.340059579241451,-0.45869715439686404,-0.029403288204869416,1,172.7564625740572
-0.3954877057159669,0.28732036401162603,-0.3925233967743718,-0.31532704434440384,0.42797148399174445,-0.2977260425288732,0.36003961849859417,0.32573272286165106,0.5278865564577121,1.2845279517331307,0.10361275326134756,0.1793975034729643,1.374869194674444,1.3455195475848,1,141.2825994923115
-0.38604467098773926,0.34014383391882036,-0.3565246993032232,-0.37506491941916414,0.39623064878137604,-0.2907026859939063,0.3463387215095864,0.32562377149425004,0.5594901562191421,1.0937720156781097,0.03952314871583693,-0.20623067132177422,-1.4349199985613608,-1.3034912769763032,1,186.63993203728901
-0.3343207044548353,0.3574372917449499,-0.4548473477897671,-0.2582552308722532,0.3218049475581405,-0.3324170710373228,0.46736310468646197,0.23323501016462608,0.6361909040441405,1.3368190479463433,0.058550427675819736,0.2313383758863977,1.2413451545424514,1.2998494764596995,1,159.38448263797304
-0.3343207044548353,0.3574372917449499,-0.4548473477897671,-0.2582552308722532,0.3218049475581405,-0.3324170710373228,0.46736310468646197,0.23323501016462608,0.6361909040441405,1.3368190479463433,0.058550427675819736,0.2313383758863977,1.2413451545424514,1.2998494764596995,1,225.62938589564612
-0.42081302788364483,0.3064454326683401,-0.3308631217505138,-0.3594221210478505,0.3912223244501479,-0.2944226979490981,0.36045382518401076,0.34739938632860845,0.5739640517795453,1.1488549002248964,0.08637133440136888,-0.1621160862570338,-1.364180575584732,-1.3267782781621782,1,172.97617551054896
-0.6077654176566213,-0.12680643213228612,0.2825111650235678,-0.3998546183803449,0.452954005964781,0.1776434139634651,-0.1276997533317275,0.34901763654916584,0.7943433466148906,1.4164223826415425,0.010600309657607504,1.5601960171426226,-0.0,0.5028432109302067,1,100.75486094686129
-0.46619750088291034,0.24664037297846242,-0.3928366917541113,-0.2540644483724337,0.4062618548301231,-0.254047504562468,0.4527723378068986,0.26147157995643927,0.47376206079216915,1.7825521170046636,0.23545706497222252,0.022518715392844467,-1.4478562587860349,-1.4639726027214928,1,209.9790601614177
-0.26636128182356195,0.4228130885421879,-0.4408631907828277,-0.23467280881966193,0.23544270802290204,-0.4143351823920532,0.4717817645834876,0.2261949026695272,0.7640191463617685,1.0901831695212383,0.09405054697849662,0.008196537749946177,1.562828367937359,1.5634971863548488,1,185.02020500078152
-0.34613931175069457,0.3817153815830657,0.45036099088548304,0.24257465524945274,0.3167868998080986,-0.32522688306155806,-0.421008578942887,-0.2990631537709604,0.6160079770368796,1.232589439628996,0.13749778873738477,-0.042575153667462604,1.555269624325767,-1.4648119688026668,1,195.96960880444257
-0.377442305169659,0.3251663271080565,-0.41747547824170056,-0.30437866393620444,0.3907032347945963,-0.3007535546262065,0.4042145486167632,0.27996589145435447,0.5172908405997702,1.305212555969163,0.04024282729941845,-0.029548047902039246,1.532353736777549,-1.5469913006058607,1,94.39927103719116
-0.25473089088080686,0.41720059812106647,-0.5070732153138096,-0.24324440255052948,0.28013436485501253,-0.33106145241445695,0.4816697413396039,0.15710525684391996,0.7398388321980393,1.3213859448648775,0.02656457300997264,-0.30026207992195286,-1.5244010729471849,-1.2959757789974407,1,158.30598842351944
-0.35474392166909113,0.3442538462271623,-0.44872239875697506,-0.27292398285017727,0.34989135412142236,-0.3087112312273715,0.45357496630464383,0.2373813678503864,0.5891686688644817,1.3818462827737463,0.03652065395434946,-0.2867997578672398,-1.3903253525483228,-1.303653805925937,1,139.53854224516925
-0.35474392166909113,0.3442538462271623,-0.44872239875697506,-0.27292398285017727,0.34989135412142236,-0.3087112312273715,0.45357496630464383,0.2373813678503864,0.5891686688644817,1.3818462827737463,0.03652065395434946,-0.2867997578672398,-1.3903253525483228,-1.303653805925937,1,137.83081081310073
-0.36589600189019555,0.32732237333211084,-0.4316490464386567,-0.30357574864221687,0.4019380407663018,-0.29661881373363436,0.39560700756255046,0.2728721890437404,0.5259085278196585,1.3212705160642062,0.11496296679605598,-0.3587706702720943,-1.324217665030165,-1.244489995257613,1,164.16072877156614
-0.36589600189019555,0.32732237333211084,-0.4316490464386567,-0.30357574864221687,0.4019380407663018,-0.29661881373363436,0.39560700756255046,0.2728721890437404,0.5259085278196585,1.3212705160642062,0.11496296679605598,-0.3587706702720943,-1.324217665030165,-1.244489995257613,1,156.27678318658775
-0.2692384253528383,0.41291747709420945,0.38214613204972353,0.2537416158168876,0.3412033634320007,-0.3627878328475987,-0.45411107012888585,-0.3038712600634984,0.6486891522070275,1.0780604328225416,0.16572400873643145,0.173357448254605,-1.5707963267899705,1.3846906098353748,1,184.18683628783688
-0.3983267803619603,0.29971498888309117,-0.35419863424195813,-0.33800177508830653,0.3981420768498403,-0.31772989656917766,0.354383337754078,0.3560166827743931,0.5527640880178005,1.1476191276880552,0.004229692747819251,0.008031955789613878,-1.5366798765355598,1.557191724020522,1,175.67946680731717
-0.2692384253528383,0.41291747709420945,0.38214613204972353,0.2537416158168876,0.3412033634320007,-0.3627878328475987,-0.45411107012888585,-0.3038712600634984,0.6486891522070275,1.0780604328225416,0.16572400873643145,0.173357448254605,-1.5707963267899705,1.3846906098353748,1,143.48332757836502
-0.3607521837243573,0.2628862510189892,-0.4882756107058893,-0.22562080789543898,0.4236177471469693,-0.29277757318647524,0.42541004728327736,0.25551213006292506,0.5077020668399465,1.644313734649961,0.2520798708204828,0.07982998571263478,1.3091302942529552,1.2449972115252586,1,233.4975703842652
-0.39684672618723665,0.2846006578057008,-0.42387301643559916,-0.26417925142931015,0.39454473515994265,-0.3056399913397334,0.4261750074628932,0.28521858496334274,0.5022581651899065,1.438665795827371,0.004273478262313436,0.004273478258367751,1.5679310051263893,1.5165638439805509,1,206.20611098657423
-0.22407854601841484,0.4350636617338134,-0.46085615470243635,-0.15098071041671215,0.09344824708247866,-0.39342214702469236,0.5914864536383725,0.10933919570759108,0.8718509169622704,1.2701999204038927,0.3967059412881177,0.050167076854348486,1.5489657342949772,1.5166324887610199,1,241.03847994783595
-0.43264430362882617,0.17944104037426503,-0.3941591844340304,-0.2709887865335503,0.5247962046170787,-0.2550695113565883,0.30200728344577793,0.3466172575158735,0.5913210447104229,1.5502447190579725,0.26938696520486516,-0.005524805665703164,-1.4973591459625342,1.437806678428773,1,231.14256154934282
-0.4075214399550368,0.31098833356927635,-0.4063100159093681,-0.3082348676626012,0.40207315104946395,-0.2714734364905678,0.411758304814941,0.2687199705838927,0.5073170262609012,1.3230766275231765,0.019883486097225157,-0.16952821145867086,-1.4447557038370353,-1.3477653584200702,1,189.23623564799917
-0.35039244364869115,0.34929511603104335,-0.43870215163641313,-0.2390161547088718,0.28851790379029346,-0.34300179823490484,0.5005766914948108,0.23272283691273332,0.650259844735036,1.3567572291249543,0.2039187721892931,0.05203631480948673,1.5117931630050687,1.505905611724893,1,154.705436185183
-0.4075214399550368,0.31098833356927635,-0.4063100159093681,-0.3082348676626012,0.40207315104946395,-0.2714734364905678,0.411758304814941,0.2687199705838927,0.5073170262609012,1.3230766275231765,0.019883486097225157,-0.16952821145867086,-1.4447557038370353,-1.3477653584200702,1,178.35360805217036
-0.3841108289873326,0.2836687952697184,-0.4458668358006397,-0.23636065640352702,0.3750217375531371,-0.31398324564307967,0.45495592723483513,0.2666751067768882,0.5383785628288574,1.5072696173841253,0.01860022892340752,-0.14865370854065676,-1.4460649679422326,-1.5200935512759466,1,208.32742096701259
-0.40133587623697586,0.2947192074602946,-0.40158845651507985,-0.2821927644273984,0.3851877246196708,-0.3130303527728591,0.41773660813238495,0.3005039097399629,0.5026839992967524,1.335418597963536,0.05256395138384242,0.0934767811591703,1.5160565467495684,1.469819345355511,1,141.25481726989628
-0.39467652039372864,0.3167130558023637,-0.4082923948795092,-0.30753152482153756,0.3959671110425055,-0.2875769790492429,0.40700180423073234,0.27839544806841676,0.5089429854086722,1.306049302495179,0.002313900130947684,-0.17493752136948648,-1.4424730991055763,-1.3699067210626128,1,170.94848602893327
-0.3841108289873326,0.2836687952697184,-0.4458668358006397,-0.23636065640352702,0.3750217375531371,-0.31398324564307967,0.45495592723483513,0.2666751067768882,0.5383785628288574,1.5072696173841253,0.01860022892340752,-0.14865370854065676,-1.4460649679422326,-1.5200935512759466,1,187.83525120020127
-0.4032903057142782,0.3304322420131917,-0.42805300396460333,-0.2884705314058479,0.35722080106130105,-0.25384089330404835,0.4741225086175805,0.21187918269670458,0.5583589268478572,1.4577015184440758,0.2059423602828945,0.36254423726736623,1.1241925217948165,1.3025660408630069,1,72.2868376588112
-0.3027383187188522,0.32322598029839456,-0.4977504490549364,-0.18061803610853752,0.2879679488518647,-0.36089372439112954,0.5125208189219239,0.2182857802012726,0.6911464815046406,1.4767463370103546,0.0005738589996133302,0.0044052578468302675,1.4226363060659852,1.3251154165952677,1,257.4875676785707
-0.417418451931471,0.25226744801607853,-0.4487675816226444,-0.2555987182581161,0.45530023591662466,-0.24253605545596826,0.4108857976374907,0.24586732569800587,0.45914545654554667,1.7801300373515474,0.15233751050713779,-0.1523375105076462,-1.4945555029184567,-1.4723811206239783,1,256.6062184112767
-0.2877673043076624,0.38951229538510196,-0.476646604064072,-0.19388296189526574,0.1726262402250012,-0.3231363048432487,0.5917876681467332,0.12750697135341255,0.761418188527027,1.4992441883257077,0.43611100732125696,0.35691193635444474,1.097280617077097,1.190289949687458,1,77.23447377015098
-0.4479221070907753,0.23489288776011258,-0.44572681350877025,-0.23554477844010413,0.44697983320795726,-0.21266809791170938,0.4466690873915882,0.21331998859170095,0.4209955802721814,1.902275273846515,0.003936987537271803,0.003936987532972388,1.5459052030926692,-1.5459567162887387,1,236.0773205428547
-0.417418451931471,0.25226744801607853,-0.4487675816226444,-0.2555987182581161,0.45530023591662466,-0.24253605545596826,0.4108857976374907,0.24586732569800587,0.45914545654554667,1.7801300373515474,0.15233751050713779,-0.1523375105076462,-1.4945555029184567,-1.4723811206239783,1,272.8797222101061
-0.47481281272563547,0.2677839161083703,-0.3482531873287496,-0.3213745502729158,0.4245374904962055,-0.23568292134419655,0.3985285095581796,0.28927355550874206,0.5491865590965768,1.4727799770550847,0.16209405259876133,-0.11620560640690253,-1.35342692534566,-1.267593392270346,1,210.11974446425543
-0.4441713272477029,0.2295973309134725,-0.45191911799528717,-0.21094875913540137,0.4140307541510484,-0.22988009937486753,0.48205969109194174,0.2112315275967964,0.4291421831431641,2.032697903139923,0.1354310889600516,0.004273478258367751,-1.5707963267927227,1.5687638092705936,1,288.4389057813558
-0.23858436122872265,0.2632784899875599,0.6182101623874436,0.002711052122876564,0.2482751076000557,-0.12083981169177811,-0.6279009087587766,-0.14514973041865836,0.5089469272167372,3.0509916036331957,0.3229696942986778,0.8250598933246951,-0.2074962264378552,0.2795221522860958,1,72.10172854524504
-0.43763056727353994,-0.2340571082408733,0.4785323642787122,-0.1315675479290622,0.44718999109467217,0.14860460239272746,-0.48809178809984444,0.21702005377720807,0.4360220793930527,2.1429241685700986,0.18442458922399804,-1.5707963267918386,-0.0,-0.0,1,357.6966699386165
-0.43763056727353994,-0.2340571082408733,0.4785323642787122,-0.1315675479290622,0.44718999109467217,0.14860460239272746,-0.48809178809984444,0.21702005377720807,0.4360220793930527,2.1429241685700986,0.18442458922399804,-1.5707963267918386,-0.0,-0.0,1,235.61975731180772
-0.40812893710484444,0.2893628372632545,-0.4066366973586305,-0.29042471566637523,0.40812893710484444,-0.2893628372632545,0.4066366973586305,0.29042471566637523,0.47412292205557754,1.4052830736819302,1.9655981597711058e-07,0.0044052578468302675,1.567661540828219,1.567661540828219,1,226.8330023255254
-0.23873184810841716,0.38712494774512685,-0.5322245332738651,-0.1802354596283657,0.21631476765453103,-0.3288028771215953,0.5546416137277512,0.1219133890048341,0.7781177165441422,1.5181225107488292,0.16652460781749162,-0.16202856273609728,1.4513674007844446,-1.5635500768077535,1,80.42065437777734
-0.3610256374935397,0.3221436280501897,-0.4625946842286068,-0.20102010767472153,0.26273368111231965,-0.3060437167685009,0.5608866406098268,0.1849201963930327,0.6429380159217712,1.6292612916833498,0.3539974368321996,-0.0,1.5228331399258015,1.5267995799354714,1,81.85184100048521
-0.4206176033600985,0.31872793813634037,-0.37609269123588807,-0.3106635413156797,0.3626247824824918,-0.29001847687991184,0.43408551211349483,0.28195408005925116,0.5379428583401757,1.3579832955758169,0.1949184336137842,-0.1253891203420376,-1.402721970187765,-1.3317832901352742,1,187.71450449280113
-0.40812893710484444,0.2893628372632545,-0.4066366973586305,-0.29042471566637523,0.40812893710484444,-0.2893628372632545,0.4066366973586305,0.29042471566637523,0.47412292205557754,1.4052830736819302,1.9655981597711058e-07,0.0044052578468302675,1.567661540828219,1.567661540828219,1,210.06982120762333
-0.47742806098863466,0.15675650136997887,-0.2959777742912071,-0.34433132801888383,0.5605029763478131,-0.19277808346195388,0.2129028589320287,0.3803529101108588,0.7521722630233771,1.4322528112590511,0.1977556606628999,0.41726739207610425,1.3258176636736347,1.187719261264309,1,130.01708906039576
-0.3610256374935397,0.3221436280501897,-0.4625946842286068,-0.20102010767472153,0.26273368111231965,-0.3060437167685009,0.5608866406098268,0.1849201963930327,0.6429380159217712,1.6292612916833498,0.3539974368321996,-0.0,1.5228331399258015,1.5267995799354714,1,104.67552728099345
-0.3610256374935397,0.3221436280501897,-0.4625946842286068,-0.20102010767472153,0.26273368111231965,-0.3060437167685009,0.5608866406098268,0.1849201963930327,0.6429380159217712,1.6292612916833498,0.3539974368321996,-0.0,1.5228331399258015,1.5267995799354714,1,84.64195111309613
-0.535673184871281,0.13647739765195324,-0.20471798584507628,-0.37348182434064314,0.5319752174526341,-0.16302011383869416,0.20841595326372309,0.400024540527384,0.8258328346387286,1.3802709981657015,0.05408165555759633,-0.07130746478592485,-1.202100424130255,-1.264228987333933,1,71.17788724307421
-0.48713221610199936,0.24606452361583098,-0.37836703056040955,-0.262633264966517,0.40481778730775503,-0.23022611448447255,0.460681459354654,0.2467948558351586,0.48284293955801205,1.860544474783018,0.32721788076095015,0.1749180804891474,1.5651625835848115,-1.5358455302619156,1,218.86522704108873
-0.3877207879562946,0.32080112879546274,-0.41002694587372784,-0.23245576735366033,0.2915329966390608,-0.34371745743114906,0.5062147371909617,0.2553720959893467,0.6088596278720388,1.378805201322444,0.3037950808860724,0.5293963247264992,1.1583858852040667,1.0741657595991572,1,97.49543274460474
-0.3877207879562946,0.32080112879546274,-0.41002694587372784,-0.23245576735366033,0.2915329966390608,-0.34371745743114906,0.5062147371909617,0.2553720959893467,0.6088596278720388,1.378805201322444,0.3037950808860724,0.5293963247264992,1.1583858852040667,1.0741657595991572,1,122.4921734537098
-0.5300964788353137,0.15904652896599797,-0.24399501079248828,-0.3338267450261656,0.49350912844037925,-0.21689288569234497,0.2805823611874228,0.3916731017525126,0.7426257112403111,1.4108970688562463,0.1893700499762401,-0.0,-1.202100424130255,-1.3243002141438331,1,91.41000261709947
-0.48713221610199936,0.24606452361583098,-0.37836703056040955,-0.262633264966517,0.40481778730775503,-0.23022611448447255,0.460681459354654,0.2467948558351586,0.48284293955801205,1.860544474783018,0.32721788076095015,0.1749180804891474,1.5651625835848115,-1.5358455302619156,1,223.42915121823316
-0.48713221610199936,0.24606452361583098,-0.37836703056040955,-0.262633264966517,0.40481778730775503,-0.23022611448447255,0.460681459354654,0.2467948558351586,0.48284293955801205,1.860544474783018,0.32721788076095015,0.1749180804891474,1.5651625835848115,-1.5358455302619156,1,221.3094000237184
-0.45475266730796104,0.2054247356199837,-0.42766596025593473,-0.2091006920487394,0.4366476030979012,-0.2579693780348484,0.44577102446599454,0.26164533446360405,0.467925359199169,1.7330604197944792,0.08280737924142995,0.005376292285737793,-1.4544411615854593,1.5683210843277577,1,279.1036233381223
-0.4604978291176334,0.23407202435720575,-0.42183286996347846,-0.26159011755010086,0.4749071813648521,-0.20403707433213963,0.40742351771625984,0.23155516752503483,0.4636448510465754,1.8871826823066402,0.0758529850276442,0.08074889195532743,1.5038040748373298,-1.5707963267915963,1,195.72534647084277
-0.4604978291176334,0.23407202435720575,-0.42183286996347846,-0.26159011755010086,0.4749071813648521,-0.20403707433213963,0.40742351771625984,0.23155516752503483,0.4636448510465754,1.8871826823066402,0.0758529850276442,0.08074889195532743,1.5038040748373298,-1.5707963267915963,1,208.1664262747638
-0.3747623424015126,0.33131433151991063,-0.41000600039467966,-0.2970014984716365,0.36621721721507516,-0.3201253999426824,0.41855112558111723,0.28581256689440826,0.539755031647091,1.2718860793392892,0.030121079470008985,-0.12025034853821068,-1.4767980604904212,-1.4492856967805874,1,217.68308119382635
-0.49784425154234835,0.16566436693855302,-0.46459971665972744,-0.17472093728015275,0.499187886296608,-0.08059034412936111,0.46325608190546785,0.08964691447096085,0.33937508755413975,2.9291280366156442,0.11065722117613051,-0.0,-1.5707963267909284,-1.3945078742836126,1,166.19897541295109
-0.3747623424015126,0.33131433151991063,-0.41000600039467966,-0.2970014984716365,0.36621721721507516,-0.3201253999426824,0.41855112558111723,0.28581256689440826,0.539755031647091,1.2718860793392892,0.030121079470008985,-0.12025034853821068,-1.4767980604904212,-1.4492856967805874,1,171.61560282711673
-0.49379535030070176,0.07142186610790247,-0.4927080728271891,-0.0785728064144669,0.5399475572306616,-0.07108731919297548,0.4465558658972293,0.07823825949953991,0.16210232721103768,6.592282894743249,0.551654982530594,-0.0,-1.5707963267893101,-1.5707963267887617,1,157.0255293314631
-0.6753705706580969,0.18466386787721656,-0.015343192138961946,-0.25199624204079574,0.15704808867725237,-0.225473109866501,0.5336656741198065,0.29280548403008017,0.6586850330372519,2.2192224931031403,1.6147264380906292,1.1365520060020715,1.267911458438905,1.331361612415681,1,192.86353805186985
-0.49784425154234835,0.16566436693855302,-0.46459971665972744,-0.17472093728015275,0.499187886296608,-0.08059034412936111,0.46325608190546785,0.08964691447096085,0.33937508755413975,2.9291280366156442,0.11065722117613051,-0.0,-1.5707963267909284,-1.3945078742836126,1,219.18377717496324
-0.5387640799517563,0.24025512800104856,-0.37687817456729644,-0.28890400904202906,0.4740097177979724,-0.028591473183817506,0.44163253672108044,0.07724035422479802,0.5359185088370868,1.9139304735605107,7.99957843510503e-07,-0.0,-1.5707963267899214,-1.1091407470276977,1,136.31893548669842
-0.5387640799517563,0.24025512800104856,-0.37687817456729644,-0.28890400904202906,0.4740097177979724,-0.028591473183817506,0.44163253672108044,0.07724035422479802,0.5359185088370868,1.9139304735605107,7.99957843510503e-07,-0.0,-1.5707963267899214,-1.1091407470276977,1,124.22617833664854
-0.36662081793497375,0.23630746125057012,0.406122069612889,0.3632735815694025,0.3774572040656708,-0.3913550367786358,-0.41695845574358603,-0.20822600604133681,0.6211201196389342,1.090709397104877,0.3894133233046508,-0.5374926793625556,-1.2341215074026015,-1.3089110621047593,1,164.35426398314542
-0.36662081793497375,0.23630746125057012,0.406122069612889,0.3632735815694025,0.3774572040656708,-0.3913550367786358,-0.41695845574358603,-0.20822600604133681,0.6211201196389342,1.090709397104877,0.3894133233046508,-0.5374926793625556,-1.2341215074026015,-1.3089110621047593,1,232.47712618933377
-0.2752750137164821,0.3883957890509759,-0.4888315515953551,-0.25403028616897444,0.32214808395250877,-0.3515689099671884,0.4419584813593284,0.217203407085187,0.6887517665844196,1.2578843750110231,0.1133179500464737,-0.09839368505662288,1.467957554599259,-1.5590321636412168,1,151.78929409233456
-0.2752750137164821,0.3883957890509759,-0.4888315515953551,-0.25403028616897444,0.32214808395250877,-0.3515689099671884,0.4419584813593284,0.217203407085187,0.6887517665844196,1.2578843750110231,0.1133179500464737,-0.09839368505662288,1.467957554599259,-1.5590321636412168,1,202.3475705382242
-0.42301455121263887,0.2677403028792467,-0.45951662410708755,-0.25101953561350515,0.4284618868476167,-0.2148902668732137,0.4540692884721097,0.19816949960747213,0.47393168045883766,1.7610960694906643,0.008333140442741983,-0.008333140440170637,1.4682164743790271,-1.5535566555979046,1,186.93815318131072
-0.42301455121263887,0.2677403028792467,-0.45951662410708755,-0.25101953561350515,0.4284618868476167,-0.2148902668732137,0.4540692884721097,0.19816949960747213,0.47393168045883766,1.7610960694906643,0.008333140442741983,-0.008333140440170637,1.4682164743790271,-1.5535566555979046,1,223.4525051777206
-0.49423405459818337,0.029333411315027893,-0.020068499019692744,0.45512386461451787,0.5424642158783383,0.017503765319063894,-0.028161662260462135,-0.5019610412486096,0.9922082666074886,1.0831831785515376,0.00680261616043802,0.00680261615485509,-1.3996477213727208,1.5523934965667172,1,107.64293464651924
-0.43661806315242674,0.2791548482239886,-0.3952063623600987,-0.2740846026481772,0.3875366579287234,-0.27870324551851,0.4442877675838021,0.2736329999426985,0.49142044750116476,1.5790858654151672,0.17710188870819066,0.08391462693958172,1.5674960087477097,1.5678637838846452,1,254.16320713363498
-0.4072342482837468,0.22998990809374795,0.5049792777579077,0.09674458934136135,0.4291058229578482,-0.13320121851535013,-0.5268508524320091,-0.1935332789197592,0.43700398519459555,2.4363013922942773,0.20807050859335385,-0.17367119834217104,-1.5707963267817386,-1.527345431396133,1,163.47478413184254
-0.3973668585074606,0.3080007140021961,-0.35792574625350415,-0.26103498972214756,0.31240600312969136,-0.38134882302422046,0.4428866016312734,0.3343830987441719,0.6013962237976374,1.173977902316667,0.24952498483841845,0.2895036719642989,1.528087271038424,1.3191063550434097,1,84.01401245509749
-0.16154771059088885,0.46470984056614545,-0.5090637766965637,-0.15862760588994232,0.14454800635122594,-0.40716547260717406,0.5260634809362266,0.10108323793097089,0.9025019019228284,1.187242306317048,0.135325407697104,0.2006528773215418,1.224921766965629,1.3479951730429331,1,68.5309591164582
-0.3549711817773575,0.3534495540504895,-0.41980021257065114,-0.2853523159464311,0.33445422568380945,-0.3368301039068883,0.44031716866419907,0.26873286580283,0.5937215317219878,1.2460419068121507,0.07192940756660679,-0.16868723306363156,-1.4351039495436357,-1.3971251284499189,1,124.26399016770867
-0.3503253077721265,0.31875812722754693,-0.46704916011446396,-0.2398439777882208,0.35163526506236253,-0.3190382769151592,0.4657392028242279,0.24012412747583303,0.5949290637084592,1.4625174379785022,0.0046945942436015,0.004694801187517225,1.4565419988366932,1.4561694404421037,1,147.85326742285272
-0.16154771059088885,0.46470984056614545,-0.5090637766965637,-0.15862760588994232,0.14454800635122594,-0.40716547260717406,0.5260634809362266,0.10108323793097089,0.9025019019228284,1.187242306317048,0.135325407697104,0.2006528773215418,1.224921766965629,1.3479951730429331,1,84.54886735964884
-0.3964699081949426,0.2931664011660933,-0.3835851489961486,-0.3072485461182834,0.4009895224292687,-0.3175690069695931,0.3790655347618226,0.3316511519217832,0.517726738259277,1.22833436347074,0.012300434818242627,-0.21717715185476558,-1.3190092582281017,-1.3817454967472669,1,128.65322390462734
-0.34052664473461486,0.3537769539915451,-0.465300050814932,-0.26324860453741095,0.336736159794714,-0.3055953512076081,0.4690905357548327,0.21506700175347396,0.6161112750228946,1.417091041285919,0.04940437796426168,0.18561159354429346,1.2384078758258927,1.3553382154127886,1,141.54035256174737
-0.4630261241214192,0.20967505664282013,0.47483056663105466,0.1163620036413032,0.4662455175331379,-0.12075585838351378,-0.47804996004277345,-0.20528120190060956,0.39540373818746444,2.296339691365563,0.18844330397602657,0.06297966243351044,-1.5707963267591822,-1.5707963267744884,1,75.25491619162582
-0.33739649763283364,0.3254386106501261,-0.47802957597814383,-0.2539140959934658,0.37562812615122726,-0.3097988138176638,0.43979794745975015,0.23827429916100348,0.5830383920943378,1.444857447129885,0.12158382191039677,0.20653607310758773,1.1914962217210983,1.2378102901470072,1,82.71111398347861
-0.3023779023953492,0.3069994565289681,-0.4974841684805582,-0.1582364392925809,0.2775566364870224,-0.37511710538579623,0.5223054343888851,0.22635408814940905,0.6956153777857276,1.4950371531909437,0.010637896583798816,-0.010637896575654603,1.4571936060458617,1.2818209168085382,1,77.95945230475823
-0.3973668585074606,0.3080007140021961,-0.35792574625350415,-0.26103498972214756,0.31240600312969136,-0.38134882302422046,0.4428866016312734,0.3343830987441719,0.6013962237976374,1.173977902316667,0.24952498483841845,0.2895036719642989,1.528087271038424,1.3191063550434097,1,61.15830698928222
-0.3023779023953492,0.3069994565289681,-0.4974841684805582,-0.1582364392925809,0.2775566364870224,-0.37511710538579623,0.5223054343888851,0.22635408814940905,0.6956153777857276,1.4950371531909437,0.010637896583798816,-0.010637896575654603,1.4571936060458617,1.2818209168085382,1,93.29274193825567
-0.3058601265819584,0.34833689809430496,-0.5271423412550968,-0.23272653390319942,0.34008722477814723,-0.2672838986940172,0.4929152430589081,0.15167353450291166,0.6279686628253588,1.6569576428145687,0.014083575832963083,-0.0,1.2467574468798932,1.4483352693851328,1,72.40751825709661
-0.3058601265819584,0.34833689809430496,-0.5271423412550968,-0.23272653390319942,0.34008722477814723,-0.2672838986940172,0.4929152430589081,0.15167353450291166,0.6279686628253588,1.6569576428145687,0.014083575832963083,-0.0,1.2467574468798932,1.4483352693851328,1,99.2129001956865
-0.31317404577062424,0.360872123065896,-0.47251214163522065,-0.21984495143643357,0.2767599938703644,-0.34849515439639156,0.5089261935354805,0.20746798276692915,0.6962002398171604,1.3835404681785282,0.12778876235539166,0.2709468503408083,1.2021004241434385,1.2165369041222556,1,98.2863949518585
-0.4904143737115333,0.20694642338657124,-0.40530520052923547,-0.22748096916177646,0.447649545506327,-0.21253232649556963,0.4480700287344417,0.23306687227077488,0.4322169657646116,2.037756597722365,0.19440454185020428,0.19440454185105627,1.5523287695494932,1.5420272879796995,1,205.43282390057348
-0.3951013482387891,0.33524608288237107,-0.34603447624932065,-0.3602428188914485,0.3728419045728471,-0.3092362474460741,0.3682939199152626,0.33423298345515157,0.5340960095225795,1.1041775804804714,0.06336568921299016,-0.12297186956475309,-1.448225451671814,-1.3760638764914803,1,231.73522465107513
-0.5338032961295032,-0.03399765905911516,-0.021905349818843137,0.47343370013859654,0.4846745435231522,0.05666180279730843,0.07103410242519405,-0.4960978438767899,0.987446392423894,1.050484479787583,0.14735574487470934,-0.30841801110505607,-1.1610383988620159,-1.1250039629264386,1,675.7372572721821
-0.4078242383824564,0.3106830664496222,-0.42549468304818683,-0.26911075401949114,0.35850777950162543,-0.27460845875612916,0.47481114192901785,0.23303614632599814,0.5269413694525303,1.5382177704703897,0.1947494633570656,-0.15402154022764838,-1.4402302319919589,-1.3594966803887767,1,210.73629466891802
-0.3994744203494809,0.31070597254637905,-0.432743012095102,-0.29457797330354896,0.40935626557625476,-0.25638346567886805,0.4228611668683282,0.24025546643603793,0.5178834735286729,1.4135583552641686,0.02772246797526366,-0.1561975098392739,-1.514832416677725,-1.3840446226736955,1,226.19753012833115
-0.43650785606462,0.31966099177080853,-0.37112272205673724,-0.3400380472351451,0.3936907195086752,-0.24217390228608468,0.4139398586126821,0.2625509577504212,0.5610395400974256,1.2891449955100316,0.13888859245910617,-0.17816716075084182,-1.4211048403990538,-1.226785998843636,1,208.1098008733594
-0.430395804706419,0.2874742782258506,-0.43124139282244495,-0.27341572522932156,0.4040821081661907,-0.22912707203620664,0.45755508936267325,0.21506851903967755,0.4985170619637558,1.5846181545579163,0.11829752194332847,0.11829752194363569,1.3980210588052489,1.532353736776269,1,503.76970871702713
-0.4078242383824564,0.3106830664496222,-0.42549468304818683,-0.26911075401949114,0.35850777950162543,-0.27460845875612916,0.47481114192901785,0.23303614632599814,0.5269413694525303,1.5382177704703897,0.1947494633570656,-0.15402154022764838,-1.4402302319919589,-1.3594966803887767,1,171.52134763740148
-0.3994744203494809,0.31070597254637905,-0.432743012095102,-0.29457797330354896,0.40935626557625476,-0.25638346567886805,0.4228611668683282,0.24025546643603793,0.5178834735286729,1.4135583552641686,0.02772246797526366,-0.1561975098392739,-1.514832416677725,-1.3840446226736955,1,235.9881588210314
-0.4345279797109048,0.28297125599719364,-0.3956297345273348,-0.31074572776102755,0.4374751608145533,-0.24307296943194545,0.3926825534236863,0.27084744119577936,0.5177230744204713,1.468718538259911,0.02151596639330156,-0.19193965139882616,-1.394485322302436,-1.298778485431138,1,223.45257313564625
-0.430395804706419,0.2874742782258506,-0.43124139282244495,-0.27341572522932156,0.4040821081661907,-0.22912707203620664,0.45755508936267325,0.21506851903967755,0.4985170619637558,1.5846181545579163,0.11829752194332847,0.11829752194363569,1.3980210588052489,1.532353736776269,1,232.59051616964805
-0.5315165681291393,0.19208881652683657,-0.25437442595413373,-0.3368003008272351,0.4615434999550358,-0.2223957014514451,0.32434749412823727,0.36710718575184365,0.6990224165471804,1.4107820800576356,0.25400776312693185,-0.0,-1.2465887748780633,-1.2898394552599244,1,85.13844076930768
-0.46469154835426413,0.2380170715177794,-0.3383184650765337,-0.29858846933460703,0.42489076400424236,-0.2847177974873714,0.37811924942655534,0.345289195304199,0.572782181785384,1.3816014457614905,0.15718638300834803,-0.1700586215937412,-1.187619729052883,-1.2960458986654957,1,86.3759333428175
-0.5682480420348569,0.13434443202796792,-0.37335540687017515,-0.1323934689569648,0.3710360888876861,-0.14045066058592334,0.570567360017346,0.13849969751492028,0.31767296421321817,4.082502025828225,1.2519193277074137,1.0636978224167106,1.1489250403784408,1.1344528549212634,1,353.7277576232742
-0.4860137467783103,0.22855481176593154,-0.34502845066441734,-0.27759974105420404,0.42426171563607457,-0.2659736813562319,0.40678048180665305,0.31501861064450437,0.5394459441277923,1.5360230742182206,0.24157667284967138,-0.08314123188930331,-1.2311104760193998,-1.3125441069779789,1,87.63595693697951
-0.34189002967847815,0.33217691700596025,-0.43784208409725855,-0.20490405509508347,0.273696249342041,-0.379861997068675,0.5060358644336956,0.25258913515779824,0.672077829490975,1.3255988259540794,0.17526954113695686,0.34491931343724125,1.2901911963741826,1.142674959670538,1,134.24976431847688
-0.4860137467783103,0.22855481176593154,-0.34502845066441734,-0.27759974105420404,0.42426171563607457,-0.2659736813562319,0.40678048180665305,0.31501861064450437,0.5394459441277923,1.5360230742182206,0.24157667284967138,-0.08314123188930331,-1.2311104760193998,-1.3125441069779789,1,97.75526846871162
-0.49630967413970867,0.24527099219098336,-0.3619623536541454,-0.26632389786985106,0.39598641867173895,-0.23527717112989566,0.46228560912211514,0.2563300768087633,0.5010136349049644,1.834091635582174,0.39085976039692244,0.2186689458748134,1.567995213675605,-1.5441950643585147,1,279.19285799589767
-0.49682391144873994,0.27103233736066595,0.2654969433297369,0.36728743510714934,0.4092694726405387,-0.13017882355827348,-0.1779425045215357,-0.5081409489095418,0.7932198670014922,1.0350285650230904,0.44630088051646893,0.5388195016407026,1.187719261270729,1.294835844818055,1,146.28159078217533
-0.5315165681291393,0.19208881652683657,-0.25437442595413373,-0.3368003008272351,0.4615434999550358,-0.2223957014514451,0.32434749412823727,0.36710718575184365,0.6990224165471804,1.4107820800576356,0.25400776312693185,-0.0,-1.2465887748780633,-1.2898394552599244,1,106.34018659632744
-0.4860137467783103,0.22855481176593154,-0.34502845066441734,-0.27759974105420404,0.42426171563607457,-0.2659736813562319,0.40678048180665305,0.31501861064450437,0.5394459441277923,1.5360230742182206,0.24157667284967138,-0.08314123188930331,-1.2311104760193998,-1.3125441069779789,1,80.47995660755736
-0.5682480420348569,0.13434443202796792,-0.37335540687017515,-0.1323934689569648,0.3710360888876861,-0.14045066058592334,0.570567360017346,0.13849969751492028,0.31767296421321817,4.082502025828225,1.2519193277074137,1.0636978224167106,1.1489250403784408,1.1344528549212634,1,193.96117506205889
-0.3083141706041527,0.27816033437006255,-0.5178815664844063,-0.17319264918686625,0.34618338082857225,-0.3471092718747619,0.4800123562599867,0.24214158669156563,0.6239527401484899,1.5959418349748917,0.21136097287185754,-0.054294411908600494,1.3890244955685063,1.2360594894813142,1,197.6026170263509
-0.4608364924205163,0.21005477725644922,-0.44452556919927744,-0.2072715526848811,0.4389259312498252,-0.21670502289159335,0.4664361303699685,0.21392179832002525,0.3993084619488268,2.1533090302677746,0.10286184110429863,-0.010637896575598023,-1.510416409830614,-1.5252642689529938,1,218.0736340023236
-0.3083141706041527,0.27816033437006255,-0.5178815664844063,-0.17319264918686625,0.34618338082857225,-0.3471092718747619,0.4800123562599867,0.24214158669156563,0.6239527401484899,1.5959418349748917,0.21136097287185754,-0.054294411908600494,1.3890244955685063,1.2360594894813142,1,168.7762345462918
-0.3848077053625956,0.32690857446332494,-0.42441253526371253,-0.2985489677485499,0.38514230835610785,-0.28548913201407566,0.4240779322702003,0.25712952529930067,0.5306947624139657,1.3565916313572652,0.008395325147082083,-0.2662520491521399,-1.3839119425349662,-1.2817286062665452,1,154.36850173113368
-0.42848053100224914,0.2443256406020605,-0.4436046743268979,-0.24156115056239075,0.43860784531786307,-0.24764352347363863,0.43347736001128395,0.24487903343396888,0.4345095659113406,1.7912124171203303,0.04153321544448581,-0.30252215529874643,-1.292496667786564,-1.300033030048761,1,164.69248068544016
-0.5028783814987782,0.0563977015558887,-0.2053417370195526,-0.3282930060246254,0.5559629158095758,-0.19927656980607164,0.1522572027087549,0.4711718742748084,0.8465064310087205,1.3244375374084885,0.11634348342230907,0.0939257149113736,-1.1742575681851082,-1.5707963267903717,1,109.82763506185391
-0.39929857464086793,0.27926173477044236,-0.4461157251380775,-0.2509275898445833,0.4010382173614419,-0.28051878536203906,0.44437608241750365,0.25218464043618,0.49847996720717686,1.5907874167268832,0.0068984525631435095,-0.24774490780127914,-1.3762097483175508,-1.3790424560271026,1,154.74953413960216
-0.42848053100224914,0.2443256406020605,-0.4436046743268979,-0.24156115056239075,0.43860784531786307,-0.24764352347363863,0.43347736001128395,0.24487903343396888,0.4345095659113406,1.7912124171203303,0.04153321544448581,-0.30252215529874643,-1.292496667786564,-1.300033030048761,1,161.16032989292512
-0.3848077053625956,0.32690857446332494,-0.42441253526371253,-0.2985489677485499,0.38514230835610785,-0.28548913201407566,0.4240779322702003,0.25712952529930067,0.5306947624139657,1.3565916313572652,0.008395325147082083,-0.2662520491521399,-1.3839119425349662,-1.2817286062665452,1,172.93140678943797
-0.4206476775005833,0.32130987282876594,-0.3888487393709544,-0.3414601791007426,0.41634704349632895,-0.23882522169233023,0.3931493733752087,0.25897552796430695,0.554735034699848,1.2628734786072289,0.0013754519023585138,-0.004149353779883673,1.49610559797648,-1.442257256242715,1,179.71937469290276
-0.4608364924205163,0.21005477725644922,-0.44452556919927744,-0.2072715526848811,0.4389259312498252,-0.21670502289159335,0.4664361303699685,0.21392179832002525,0.3993084619488268,2.1533090302677746,0.10286184110429863,-0.010637896575598023,-1.510416409830614,-1.5252642689529938,1,213.07280856530514
-0.4189107675277521,0.233579017624102,-0.44518815570600556,-0.17638763814336433,0.35245173858665707,-0.30519017809004956,0.5116471846471007,0.24799879860931184,0.52931076279972,1.729671740861735,0.2161974510843959,0.09608871551794218,-1.5707963267918479,1.3952041648473226,1,216.12550778224872
-0.49003525603340287,0.24177027418863586,-0.31273436991463394,-0.3111046056951418,0.41240320870985964,-0.2669598800567264,0.3903664172381772,0.33629421156323236,0.5842375947232512,1.3939451860059593,0.2738141785601393,-0.11408577916933761,-1.207185423260535,-1.2533375915338187,1,93.23843190634894
-0.48265183616266205,0.21960648352418685,-0.41027004235248477,-0.24314901661750615,0.4564116333867662,-0.20299296101922512,0.4365102451283806,0.22653549411254445,0.44106356623978693,1.9993494528695486,0.10885758304503425,0.10885758304533048,-1.570796326791964,-1.5320345878456083,1,241.7069184529136
-0.3488890772270495,0.33955479714652886,0.37028316093869235,0.3254120971103868,0.3755521841539299,-0.34431627185187014,-0.39694626786557274,-0.32065062240504555,0.5282893421821857,1.1295966257951338,0.010962914763271395,-0.35444917599963477,-1.1888171966899006,-1.2693475512498102,1,104.0869887183016
-0.4608364924205163,0.21005477725644922,-0.44452556919927744,-0.2072715526848811,0.4389259312498252,-0.21670502289159335,0.4664361303699685,0.21392179832002525,0.3993084619488268,2.1533090302677746,0.10286184110429863,-0.010637896575598023,-1.510416409830614,-1.5252642689529938,1,228.31580010944563
-0.4608364924205163,0.21005477725644922,-0.44452556919927744,-0.2072715526848811,0.4389259312498252,-0.21670502289159335,0.4664361303699685,0.21392179832002525,0.3993084619488268,2.1533090302677746,0.10286184110429863,-0.010637896575598023,-1.510416409830614,-1.5252642689529938,1,275.77361464118525
-0.5616515613557972,0.17397653142990058,-0.2407878664032957,-0.34157384813990205,0.5062180670614681,-0.16275756602482125,0.296221360697625,0.3303548827348227,0.717532284162077,1.5892602583418332,0.1541081165660984,0.15410811656689913,-1.4031538889562027,-1.348504208362978,1,84.21999281118316
-0.3293280013226252,0.3266069918667419,-0.4746883109253051,-0.24107382426986765,0.35484071600392175,-0.3343971272575122,0.44917559624400855,0.24886395966063793,0.6106778481491439,1.3976673978874974,0.09032552943233753,0.10117618903807071,1.33097668926805,1.3184783459121323,1,144.21705946721903
-0.3408434591128533,0.36502802185649136,-0.41244275952277304,-0.29117004108807565,0.32634146217164595,-0.3564467373588639,0.4269447564639804,0.28258875659044813,0.605596905984918,1.1634329618123231,0.04746592911123103,-0.18509101269482156,-1.4062596444042315,-1.3874250928681173,1,164.5081136002996
-0.34496665700529194,0.31037502732087663,0.4835729863699077,0.2767450025383962,0.3020313191933442,-0.38437658434880645,-0.4406376485579599,-0.2027434455104664,0.6420968281383971,1.3302749060296963,0.19929254000536128,-0.15376593345074424,1.497138477622094,-1.5607966601048984,1,176.99016485837046
-0.34496665700529194,0.31037502732087663,0.4835729863699077,0.2767450025383962,0.3020313191933442,-0.38437658434880645,-0.4406376485579599,-0.2027434455104664,0.6420968281383971,1.3302749060296963,0.19929254000536128,-0.15376593345074424,1.497138477622094,-1.5607966601048984,1,260.2691293387931
-0.35603765576924934,0.2822127381752108,-0.4000276477730741,-0.24839230782093616,0.3596156062778743,-0.3942725364442236,0.396449697264449,0.36045210608994893,0.6011210795200114,1.0553217692258672,0.03395019450804639,-0.12779140713745524,-1.3359930756479923,1.5122694942324877,1,180.11821948839372
-0.4615177060456717,0.25501064075687235,-0.3886211739774354,-0.26662439038382624,0.40766119415648666,-0.25669494079433164,0.4424776858666205,0.26830869042128547,0.4835770400292669,1.6899223928191467,0.20506675286484974,0.12931910159245474,1.5678551588081064,1.5656150260132486,1,192.60463513932336
-0.45275514595915534,0.25742833856375946,-0.3780912577239169,-0.29028143495255787,0.42770292611813426,-0.2624399056702643,0.403143477564938,0.2952930020590628,0.5155737398689959,1.5035801025921782,0.09147904084616304,-0.1486919670147757,-1.3211572446766366,-1.330830153013741,1,221.19639252367426
-0.34496665700529194,0.31037502732087663,0.4835729863699077,0.2767450025383962,0.3020313191933442,-0.38437658434880645,-0.4406376485579599,-0.2027434455104664,0.6420968281383971,1.3302749060296963,0.19929254000536128,-0.15376593345074424,1.497138477622094,-1.5607966601048984,1,289.0025933625855
-0.37464067681409663,0.3416202284654931,-0.41465572337371026,-0.276948316653761,0.3287218448436031,-0.3256123130836548,0.4605745553442038,0.26094040127192264,0.5839821233097229,1.3117320037866367,0.1565172865410735,0.004587123789418325,1.5669795514396654,-1.5436843276640078,1,159.10522826673596
-0.43909509724640905,0.2982963029130104,-0.3408164882477062,-0.34239048473940936,0.3948045722069569,-0.2776840204074861,0.38510701328715835,0.32177820223388504,0.5538500485283063,1.2555540268746461,0.13603358955163747,0.05971154080671317,-1.5660344580209737,-1.5067813489562965,1,120.89654870630035
-0.357361760112748,0.29984908520744297,-0.46693099603360205,-0.24700446998758677,0.3881845153840534,-0.31021223249715263,0.43610824076229665,0.25736761727729646,0.5509093067386583,1.4802433961780366,0.1135091919542376,0.20974061169511338,1.237094150260322,1.2167988899661883,1,163.82112551313716
-0.3937266949328834,0.3098731331499005,-0.4067442976686302,-0.2849472962082626,0.37344893047525934,-0.31262908233464554,0.4270220621262543,0.2877032453930076,0.5190214061688008,1.33937894364905,0.06712192579524986,-0.09454487154054608,-1.4626670886760251,-1.4711276743006405,1,167.4334652729795
-0.3937266949328834,0.3098731331499005,-0.4067442976686302,-0.2849472962082626,0.37344893047525934,-0.31262908233464554,0.4270220621262543,0.2877032453930076,0.5190214061688008,1.33937894364905,0.06712192579524986,-0.09454487154054608,-1.4626670886760251,-1.4711276743006405,1,184.98630207958902
-0.3763878109222764,0.2848120045599128,-0.4439825481006414,-0.22803954411065055,0.3621597678089863,-0.33282308878380606,0.4582105912139315,0.27605062833454386,0.557226143814619,1.4607219522296397,0.02541584001724262,0.029548047902039246,1.5394586268579922,1.4206991970375347,1,188.4147476735544
-0.44876474626933816,-0.2284911485701904,0.4384670215342867,-0.23273318162055345,0.4487399324747959,0.22737976464201995,-0.4384422077397444,0.23384456554872393,0.41875571108232407,1.92359083601669,0.00250559940099608,-1.5532542667349887,-0.0,-0.0,1,219.1896986022037
-0.4724293810703179,0.244287099102152,-0.41095959360493367,-0.25968384985597665,0.4372554676041946,-0.2049807533753546,0.446133507071057,0.22037750412917925,0.4629290104143281,1.8226504722947665,0.14224026763167866,0.14739486115469852,1.4803700298751168,-1.57079632679251,1,228.03295870939684
-0.4724293810703179,0.244287099102152,-0.41095959360493367,-0.25968384985597665,0.4372554676041946,-0.2049807533753546,0.446133507071057,0.22037750412917925,0.4629290104143281,1.8226504722947665,0.14224026763167866,0.14739486115469852,1.4803700298751168,-1.57079632679251,1,205.58959843987185
-0.4724293810703179,0.244287099102152,-0.41095959360493367,-0.25968384985597665,0.4372554676041946,-0.2049807533753546,0.446133507071057,0.22037750412917925,0.4629290104143281,1.8226504722947665,0.14224026763167866,0.14739486115469852,1.4803700298751168,-1.57079632679251,1,228.30968871779967
-0.44876474626933816,-0.2284911485701904,0.4384670215342867,-0.23273318162055345,0.4487399324747959,0.22737976464201995,-0.4384422077397444,0.23384456554872393,0.41875571108232407,1.92359083601669,0.00250559940099608,-1.5532542667349887,-0.0,-0.0,1,234.20473033950657
-0.44876474626933816,-0.2284911485701904,0.4384670215342867,-0.23273318162055345,0.4487399324747959,0.22737976464201995,-0.4384422077397444,0.23384456554872393,0.41875571108232407,1.92359083601669,0.00250559940099608,-1.5532542667349887,-0.0,-0.0,1,214.06548042429196
-0.42831546114270763,0.3045036303502081,-0.3579410933924549,-0.3616239875877186,0.43218159215205104,-0.24634734667354274,0.3540749623831114,0.30346770391105327,0.5732008523538428,1.2917900866481478,0.035859061495012085,-0.03585906149449937,1.5670369460128881,-1.4283566786427873,1,160.45974621656043
-0.42831546114270763,0.3045036303502081,-0.3579410933924549,-0.3616239875877186,0.43218159215205104,-0.24634734667354274,0.3540749623831114,0.30346770391105327,0.5732008523538428,1.2917900866481478,0.035859061495012085,-0.03585906149449937,1.5670369460128881,-1.4283566786427873,1,158.87390113904925
-0.4557867774745288,0.2923558668160317,-0.4341447353801455,-0.2904761197420149,0.41530029176116146,-0.1354343680726607,0.47463122109351286,0.13355462099864393,0.5422773704347735,1.596374289720589,0.25420952970296107,0.34653886443689974,1.0808390005463586,1.4304213410358917,1,80.97387849156816
-0.15039786009995795,0.41174345785385563,-0.5224092229324963,-0.08934720546080538,0.0749429896279567,-0.39776301328674246,0.5978640934044976,0.07536676089369222,0.906868499020935,1.3838966781309654,0.1967238612365259,-0.1544966169356274,1.563277671490111,1.509146156161787,1,107.89317962336357
-0.35026885887890064,0.3273453441865375,-0.46345128969753085,-0.27603916406938234,0.39280960558815997,-0.29619957461948226,0.4209105429882715,0.24489339450232708,0.5514393271572116,1.4182808744223296,0.13353749148341199,0.17909477459815326,1.2298173733042774,1.312789084937434,1,97.11582628474088
-0.34329830034379694,0.29641579630351217,-0.47603555842436623,-0.14195924490502096,0.21256571530631946,-0.3244543829428334,0.6067681434618438,0.16999783154434214,0.6722805284786978,1.7440098398679587,0.3790443898501075,-0.0,1.5358455302712284,1.4090635199596284,1,104.57374746308271
-0.35079679333406877,0.323440939610841,-0.4329052101188281,-0.16124882156525042,0.20892089180938414,-0.37413620819295956,0.5747811116435126,0.2119440901473689,0.7029389502158767,1.4445517960771286,0.39024840280634393,0.181648830001825,1.541607538809395,1.3412208099598695,1,110.11891474600598
-0.38295583099594377,0.3147893422578477,-0.43828507296217817,-0.29107544891627085,0.4054896839695078,-0.27632021847557725,0.4157512199886143,0.25260632513400044,0.5174305202837504,1.4096153224149846,0.07167189625645551,-0.07167189625640366,1.53391269243056,-1.5124967084232093,1,176.4386925200226
-0.4388781714707688,0.24164852717344326,-0.43812838215724875,-0.24091309374792155,0.4367768175132257,-0.2395536931229744,0.4402297361147917,0.23881825969745263,0.42422373684927744,1.8217526414700402,0.008771704846611524,-0.0,-1.5707963267924985,-1.566023093353834,1,285.0724158758174
-0.4388781714707688,0.24164852717344326,-0.43812838215724875,-0.24091309374792155,0.4367768175132257,-0.2395536931229744,0.4402297361147917,0.23881825969745263,0.42422373684927744,1.8217526414700402,0.008771704846611524,-0.0,-1.5707963267924985,-1.566023093353834,1,211.52433805850114
-0.33559950858058796,0.31620956818670565,-0.4401743767229727,-0.2475406360275368,0.352540505296462,-0.3709244373134373,0.4232333800070987,0.30225550515426847,0.593276830261827,1.256534751327908,0.07878396098942629,0.11861159886134577,1.4231791057745617,1.2871576902258635,1,161.58694586264923
-0.4031986309185471,0.2324981536823011,-0.4431601328633679,-0.2542186471012682,0.4730257751874649,-0.27108891039557476,0.37333298859445,0.2928094038145419,0.5166356890529294,1.6247360294633701,0.256904485831411,0.004739301009488982,1.5025480570755558,1.406624688642408,1,274.6301128276844
-0.4031986309185471,0.2324981536823011,-0.4431601328633679,-0.2542186471012682,0.4730257751874649,-0.27108891039557476,0.37333298859445,0.2928094038145419,0.5166356890529294,1.6247360294633701,0.256904485831411,0.004739301009488982,1.5025480570755558,1.406624688642408,1,273.71886998965607
-0.4031986309185471,0.2324981536823011,-0.4431601328633679,-0.2542186471012682,0.4730257751874649,-0.27108891039557476,0.37333298859445,0.2928094038145419,0.5166356890529294,1.6247360294633701,0.256904485831411,0.004739301009488982,1.5025480570755558,1.406624688642408,1,209.95445665011366
-0.5898841452311534,0.14767783031562218,-0.13606912938355742,-0.36308923036395346,0.42965780837120116,-0.19584123639135867,0.29629546624350966,0.41125263643968996,0.789474019637081,1.316656114450917,0.5101846875548309,0.4005345153890207,-1.5323537367641074,-1.534003122642282,1,102.8925032015009
-0.4691365504811606,0.10712703371582699,-0.4878386930962592,-0.09514623109564996,0.4512871792427409,-0.18197760752289344,0.5056880643346788,0.16999680490271638,0.34969599667587575,2.8227243866510356,0.061148162661183045,-0.0,-1.5707963267872043,1.4141944498202172,1,94.28824259485432
-0.2862993628898064,0.3951614854150025,-0.46143522898665096,-0.1848062280914705,0.13920798072901383,-0.33210944358320216,0.6085266111474436,0.12175418625967009,0.7781521414669514,1.4712011679167996,0.50886968888093,0.2037446808854946,1.314279714158242,1.3703175290327434,1,126.77386934502813
-0.4332963984294244,0.281038648549061,-0.43480689167093933,-0.244199861329478,0.3622699987915189,-0.23841426294686935,0.5058332913088448,0.20157547572728635,0.4940604480401781,1.7908819808305876,0.31252043109558136,0.20653607310758773,1.3541260458205826,1.445797002445549,1,109.61819411063267
-0.13202163877772508,0.4498341496640804,-0.5167159387561245,-0.11455257436888987,0.1309422085322445,-0.44927627682665083,0.5177953690016052,0.11399470153146028,0.9301399031275365,1.1505942732701635,0.0035302456157765153,-0.12126586050766348,-1.5707963267915632,-1.5707963267915743,1,189.37904913204017
-0.4691365504811606,0.10712703371582699,-0.4878386930962592,-0.09514623109564996,0.4512871792427409,-0.18197760752289344,0.5056880643346788,0.16999680490271638,0.34969599667587575,2.8227243866510356,0.061148162661183045,-0.0,-1.5707963267872043,1.4141944498202172,1,75.10736205808276
-0.35053242343883234,0.24970172292237608,-0.4838759955479456,-0.16049038503710994,0.34105075881772273,-0.3537870029438563,0.49335766016905525,0.2645756650585902,0.604284810610949,1.5803568137026254,0.07280089673540367,-0.35215263320775847,-1.3027770489835908,-1.550567872467047,1,168.3112668319545
-0.35053242343883234,0.24970172292237608,-0.4838759955479456,-0.16049038503710994,0.34105075881772273,-0.3537870029438563,0.49335766016905525,0.2645756650585902,0.604284810610949,1.5803568137026254,0.07280089673540367,-0.35215263320775847,-1.3027770489835908,-1.550567872467047,1,212.43850112760092
-0.3554943994914588,0.3510205104845123,-0.40954303287409566,-0.2914130661174704,0.3377928652832053,-0.345511497365013,0.42724456708234915,0.2859040529979711,0.5828493471412479,1.2013627378588743,0.05679857487728999,-0.2761594803583161,-1.306307944242429,-1.2955708785676416,1,161.9617328617829
-0.3554943994914588,0.3510205104845123,-0.40954303287409566,-0.2914130661174704,0.3377928652832053,-0.345511497365013,0.42724456708234915,0.2859040529979711,0.5828493471412479,1.2013627378588743,0.05679857487728999,-0.2761594803583161,-1.306307944242429,-1.2955708785676416,1,182.8741779949373
-0.2052113425384873,0.4454890914475742,-0.48967457515017193,-0.20424908822438614,0.22032516171308217,-0.41649111977979486,0.47456075597557706,0.1752511165566069,0.8311517743966653,1.118628152440738,0.006878940451276775,-0.12219517069177956,-1.5707963267915632,-1.4828878848028442,1,178.0966685737956
-0.392441579365684,0.3072051088718618,-0.4007379945709416,-0.2815090531505145,0.3678806204098129,-0.3252826979803865,0.4252989535268127,0.29958664225903914,0.5224582976812732,1.3060124466410776,0.0775397239628096,-0.14574812670909645,-1.382250093457864,-1.4298234863420964,1,165.31108898781375
-0.35193843861388036,0.3609190620365589,-0.4083807670264642,-0.2961380434673386,0.33103714465466244,-0.34499025753325196,0.42928206098568217,0.28020923896403166,0.5913139969509776,1.1866436733299222,0.07017573208039406,-0.14311954788330936,-1.447395530428003,-1.4104208828153633,1,174.68063746729354
-0.4111058914514204,0.23561488112399004,-0.44717628811559346,-0.25105217319468226,0.4706802668045117,-0.25741286487828874,0.38760191276250205,0.272850156948981,0.48670539041590233,1.7309458082843499,0.22939239540667378,0.2342552135955337,1.269489020654789,1.2159735238973084,1,166.73192133223938
-0.35342036577563835,0.27752827255698853,-0.44583759433402526,-0.1815636747035097,0.31761738950630664,-0.38626659290492343,0.481640570603357,0.2903019950514446,0.6275025924120482,1.3708560838434836,0.039195601927456636,-0.0,-1.5074804951493306,1.3568512902784375,1,160.2160055288022
0.003991683723706192,0.47557353380462813,-0.5215858598553356,0.0030442358574120565,-0.0190328820044544,-0.4616649832332526,0.5366270581360838,-0.01695278642878758,0.9917979059686065,1.1290753620923255,0.05735616757640266,-0.09220357229781526,-1.5707963267913756,-1.5707963267915743,1,177.549736240348
-0.4111058914514204,0.23561488112399004,-0.44717628811559346,-0.25105217319468226,0.4706802668045117,-0.25741286487828874,0.38760191276250205,0.272850156948981,0.48670539041590233,1.7309458082843499,0.22939239540667378,0.2342552135955337,1.269489020654789,1.2159735238973084,1,189.62273512868111
-0.4587937513182116,0.2426295852242318,-0.420075585888566,-0.24663056778550688,0.4265493455250481,-0.22908750097114777,0.4523199916817295,0.23308848353242284,0.4457716493094269,1.862227564201014,0.13467327145208988,0.14452516944759186,1.4845245147964021,1.5157142568413204,1,214.47813401272475
-0.35342036577563835,0.27752827255698853,-0.44583759433402526,-0.1815636747035097,0.31761738950630664,-0.38626659290492343,0.481640570603357,0.2903019950514446,0.6275025924120482,1.3708560838434836,0.039195601927456636,-0.0,-1.5074804951493306,1.3568512902784375,1,160.19298172679274
-0.4587937513182116,0.2426295852242318,-0.420075585888566,-0.24663056778550688,0.4265493455250481,-0.22908750097114777,0.4523199916817295,0.23308848353242284,0.4457716493094269,1.862227564201014,0.13467327145208988,0.14452516944759186,1.4845245147964021,1.5157142568413204,1,206.91095698379985
-0.31599664722668674,0.3984684947821887,-0.45225632118771725,-0.28022574579137316,0.3004997779289202,-0.32578866847781446,0.4677531904854838,0.20754591948699888,0.6663234790966533,1.270280168900344,0.10575282348400178,0.24166192570534428,1.1914554503261274,1.3699485367066955,1,107.48818012292334
-0.33651976352787755,0.3174463180897025,-0.4550195205310796,-0.2626853137309283,0.38139273174517774,-0.33943494596289014,0.41014655231377944,0.28467394160411597,0.5683113835457484,1.317081366436401,0.15545251784575065,-0.33386301719807693,-1.3469207895022892,-1.3945616290549014,1,202.03575577199533
-0.3031953020008304,0.31889066018635603,-0.48865280716759196,-0.2074600250224795,0.3331010350915373,-0.3695198403152558,0.45874707407688514,0.25808920515137934,0.6522000264226782,1.3762135826721875,0.14117729521295025,0.009569085907656356,1.4171775367578814,1.3020933021630934,1,224.03478625502132
-0.33651976352787755,0.3174463180897025,-0.4550195205310796,-0.2626853137309283,0.38139273174517774,-0.33943494596289014,0.41014655231377944,0.28467394160411597,0.5683113835457484,1.317081366436401,0.15545251784575065,-0.33386301719807693,-1.3469207895022892,-1.3945616290549014,1,164.63994008881454
-0.26903290343259384,0.36260906628205114,-0.5121338753041529,-0.16945076506795417,0.21371615685124348,-0.3403120220699017,0.5674506218855032,0.14715372085580464,0.7588627097324488,1.535854472257785,0.19915922645198625,-0.0,1.3734007669521384,1.3943079292812535,1,78.41478848662854
-0.24743941722233576,0.39729602128243335,-0.4615625464770039,-0.13594324124063506,0.1300745243684148,-0.41631607337280474,0.5789274393309248,0.1549632933310064,0.8465552368209878,1.2788526530555429,0.2841156870729471,-0.22827377324027925,-1.2818209167940529,-1.4391124732327507,1,105.62867257687451
-0.26903290343259384,0.36260906628205114,-0.5121338753041529,-0.16945076506795417,0.21371615685124348,-0.3403120220699017,0.5674506218855032,0.14715372085580464,0.7588627097324488,1.535854472257785,0.19915922645198625,-0.0,1.3734007669521384,1.3943079292812535,1,94.36897254923117
-0.34411016521708954,0.3461584678423201,-0.4821889572256895,-0.2452503976008116,0.32050363940648147,-0.2800903655313811,0.5057954830362975,0.17918229528987265,0.6187241031054386,1.577622803605971,0.15410811656615336,0.15410811656689913,1.2306992072919705,1.3813161689203557,1,85.91561065797266
-0.21907706374591526,0.38409340600810027,-0.5049909021334786,-0.12685805291410515,0.1593341109896226,-0.40787742977919145,0.5647338548897713,0.15064207668519636,0.8471908098820607,1.3507123099550067,0.11770118699261292,-0.25400776312893225,-1.4267625232984253,-1.5374753309099902,1,95.23862451097827
-0.37808379177820134,0.30222569324724163,-0.44357825210545726,-0.24748515331262205,0.3637573785967296,-0.3139076441032777,0.4579046652869291,0.2591671041686582,0.5554336784574536,1.463129590210002,0.044245507839999816,-0.21465088613251607,-1.3926410987886457,-1.4232691887566056,1,162.82397845006878
-0.40650818313385584,0.2916703902694784,-0.44188746726806977,-0.25560732159955657,0.382375951477353,-0.26807537387761704,0.4660196989245726,0.2320123052076953,0.5081971905151246,1.6219991723850788,0.10116801896583504,0.1111676856527862,1.4101976685399744,1.4633401190185757,1,191.93163337009153
-0.3625413550805684,0.31047992242843475,-0.4469961077113561,-0.27273290121356014,0.39458018367874437,-0.30989047254045504,0.4149572791131801,0.2721434513255804,0.5347303630291097,1.3894173445651952,0.10881397427796542,0.2261129771062191,1.2449972115252586,1.2501410622154663,1,183.711081609856
-0.38950379452967654,0.31424018068600584,-0.4279877759523563,-0.29307576476906233,0.39834930932154095,-0.2806623711059743,0.41914226116049197,0.25949795518903085,0.5144755794125765,1.3948753419903785,0.024807663374064898,0.004310318133832621,1.4881822429894136,-1.5707963267916605,1,176.87579010713884
-0.6815742981363252,0.03513000287070148,0.09833227746273063,-0.4135831167417342,0.5014082781547472,0.08018132490454685,0.08183374251884745,0.2982717889664859,0.8421119503001486,1.661831037202912,0.0427377398398643,0.7253611114037171,1.007964639650238,1.562200549971811,1,223.48769946153703
-0.40650818313385584,0.2916703902694784,-0.44188746726806977,-0.25560732159955657,0.382375951477353,-0.26807537387761704,0.4660196989245726,0.2320123052076953,0.5081971905151246,1.6219991723850788,0.10116801896583504,0.1111676856527862,1.4101976685399744,1.4633401190185757,1,182.16871343019565
-0.38950379452967654,0.31424018068600584,-0.4279877759523563,-0.29307576476906233,0.39834930932154095,-0.2806623711059743,0.41914226116049197,0.25949795518903085,0.5144755794125765,1.3948753419903785,0.024807663374064898,0.004310318133832621,1.4881822429894136,-1.5707963267916605,1,182.8139361997273
-0.2546275695618442,0.39969970932489673,0.49748751793933016,0.19707880772879957,0.24160128296757286,-0.39305945554530863,-0.48446123134505886,-0.20371906150838767,0.7784488704280349,1.2386469848571966,0.008058169794427304,-0.08391462693958172,1.508729257908598,1.5539439897591705,1,209.62405625329492
0.457482067103435,0.20537170746755434,-0.4726564645345872,0.20964676119099698,-0.4366917187153349,-0.2168342900050043,0.4518661161464871,-0.19818417865354704,0.39668645873088876,2.1809609806334658,0.025582225935896357,-1.4520262242130026,-0.20749622643414167,-0.10945094914076685,1,239.98945530259314
-0.44304398912568127,-0.2403755207481954,0.4001280046459586,-0.2912854149035342,0.44496970637797656,0.26423210119410634,-0.4020537218982539,0.2674288344576233,0.4961459053057536,1.5893879501355594,0.05653174062827527,-1.5505561761490598,-0.0,-0.0,1,136.97895551750497
0.457482067103435,0.20537170746755434,-0.4726564645345872,0.20964676119099698,-0.4366917187153349,-0.2168342900050043,0.4518661161464871,-0.19818417865354704,0.39668645873088876,2.1809609806334658,0.025582225935896357,-1.4520262242130026,-0.20749622643414167,-0.10945094914076685,1,219.66325865599754
-0.46881533227538597,-0.2131857390728229,0.4658815953652304,-0.05739170538277103,0.48426775247619935,0.05906277920523817,-0.4813340155660437,0.21151466525035573,0.4100914613027168,2.273606896092008,0.32175055439672057,-1.2490457723933364,-0.0,-0.18605817715114256,1,101.30578063639243
-0.23433456060747057,0.4312124033949355,-0.4650323364855686,-0.18479220656957035,0.1786336552800934,-0.41927208064589366,0.5207332418129457,0.17285188382052855,0.8383783292444215,1.1590635652927332,0.16556047162971813,-0.12278349243602635,-1.4570043196471596,-1.4766697027696976,1,183.01148384153095
-0.5714049283714043,0.07091319298854744,-0.1039638422304078,-0.37600904003376223,0.504145962397785,-0.1526194967742178,0.17122280820402708,0.4577153438194326,0.8967130037092972,1.2900556965820689,0.30847154670323806,0.34124669111003453,-1.4562556299894813,1.5571917240239228,1,88.63057916559175
-0.544480513919906,0.16990020750829757,-0.2609497291206566,-0.2952690990184861,0.4610393388532587,-0.23762809240338365,0.34439090418730395,0.36299698391357216,0.661899614795411,1.5275279690765227,0.35556757685456775,0.3649130991655391,-1.4679855008193283,1.5393601454449053,1,86.4657147454355
-0.45600560331346895,0.23856693789573313,-0.4219896865012109,-0.23190758393306168,0.4102678270016868,-0.24434569309950394,0.46772746281299304,0.2376863391368325,0.44608236530042705,1.912836829765119,0.19081881104077897,-0.004761868769183861,-1.47891484234914,-1.4929054505365427,1,224.5399504683787
-0.4222763900493797,0.30875314719219865,-0.3808534604351513,-0.34010859805950355,0.4236281009116259,-0.2504585176317308,0.3795017495729051,0.2818139684990357,0.5488750643212109,1.3036744686387203,0.018959803669230873,-0.16743177847110172,-1.4505921212746722,-1.3060250268058071,1,224.65136299463788
-0.4004414045994338,0.24116354869878628,-0.3886162199669558,-0.25801788099847184,0.4091037933716174,-0.34655041699860556,0.3799538311947721,0.36340474929829114,0.5747407956503918,1.140276508154188,0.01735110602353332,-0.08271241544859961,-1.35386953943401,1.5218159258744295,1,245.8551324908034
-0.45600560331346895,0.23856693789573313,-0.4219896865012109,-0.23190758393306168,0.4102678270016868,-0.24434569309950394,0.46772746281299304,0.2376863391368325,0.44608236530042705,1.912836829765119,0.19081881104077897,-0.004761868769183861,-1.47891484234914,-1.4929054505365427,1,204.652224651696
-0.45600560331346895,0.23856693789573313,-0.4219896865012109,-0.23190758393306168,0.4102678270016868,-0.24434569309950394,0.46772746281299304,0.2376863391368325,0.44608236530042705,1.912836829765119,0.19081881104077897,-0.004761868769183861,-1.47891484234914,-1.4929054505365427,1,227.0055513140684
-0.48009750179007676,0.2360006664162995,-0.4104280443002084,-0.25398925314300413,0.44270494054492127,-0.19613444695068102,0.4478206055453638,0.21412303367738564,0.45467051877091375,1.8937493819668965,0.15370752905859383,-0.0,-1.49726840570424,-1.4059848037821945,1,262.6709759418973
-0.48009750179007676,0.2360006664162995,-0.4104280443002084,-0.25398925314300413,0.44270494054492127,-0.19613444695068102,0.4478206055453638,0.21412303367738564,0.45467051877091375,1.8937493819668965,0.15370752905859383,-0.0,-1.49726840570424,-1.4059848037821945,1,280.8354710427193
-0.48009750179007676,0.2360006664162995,-0.4104280443002084,-0.25398925314300413,0.44270494054492127,-0.19613444695068102,0.4478206055453638,0.21412303367738564,0.45467051877091375,1.8937493819668965,0.15370752905859383,-0.0,-1.49726840570424,-1.4059848037821945,1,204.56541361938807
-0.36113867278680123,0.2786783138995732,-0.48608906599511886,-0.21320104923083047,0.37765196824134617,-0.3019169555860383,0.4695757705405739,0.23643969091729555,0.5548544833063634,1.6460086514007952,0.07964677901886631,0.015304927324269925,1.4090790084649707,1.357529083956268,1,205.154450964757
-0.36113867278680123,0.2786783138995732,-0.48608906599511886,-0.21320104923083047,0.37765196824134617,-0.3019169555860383,0.4695757705405739,0.23643969091729555,0.5548544833063634,1.6460086514007952,0.07964677901886631,0.015304927324269925,1.4090790084649707,1.357529083956268,1,185.17337941528382
-0.47081986012399313,0.2360533987526181,-0.42122082281449696,-0.24363188640025651,0.4337526298706955,-0.2055262768199743,0.4582880530677946,0.21310476446761273,0.44567939427719494,1.9369114332862702,0.1615747112165767,0.16157471121714337,1.4677147182746333,1.5369492129666957,1,287.29353715974014
-0.36848877326440627,0.3027630751175072,-0.4487951846815495,-0.2588244697638089,0.38560203350492334,-0.31191740814501867,0.4316819244410324,0.26797880279132036,0.5412120949370604,1.4324142918110776,0.06274030211370916,0.34916071517914443,1.1431442438654353,1.1230433328868465,1,180.82128193060376
-0.3040298596364918,0.37664525115975517,-0.4771330093173892,-0.2485969812096317,0.30641543226644447,-0.33676403496264756,0.4747474366874365,0.20871576501252415,0.6790803494581771,1.3342697726554509,0.02923027123010403,0.23941285789261693,1.1733424198790285,1.2736713352677012,1,221.4321646693631
-0.3404263261387841,0.331755776481146,-0.43130926971257777,-0.30369030907740097,0.3973545058756426,-0.32815603128909254,0.37438108997571923,0.30009056388534755,0.5468450101821338,1.2557189700668852,0.17861010596644278,0.19968388537587303,1.2585692939947333,1.2733235621171266,1,193.18977175055338
-0.3083100733706312,0.35697022715361504,-0.4903612792949107,-0.21394201543339905,0.27859497526946675,-0.3293596527868342,0.5200763773960752,0.18633144106661825,0.6934935556040331,1.4722332310210047,0.1292563440251709,0.22892499651775475,1.18217104824638,1.2363345926411562,1,86.56213804328122
-0.3939974623401963,0.34574224268341175,-0.4109443565672667,-0.31446264843843724,0.36407268069022397,-0.27065211003197,0.44086913821723894,0.23937251578699548,0.5623714355803262,1.2902259680885837,0.12378777963324732,-0.0,1.4886644309280692,-1.4697333639942451,1,182.78889906341522
-0.3833306067201059,0.25834630673587977,-0.4822242954240232,-0.19935901128401462,0.37736288412590396,-0.2859664552370803,0.4881920180182251,0.22697915978521516,0.5282099838333679,1.782828515585045,2.425733297482095e-07,-0.0,1.4584191210800919,1.3939789755563587,1,180.48796805920242
-0.4864214548485503,0.20540348683686835,0.5686574365028438,0.09917303691862593,0.3683742979715116,-0.114444321843136,-0.4506102796258051,-0.1901322019123583,0.4173213559754442,2.6674682496737336,0.19250163481025498,-0.0,0.9179496957126813,-1.3801574208638872,1,163.70735568094727
-0.4864214548485503,0.20540348683686835,0.5686574365028438,0.09917303691862593,0.3683742979715116,-0.114444321843136,-0.4506102796258051,-0.1901322019123583,0.4173213559754442,2.6674682496737336,0.19250163481025498,-0.0,0.9179496957126813,-1.3801574208638872,1,369.52315929413015
-0.34780350967499357,0.3241805003416973,-0.4812716274697806,-0.23343284536466563,0.3396182545296173,-0.2991456560693316,0.48945688261515685,0.20839800109229986,0.6050804711098487,1.5573363962041524,0.05213260943454773,0.07455037794583588,1.3411903170395112,1.3987257479360409,1,215.29083754235518
-0.22833293127699847,0.37403154890540113,-0.5176857666972099,-0.13189953208060415,0.14483115286312195,-0.35649322571292874,0.6011875451110864,0.11436120888813171,0.8173646739352199,1.5316021450372619,0.25024566302686224,0.00925899466220881,1.3688622202028529,1.3453934759788868,1,91.03079625084791
-0.5545678933631946,0.14568505611431629,-0.2074107681270681,-0.3529351085502222,0.5071406695082646,-0.17925087020060765,0.25483799198199797,0.3865009226365136,0.7850655660066447,1.435835580215778,0.18870587586735194,0.16697016902677034,-1.3680148226065203,-1.4187530589236086,1,72.0328393396724
-0.3083100733706312,0.35697022715361504,-0.4903612792949107,-0.21394201543339905,0.27859497526946675,-0.3293596527868342,0.5200763773960752,0.18633144106661825,0.6934935556040331,1.4722332310210047,0.1292563440251709,0.22892499651775475,1.18217104824638,1.2363345926411562,1,75.72823562161514
-0.5014040392065897,0.1794518667636504,-0.29024006871486074,-0.31800261536947094,0.48831347355335436,-0.23972978661144762,0.30333063436809615,0.37828053521726807,0.689123627975365,1.421429646726243,0.1106049622844651,-0.059453659309363,-1.210104429293536,-1.3521273809133916,1,69.50748901703527
-0.22833293127699847,0.37403154890540113,-0.5176857666972099,-0.13189953208060415,0.14483115286312195,-0.35649322571292874,0.6011875451110864,0.11436120888813171,0.8173646739352199,1.5316021450372619,0.25024566302686224,0.00925899466220881,1.3688622202028529,1.3453934759788868,1,68.61295869297011
-0.3886541010594096,0.2917744795663594,-0.4350214948468778,-0.25406139760848373,0.38008674996582276,-0.3087501490941722,0.4435888459404646,0.2710370671362965,0.5276271486386219,1.4630712860970918,0.024347665167280597,-0.14543060880274952,-1.4431163237168978,-1.4851974264488947,1,196.869498917315
-0.3326218926416977,0.3464492653121459,-0.44477304297620557,-0.24649914389604358,0.3172191110119998,-0.3609139036272173,0.46017582460590356,0.26096378221111494,0.640127498700969,1.2793270943679615,0.0390203800816317,-0.11208239835673771,-1.4966084090989142,-1.538234549856458,1,153.58089690760133
-0.4119254283583642,0.29104557308615897,-0.41883851727751675,-0.2518278571984523,0.3602043440618196,-0.2978393558301068,0.4705596015740613,0.2586216399424001,0.5237531479981721,1.5103088484338552,0.183042478576229,0.3868757177331849,1.230180086380332,1.2079121462039932,1,145.75389024903455
-0.37832336243585907,0.3236970788326711,-0.4347880217490574,-0.2867324287216697,0.38302473441180157,-0.2909432019627436,0.43008664977311484,0.2539785518517422,0.53158681095723,1.4071233183788827,0.006086647165709378,0.0049019215214732206,1.4788057683938565,1.5596856729009925,1,157.10005534708634
-0.37832336243585907,0.3236970788326711,-0.4347880217490574,-0.2867324287216697,0.38302473441180157,-0.2909432019627436,0.43008664977311484,0.2539785518517422,0.53158681095723,1.4071233183788827,0.006086647165709378,0.0049019215214732206,1.4788057683938565,1.5596856729009925,1,173.17745485900284
-0.40698005905490753,0.3145426503695891,-0.41995406072732017,-0.2857262428987809,0.37468200974557486,-0.27140575381941745,0.45225211003665283,0.24258934634860926,0.523558232826333,1.4530257698594828,0.12817541531026863,0.17985349979336715,1.3513130488570662,1.4528790115566586,1,154.91944681150864
-0.48156980801532134,0.21811269394093433,-0.38443982736296034,-0.273041147761875,0.48205942541665886,-0.21426320495622653,0.3839502099616227,0.26919165877716716,0.5225113837068884,1.7771503712263792,0.00497508333570684,-0.0,-1.4432867685768556,-1.434503697096519,1,219.2724585541021
-0.48156980801532134,0.21811269394093433,-0.38443982736296034,-0.273041147761875,0.48205942541665886,-0.21426320495622653,0.3839502099616227,0.26919165877716716,0.5225113837068884,1.7771503712263792,0.00497508333570684,-0.0,-1.4432867685768556,-1.434503697096519,1,208.63880176250356
-0.4293889817241514,0.20727375871413262,-0.427501913390339,-0.25753024876377595,0.5083097474713232,-0.2417354871298455,0.34858114764316717,0.2919919771794888,0.5152862929316679,1.706389086603181,0.2867270031751641,-0.0599281551215068,-1.5236848103703624,1.5263153004289627,1,234.72278639653567
-0.4173077834246342,0.23575554313748262,-0.4506897101074763,-0.1884400527855426,0.37107570315196553,-0.29374555353154275,0.4969217903801451,0.24643006317960273,0.5118766266784748,1.7542655965427425,0.1503569353237019,-0.10673567264976616,-1.4151426164031085,-1.5542689061894217,1,210.05737908165997
-0.48156980801532134,0.21811269394093433,-0.38443982736296034,-0.273041147761875,0.48205942541665886,-0.21426320495622653,0.3839502099616227,0.26919165877716716,0.5225113837068884,1.7771503712263792,0.00497508333570684,-0.0,-1.4432867685768556,-1.434503697096519,1,239.29643051285092
-0.48156980801532134,0.21811269394093433,-0.38443982736296034,-0.273041147761875,0.48205942541665886,-0.21426320495622653,0.3839502099616227,0.26919165877716716,0.5225113837068884,1.7771503712263792,0.00497508333570684,-0.0,-1.4432867685768556,-1.434503697096519,1,198.05586883784275
-0.41451401224586154,0.2612194348856623,-0.4094065247817655,-0.2193735675761636,0.3551422808083965,-0.3351278384364079,0.4687782562192305,0.2932819711269092,0.5550695262148988,1.405599109089168,0.18952481318291484,0.005780282443695162,-1.4156886586338067,1.5393601454417638,1,201.08072584368833
-0.48044900960482334,0.1930055966362786,-0.35789728907741386,-0.26218068028760527,0.4698878355125543,-0.26217801972811877,0.3684584631696827,0.33135310337944546,0.5640570234407251,1.6011503831271037,0.09374154154523189,-0.0,-1.3078015951080002,-1.4693493714894865,1,80.86249767544093
-0.45901756482770883,0.2818842143335138,-0.3594309771197734,-0.2931645683285346,0.3746369203298293,-0.2748262850816932,0.4438116216176529,0.2861066390767139,0.5229829529129029,1.5585604375011815,0.29417989078458695,0.01709235239786289,-1.4413866153925472,-1.4210869311251693,1,84.19496876399644
-0.4428861444280869,0.3144022904587394,-0.35206811173998326,-0.3585223242186384,0.4061560008467285,-0.23814450028531484,0.3887982553213417,0.2822645340452138,0.5713413584539093,1.261719554844749,0.10080794563692078,0.340978953498891,1.2065182377847512,1.4025895549439236,1,104.29485424793366
-0.3878890322517967,0.2986188878993195,-0.42331468750157075,-0.2838848332089507,0.402810401710708,-0.3001408881455196,0.4083933180426595,0.2854068334551508,0.49799329913436313,1.3890512335984748,0.05120714368506592,-0.30786255846700583,-1.304000208053749,-1.3070844923295235,1,166.9392438961459
-0.37640958315603984,0.27891475649187497,-0.4599997609927695,-0.23542593535265427,0.39201813390704066,-0.30581291404646155,0.4443912102417687,0.2623240929072408,0.5288224258658752,1.5466874868464833,0.06918641113919344,-0.18406301655669216,-1.4654188876027845,-1.5276337820264294,1,184.7896550077141
0.4295554512195306,0.2547737858946971,-0.44320615809032915,0.18279046574397437,-0.4532699793007187,-0.1911366836437288,0.4669206861715172,-0.24642756799494278,0.4612008073712934,1.8359700314673406,0.14230556229208957,-1.1609211930605428,-0.30067639139793473,-0.401997438359391,1,186.91631020553748
-0.382739790949071,0.3264771522400739,-0.42297497626936686,-0.2927232105880731,0.3764509498894456,-0.2959610138071104,0.4292638173289922,0.2622070721551096,0.5304659517216275,1.3691943073004855,0.029449317987580038,-0.3157083318574246,-1.3159258999725678,-1.2409907107109204,1,168.722345357892
-0.348562302011995,0.3417116807596352,-0.462388650820674,-0.26578757454371343,0.35453004279055905,-0.30291234688194796,0.45642091004210994,0.22698824066602616,0.5922867197589621,1.4253417829061292,0.004743351464752353,-0.3436049978814596,-1.3669988057493716,-1.2708491702948186,1,170.9983356326252
-0.37640958315603984,0.27891475649187497,-0.4599997609927695,-0.23542593535265427,0.39201813390704066,-0.30581291404646155,0.4443912102417687,0.2623240929072408,0.5288224258658752,1.5466874868464833,0.06918641113919344,-0.18406301655669216,-1.4654188876027845,-1.5276337820264294,1,157.2181903874741
-0.3878890322517967,0.2986188878993195,-0.42331468750157075,-0.2838848332089507,0.402810401710708,-0.3001408881455196,0.4083933180426595,0.2854068334551508,0.49799329913436313,1.3890512335984748,0.05120714368506592,-0.30786255846700583,-1.304000208053749,-1.3070844923295235,1,143.03852584325296
-0.348562302011995,0.3417116807596352,-0.462388650820674,-0.26578757454371343,0.35453004279055905,-0.30291234688194796,0.45642091004210994,0.22698824066602616,0.5922867197589621,1.4253417829061292,0.004743351464752353,-0.3436049978814596,-1.3669988057493716,-1.2708491702948186,1,171.4899104302551
-0.30104181863645535,0.3716000393098757,-0.4823864323078805,-0.2470497014993781,0.31637166700824937,-0.3375638642083047,0.46705658393608646,0.2130135263978071,0.6733107155676467,1.3388202805215488,0.017998412710025113,0.21481540040355196,1.1836762895053283,1.2744444665272643,1,75.13423072648636
-0.3072873212799597,0.34451567800828903,-0.49649144842728005,-0.2285728981967632,0.33027885438238674,-0.3301169998975397,0.4734999153248531,0.2141742200860139,0.6543878712736284,1.4378066694947933,0.06158057704356428,0.1338109774758621,1.2403123699963585,1.28351487340473,1,77.01977814063433
-0.3752304542158183,0.28390713888248414,-0.46636077915807145,-0.23936543103808297,0.3956700115689921,-0.29376503510087215,0.4459212218048976,0.24922332725647103,0.5269999267821648,1.57923826358521,0.08014247991549571,-0.18668933081526257,-1.4935095025085818,-1.514319348276711,1,159.6559640886996
-0.42605060393197125,0.3054314456028589,-0.38984632584923956,-0.30077373594536,0.3808322901993106,-0.2747459944426716,0.4350646395819003,0.2700882847851727,0.5220125225282652,1.4205012918474644,0.15886431656088093,-0.11065722117442586,-1.4342468147961374,-1.3594666986772097,1,148.74566770067966
-0.41323805815059417,0.22450057768217477,-0.45103263482882794,-0.243142437026129,0.47960342075515916,-0.2534746225851442,0.38466727222426306,0.27211648192909843,0.4891340323551659,1.770646511310521,0.2593445835138321,0.018955075491442954,1.4822990659828095,1.4115917951948762,1,222.4859674243321
-0.5090514130623913,0.18945690703292975,-0.2785665616515514,-0.34782356301050055,0.5052557185659035,-0.20263256517348305,0.2823622561480393,0.3609992211510538,0.7189640050356881,1.4309742213324714,0.028654575198338424,0.2220819019077904,-1.5707963267872043,1.5405025668836902,1,76.93030119198674
-0.49697983673904994,0.2036932689934629,-0.2961945911747543,-0.3170735043384371,0.45687510747400256,-0.2555546704392224,0.3362993204398017,0.3689349057841966,0.6543525137672096,1.3904420560128956,0.17726187286669942,0.043450895392002545,-1.327763186497432,-1.4420165823567486,1,86.23400566519987
-0.4795355417773544,-0.05470966652690491,-0.48898868660242156,0.07058898592179537,0.5355120598898924,0.14788234655028576,0.43301216848988355,-0.1637616659451762,0.31927952344146077,3.287407122917956,0.3930580191851289,0.0,-1.5707963267877023,-1.3765553306056013,1,548.1207823300881
-0.4795355417773544,-0.05470966652690491,-0.48898868660242156,0.07058898592179537,0.5355120598898924,0.14788234655028576,0.43301216848988355,-0.1637616659451762,0.31927952344146077,3.287407122917956,0.3930580191851289,0.0,-1.5707963267877023,-1.3765553306056013,1,448.6750452825507
-0.5020920674843724,0.18465213703047195,-0.2736444122046055,-0.3099755279506559,0.44832903250613654,-0.2740826569689549,0.32740744718284137,0.39940604788913886,0.6742112176226583,1.3397882498785816,0.2550187570218205,0.2129383495821885,-1.4007377051930285,1.5371955323872972,1,67.12537482537056
-0.5335584589906107,0.16998913718394823,-0.2619714536914242,-0.3144626689618177,0.4800208668711047,-0.2265114224292856,0.31550904581093026,0.3709849542071551,0.6947555398051226,1.4787115624906813,0.242272309789001,0.06241880999673556,-1.2402483453957034,-1.354711354490354,1,81.50242551541312
-0.54263127443603,0.08942143677823343,-0.11635727159054379,-0.4187523195198064,0.5180697860046353,-0.12358685405160183,0.14091876002193848,0.4529177367931747,0.9245813530855534,1.2168607293076623,0.11865227206736435,0.36120375549735495,1.4721080661562949,1.4188240463753954,1,72.00284659802591
-0.5335584589906107,0.16998913718394823,-0.2619714536914242,-0.3144626689618177,0.4800208668711047,-0.2265114224292856,0.31550904581093026,0.3709849542071551,0.6947555398051226,1.4787115624906813,0.242272309789001,0.06241880999673556,-1.2402483453957034,-1.354711354490354,1,81.31852878650487
-0.41323805815059417,0.22450057768217477,-0.45103263482882794,-0.243142437026129,0.47960342075515916,-0.2534746225851442,0.38466727222426306,0.27211648192909843,0.4891340323551659,1.770646511310521,0.2593445835138321,0.018955075491442954,1.4822990659828095,1.4115917951948762,1,205.4596476791342
-0.5335584589906107,0.16998913718394823,-0.2619714536914242,-0.3144626689618177,0.4800208668711047,-0.2265114224292856,0.31550904581093026,0.3709849542071551,0.6947555398051226,1.4787115624906813,0.242272309789001,0.06241880999673556,-1.2402483453957034,-1.354711354490354,1,56.233281353737404
-0.503962882626199,0.23201358664969873,-0.2675763785896215,-0.36844250475670515,0.4444005162465595,-0.2242116929116617,0.32713874496926104,0.3606406110186681,0.6914357417374739,1.3007617078941442,0.17717029308450843,0.04164257909893505,-1.4372672776956947,-1.3909428269961326,1,73.33854390504871
-0.7435187224246749,0.0683866418527988,-0.04470798351146206,-0.2073724040393425,0.4282280400502201,-0.12398094672741629,0.3599986658859168,0.26296670891396,0.5511183328683462,2.4912807168372395,1.0204103791181545,1.0204103791236088,-1.5707963267847955,-1.5707963267905676,1,171.7578824087269
-0.7435187224246749,0.0683866418527988,-0.04470798351146206,-0.2073724040393425,0.4282280400502201,-0.12398094672741629,0.3599986658859168,0.26296670891396,0.5511183328683462,2.4912807168372395,1.0204103791181545,1.0204103791236088,-1.5707963267847955,-1.5707963267905676,1,221.99365632780385
-0.7435187224246749,0.0683866418527988,-0.04470798351146206,-0.2073724040393425,0.4282280400502201,-0.12398094672741629,0.3599986658859168,0.26296670891396,0.5511183328683462,2.4912807168372395,1.0204103791181545,1.0204103791236088,-1.5707963267847955,-1.5707963267905676,1,295.9966051423879
-0.5231268843956975,0.21155206482770916,-0.23822118587957053,-0.40127590134505287,0.49228803333814386,-0.16113996256591864,0.2690600369371242,0.3508637990832623,0.7637338720347738,1.350034996365171,0.024036630928128907,-0.2087771821837836,-1.2444375100812324,-1.1009182688129988,1,70.49382166394253
-0.503962882626199,0.23201358664969873,-0.2675763785896215,-0.36844250475670515,0.4444005162465595,-0.2242116929116617,0.32713874496926104,0.3606406110186681,0.6914357417374739,1.3007617078941442,0.17717029308450843,0.04164257909893505,-1.4372672776956947,-1.3909428269961326,1,90.40861784525832
-0.4663557465149861,0.2487147459983471,-0.4020427229044232,-0.2461599575629591,0.3969674929147311,-0.24477954775692906,0.47143097650467836,0.24222475932154108,0.4640869265580852,1.8949983021378851,0.2809598675778781,0.004566178310502821,-1.4478562587860349,-1.439208185334567,1,225.55465556470813
-0.46410656618779317,0.2404440694914807,-0.417523921197856,-0.22980754828174285,0.3968885136738213,-0.23672933368919272,0.4847419737118278,0.22609281247945484,0.4527652868869151,1.9884774247158865,0.28632624247992317,-0.0,-1.4635605541646481,-1.4569356995981158,1,254.5260320507383
-0.46410656618779317,0.2404440694914807,-0.417523921197856,-0.22980754828174285,0.3968885136738213,-0.23672933368919272,0.4847419737118278,0.22609281247945484,0.4527652868869151,1.9884774247158865,0.28632624247992317,-0.0,-1.4635605541646481,-1.4569356995981158,1,267.96593291050283
-0.4213646279471559,0.30640008722665235,-0.4088123346118788,-0.297968686802989,0.39368299204878915,-0.256316022345406,0.4364939705102456,0.2478846219217427,0.518462949440486,1.4194290561003202,0.10547172077796083,-0.11208239835673771,-1.4898050512788896,-1.3698420631038362,1,189.54893211237135
-0.46659279875975074,0.2348558147937309,-0.44021984892250665,-0.2421173077478883,0.45423448679856177,-0.17460684069337837,0.4525781608836957,0.18186833364753577,0.43920986571427156,1.9305643065411173,0.050589708771742195,-0.0,1.5506985307013286,-1.4579769468232955,1,99.67323041100222
-0.4278241114769549,0.2557261210957571,-0.36117612159618134,-0.310795837501691,0.4325176318910939,-0.2956220336730422,0.35648260118204234,0.3506917500789761,0.5691053843154761,1.3006166094736158,1.9599417504617463e-07,-0.0,-1.4728060883,1.5674065092738476,1,173.4171132046948
-0.46410656618779317,0.2404440694914807,-0.417523921197856,-0.22980754828174285,0.3968885136738213,-0.23672933368919272,0.4847419737118278,0.22609281247945484,0.4527652868869151,1.9884774247158865,0.28632624247992317,-0.0,-1.4635605541646481,-1.4569356995981158,1,213.81433470902547
-0.46659279875975074,0.2348558147937309,-0.44021984892250665,-0.2421173077478883,0.45423448679856177,-0.17460684069337837,0.4525781608836957,0.18186833364753577,0.43920986571427156,1.9305643065411173,0.050589708771742195,-0.0,1.5506985307013286,-1.4579769468232955,1,114.51776109091809
-0.2459117443402407,0.3781083267258358,-0.5102826059531526,-0.15712696065337775,0.18870078726396608,-0.36486341573779085,0.5674935630294272,0.14388204966533283,0.8007572382547594,1.4506287485561324,0.18122901474377212,0.07677189127043163,1.3241256179122594,1.3156139361798935,1,122.35779176734646
-0.3358014762189934,0.3569790628504141,-0.45258506049425384,-0.28568153626973464,0.36093776933171456,-0.31656329601618016,0.4274487673815327,0.24526576943550074,0.5927400603098557,1.3065753271355738,0.06192284882653945,0.3766404169933483,1.0523408201782238,1.159731779410419,1,120.0031870907538
-0.38717435957299506,0.37704229574484655,-0.40637545007209774,-0.2979445975856104,0.27464163691675386,-0.26998451198504053,0.518908172728339,0.19088681382580439,0.6245543180036173,1.370817169849016,0.4589276542569876,0.4204850642386846,1.0808390005476562,1.324503603982859,1,74.42930225567115
-0.38717435957299506,0.37704229574484655,-0.40637545007209774,-0.2979445975856104,0.27464163691675386,-0.26998451198504053,0.518908172728339,0.19088681382580439,0.6245543180036173,1.370817169849016,0.4589276542569876,0.4204850642386846,1.0808390005476562,1.324503603982859,1,103.78696928117313
-0.4278241114769549,0.2557261210957571,-0.36117612159618134,-0.310795837501691,0.4325176318910939,-0.2956220336730422,0.35648260118204234,0.3506917500789761,0.5691053843154761,1.3006166094736158,1.9599417504617463e-07,-0.0,-1.4728060883,1.5674065092738476,1,187.90254755914924
-0.30110904465561195,0.4032520087581611,-0.4370656561582378,-0.2613768552851983,0.27139468254382504,-0.3757112416351779,0.46678001827002474,0.23383608816221502,0.7040625644065991,1.1603187621134423,0.10841775240885362,-0.17315343254808824,-1.4394146582567693,-1.382272524035459,1,153.34415485889528
-0.40545527670099096,0.2912644104177817,-0.40047650476529256,-0.2948463865140028,0.4053543223818223,-0.2971023011316135,0.40057745908446113,0.3006842772278345,0.4846910959367108,1.3563529668196646,0.0005036399461613014,-0.21919305484167848,-1.3403094027301108,-1.354795057516162,1,164.4242219929272
-0.27655172378384724,0.33640583297709814,-0.5145528811414518,-0.1979467991540311,0.3171193736975656,-0.3621377860035134,0.47398523122773345,0.22367875218044633,0.6905369905146331,1.4151415681267896,0.15738775790532727,-0.05681084045061197,1.4035005780719247,1.357665298994088,1,148.7595817056547
-0.40545527670099096,0.2912644104177817,-0.40047650476529256,-0.2948463865140028,0.4053543223818223,-0.2971023011316135,0.40057745908446113,0.3006842772278345,0.4846910959367108,1.3563529668196646,0.0005036399461613014,-0.21919305484167848,-1.3403094027301108,-1.354795057516162,1,175.17775030259696
-0.3618225228202261,0.31648929558372574,-0.4661082554832353,-0.2260568689712035,0.32530300339335,-0.30790865505411336,0.5026277749101113,0.2174762284415911,0.604876792086641,1.5514721491378327,0.1356091604751291,0.38389906977975574,1.1000566381225974,1.111039748743334,1,166.86611428610655
-0.38749225061757536,0.3064611319472112,-0.44690516617793785,-0.23039157215312445,0.3258901279895292,-0.2982745721923074,0.508507288805984,0.22220501239822066,0.5777720237083681,1.5798843171388117,0.22722324477908998,-0.13675571173214354,-1.4566450597358027,-1.450500849861527,1,114.26089028353859
-0.3618225228202261,0.31648929558372574,-0.4661082554832353,-0.2260568689712035,0.32530300339335,-0.30790865505411336,0.5026277749101113,0.2174762284415911,0.604876792086641,1.5514721491378327,0.1356091604751291,0.38389906977975574,1.1000566381225974,1.111039748743334,1,179.07489214333202
-0.40913701002513975,0.32805919854096366,-0.3786020781802121,-0.33456352330160244,0.3850230645044433,-0.2789425181930684,0.4027160237009086,0.2854468429537072,0.5379522669436988,1.2252115826461776,0.07738793924387868,-0.19739555985073545,-1.400061115315893,-1.2749117683339,1,166.40869482689075
-0.3779736744129187,0.3177730783556809,-0.4286282501618645,-0.28622720492134146,0.3855873495306702,-0.3021987865162195,0.42101457504411305,0.27065291308188005,0.52675464681798,1.3704538437103628,0.021904397799570687,-0.29001518086961897,-1.3448371091026168,-1.3055439440850456,1,150.36070725506727
-0.40913701002513975,0.32805919854096366,-0.3786020781802121,-0.33456352330160244,0.3850230645044433,-0.2789425181930684,0.4027160237009086,0.2854468429537072,0.5379522669436988,1.2252115826461776,0.07738793924387868,-0.19739555985073545,-1.400061115315893,-1.2749117683339,1,162.2870936781611
-0.3767415070681849,0.3425853998569673,-0.3948033266806393,-0.303349884353674,0.34626041563927734,-0.3288728603752591,0.4252844181095468,0.28963734487196585,0.5506546903545884,1.2213532744485944,0.09912160659406329,-0.12435499454729193,-1.4399689307171442,-1.408474097474848,1,164.80081949951494
-0.37705707089873264,0.3303156471112318,-0.4240184959042084,-0.3029935885298845,0.38795899949228296,-0.29256245281116794,0.4131165673106581,0.2652403942298206,0.5301653670129847,1.3218424998451377,0.028946336264892427,0.15160548743930957,1.3323279883597783,1.4273440634966799,1,127.14208029246625
-0.4006937645367588,0.26567064812232744,-0.4444051414675857,-0.20926642867887746,0.35667788766735203,-0.3112306605457407,0.4884210183369925,0.25482644110229075,0.5381486323510696,1.6169596875386856,0.13688989987281744,-0.009345522307577238,-1.5266261795439373,1.5005602901760502,1,101.42707023458996
-0.3746439142991236,0.2923004721696979,-0.4467223874269976,-0.25670005344051416,0.3944799261452773,-0.30957621753540093,0.4268863755808439,0.27397579880621714,0.5258047503765259,1.4514746590965053,0.07506758955488316,-0.3968181439539479,-1.2417466319490964,-1.2816637582248094,1,89.26053261420587
-0.3489631157151701,0.30059009952729526,-0.5074466102759454,-0.19772502564686684,0.3162052064734059,-0.2684300261750767,0.5402045195177095,0.16556495229464827,0.5961345775674176,1.8411495173399768,0.16854807062168886,-0.2403597583320745,-1.55272600476265,-1.4876550949009382,1,85.39491865860155
-0.4188182252857703,0.30137594309752713,-0.38954759844536657,-0.2869801227161629,0.3695011288539883,-0.29910713267740535,0.43886469487714863,0.28471131229604113,0.5150240779390554,1.4283215543686494,0.16796468507379567,0.07187596955662144,1.56460445546542,1.5680566076250928,1,221.0399507429165
-0.3489631157151701,0.30059009952729526,-0.5074466102759454,-0.19772502564686684,0.3162052064734059,-0.2684300261750767,0.5402045195177095,0.16556495229464827,0.5961345775674176,1.8411495173399768,0.16854807062168886,-0.2403597583320745,-1.55272600476265,-1.4876550949009382,1,121.62151576998593
-0.3746439142991236,0.2923004721696979,-0.4467223874269976,-0.25670005344051416,0.3944799261452773,-0.30957621753540093,0.4268863755808439,0.27397579880621714,0.5258047503765259,1.4514746590965053,0.07506758955488316,-0.3968181439539479,-1.2417466319490964,-1.2816637582248094,1,103.64846084111696
-0.327724100681185,0.27375213670174425,-0.5063645284309628,-0.15297267444866675,0.3055892080451322,-0.3413352465827885,0.5284994210670156,0.22055578432971104,0.6365317587522085,1.6824665529178344,0.01879340756873458,-0.18668933081627578,-1.5526165117158597,1.4230708619254218,1,121.17036596578484
-0.4372726171058278,0.2624506287020806,-0.39222320398302174,-0.29997102366116024,0.44854618158073395,-0.2542512255171078,0.3809496395081156,0.29177162047618754,0.524176758161355,1.4969663036165377,0.04324296526075568,-0.008474373403042431,-1.5367186152022136,-1.518213265178123,1,87.87678337299091
-0.44715380971096186,0.22732813535992946,-0.3978872021569877,-0.2718130399835472,0.46810282890856936,-0.2552343299734183,0.3769381829593802,0.2997192345970361,0.5230987084951996,1.6014084931444836,0.06443605202618291,0.18725391973540823,1.4627846021008044,1.3943079292812535,1,105.80226448399033
-0.5202410855599879,0.19743135777649778,-0.272333994033704,-0.32426451831375075,0.4557465113247679,-0.23812537156027852,0.336828568268924,0.3649585320975315,0.6726731486884882,1.4160692917950897,0.2489216211586069,0.08377294374440308,-1.3287246322179596,-1.4039933911655322,1,109.5024215190167
-0.4188182252857703,0.30137594309752713,-0.38954759844536657,-0.2869801227161629,0.3695011288539883,-0.29910713267740535,0.43886469487714863,0.28471131229604113,0.5150240779390554,1.4283215543686494,0.16796468507379567,0.07187596955662144,1.56460445546542,1.5680566076250928,1,226.3359780768309
-0.44715380971096186,0.22732813535992946,-0.3978872021569877,-0.2718130399835472,0.46810282890856936,-0.2552343299734183,0.3769381829593802,0.2997192345970361,0.5230987084951996,1.6014084931444836,0.06443605202618291,0.18725391973540823,1.4627846021008044,1.3943079292812535,1,215.32014600497146
-0.44715380971096186,0.22732813535992946,-0.3978872021569877,-0.2718130399835472,0.46810282890856936,-0.2552343299734183,0.3769381829593802,0.2997192345970361,0.5230987084951996,1.6014084931444836,0.06443605202618291,0.18725391973540823,1.4627846021008044,1.3943079292812535,1,107.62471138579315
-0.41595406833442466,0.22955591437857428,-0.4772797156032807,-0.1972365538258759,0.41230442531161465,-0.24613560560886086,0.48092935862609065,0.2138162450561625,0.45581193098592276,2.0143497076733285,0.005394922857585442,-0.3526685339619358,-1.3059274026233916,-1.3432930881524143,1,279.94007963251323
-0.41595406833442466,0.22955591437857428,-0.4772797156032807,-0.1972365538258759,0.41230442531161465,-0.24613560560886086,0.48092935862609065,0.2138162450561625,0.45581193098592276,2.0143497076733285,0.005394922857585442,-0.3526685339619358,-1.3059274026233916,-1.3432930881524143,1,194.32585673596853
-0.39241604348742654,0.32023583436142594,-0.4080473436241028,-0.30000931669130265,0.38052181162099663,-0.29786150167150427,0.4199415754905326,0.277634984001381,0.5135561122062425,1.3349381574516268,0.043193666185013024,-0.2428577755338297,-1.3558587068842525,-1.3007420145954065,1,187.32701128785416
-0.41004726812922626,0.3166377392390811,-0.3912333329225705,-0.30108046335168626,0.3687972692929216,-0.29475820279445647,0.43248333175887516,0.27920092690706166,0.520446487790599,1.3639400560877921,0.1409549250025939,0.1634230535890661,1.4295027724234401,1.4822255730489016,1,164.33133230257027
-0.41595406833442466,0.22955591437857428,-0.4772797156032807,-0.1972365538258759,0.41230442531161465,-0.24613560560886086,0.48092935862609065,0.2138162450561625,0.45581193098592276,2.0143497076733285,0.005394922857585442,-0.3526685339619358,-1.3059274026233916,-1.3432930881524143,1,182.32518971684712
-0.41681434413685353,0.3084877105138346,-0.3712502994036646,-0.34167084569315914,0.4137892620891689,-0.27035895825816697,0.37427538145134925,0.3035420934374915,0.5400240414042332,1.277540068182352,0.0012241456947163255,-0.25418438696133655,-1.3372348649825083,-1.2403933307199977,1,177.35409762717245
-0.4233630187880416,0.3140545558877521,-0.3761242793125555,-0.31070311573341924,0.3691745377876576,-0.2868625566593913,0.4303127603129395,0.28351111650505856,0.5333404920705184,1.3664110388365376,0.18224975248048575,-0.277087538387828,-1.2502181048002212,-1.1824776086194353,1,234.8975219457511
-0.431826064654426,0.2948425070954697,-0.3738271337257202,-0.30956316068685114,0.392995428795668,-0.2808911943251031,0.41265776958447814,0.29561184791648454,0.5110605116509067,1.3954373895707655,0.12976034730751532,-0.10619794192537499,-1.4063042481000938,-1.3698420631032435,1,151.57213258958032
-0.35606744972363225,0.36326364895082114,-0.42242124570968936,-0.3014087946687857,0.3435084026244184,-0.31627776704164107,0.4349802928089032,0.25442291275960566,0.5826398555590401,1.2617355150699208,0.05942857950149216,-0.15166475372226698,-1.499220693602519,-1.381899145913727,1,163.3325032534095
-0.33638314425425886,0.2860621075451513,-0.4785798949346482,-0.1477413653355971,0.26865840084672615,-0.36408088237786335,0.5463046383421809,0.2257601401683091,0.6663214947904511,1.5763986525459401,0.12319134649405064,-0.11779532187127648,-1.4879414637382606,1.4400480383892136,1,181.3048847671394
-0.4005948062048895,0.27917902671553174,-0.4575413963392726,-0.2613867549993914,0.4293249863776454,-0.24926920186781373,0.4288112161665167,0.23147693015167337,0.479409619450057,1.6406261970622151,0.1060278347384474,-0.23573037189523263,-1.4536875822251314,-1.3825748214870623,1,190.78759709238247
-0.4233630187880416,0.3140545558877521,-0.3761242793125555,-0.31070311573341924,0.3691745377876576,-0.2868625566593913,0.4303127603129395,0.28351111650505856,0.5333404920705184,1.3664110388365376,0.18224975248048575,-0.277087538387828,-1.2502181048002212,-1.1824776086194353,1,178.0146625422132
-0.4212356056533931,-0.20229316572375347,-0.1716729176058772,-0.06108276981028408,0.7834414051750266,-0.0467338471566508,-0.19053288191575615,0.31010978269068834,0.6172800522355787,2.35103450235039,0.8661076163502545,-0.7229793533941952,1.222873739300128,0.09015046289483516,1,280.43816575764004
-0.17879367995108375,0.32001372427114244,-0.6201420810911372,-0.14244547202640323,0.31521449189087575,-0.3250524469112075,0.4837212691513451,0.1474841946664683,0.7120649048494395,1.7112404890481192,0.4195019833793983,-0.6202494859854202,-1.5197895564353237,-1.457833899926039,1,160.05620519288385
-0.8628579363085573,-0.0014623902218870305,0.31753994792463985,-0.04213705767265308,0.23257133807745944,0.018923745376360976,0.31274665030645804,0.024675702518179122,0.0788656407690383,17.667252196462425,3.0355283019978767,1.4647319752087151,-0.8760580506309803,-1.5214068670972876,1,61.71336974160733
-0.39427004349206257,0.3038899745437201,-0.4338422353065814,-0.2851211533073934,0.4066949931731983,-0.27350500670645406,0.4214172856254457,0.2547361854701274,0.5037573750295762,1.452026083195179,0.03922012004455861,-0.27896322891568176,-1.3727354310451876,-1.2987286101188502,1,161.32900942161677
-0.3979758608522025,0.29285365115458933,-0.4026294137219048,-0.2879979847570596,0.39619167217620077,-0.3108663825987175,0.4044136023979065,0.3060107162011878,0.4978463543907144,1.3082719680952035,0.005316090632018228,-0.2764557766461009,-1.2737321144507439,-1.318747867864847,1,178.49373889876176
-0.47316016879273554,0.25447792047596296,-0.38012792829419345,-0.3050888323168023,0.46396488401644675,-0.20455025441760377,0.3893232130704822,0.25516116625844315,0.5250243095011712,1.6726908615660088,0.0037889646762278395,0.043767651795413885,-1.568363241569354,-1.4506054961597008,1,249.30712197779846
-0.46426279652679037,0.19854272447857843,-0.4197886165296987,-0.21697486790075518,0.4558397711575413,-0.24614180193583773,0.42821164189894767,0.2645739453580145,0.46991087044189567,1.8015942773640958,0.05258306161147309,-0.0,-1.4308716562180168,-1.5380211823880916,1,213.6811452833556
-0.47316016879273554,0.25447792047596296,-0.38012792829419345,-0.3050888323168023,0.46396488401644675,-0.20455025441760377,0.3893232130704822,0.25516116625844315,0.5250243095011712,1.6726908615660088,0.0037889646762278395,0.043767651795413885,-1.568363241569354,-1.4506054961597008,1,250.12882771153696
-0.47316016879273554,0.25447792047596296,-0.38012792829419345,-0.3050888323168023,0.46396488401644675,-0.20455025441760377,0.3893232130704822,0.25516116625844315,0.5250243095011712,1.6726908615660088,0.0037889646762278395,0.043767651795413885,-1.568363241569354,-1.4506054961597008,1,260.32960815387406
-0.46426279652679037,0.19854272447857843,-0.4197886165296987,-0.21697486790075518,0.4558397711575413,-0.24614180193583773,0.42821164189894767,0.2645739453580145,0.46991087044189567,1.8015942773640958,0.05258306161147309,-0.0,-1.4308716562180168,-1.5380211823880916,1,232.21644111637974
-0.41998677836983966,0.25908149246942913,-0.4486693138769808,-0.2516255219121911,0.43609867828981014,-0.24305261881865206,0.43255741395701036,0.23559664826141402,0.45185721969992254,1.7324375175032503,0.06350178813750866,-0.2186689458750624,-1.417919983644621,-1.3806910387566727,1,171.7528085304191
-0.47316016879273554,0.25447792047596296,-0.38012792829419345,-0.3050888323168023,0.46396488401644675,-0.20455025441760377,0.3893232130704822,0.25516116625844315,0.5250243095011712,1.6726908615660088,0.0037889646762278395,0.043767651795413885,-1.568363241569354,-1.4506054961597008,1,237.9637079787179
-0.412066245635369,0.32546021075413567,-0.3838391334492792,-0.31728424473508565,0.3702370364163178,-0.28513323186202255,0.4256683426683304,0.27695726584297253,0.5384492618037483,1.3033711627524853,0.14218684142176652,0.008657792329784659,1.5634163869799136,-1.477732598067174,1,162.01340505614542
-0.3613445667097013,0.31461748536672157,-0.45521863857000766,-0.26627264428693526,0.38647654890365246,-0.30418451433146726,0.4300866563760565,0.2558396732516809,0.5478286868560194,1.4306762023682182,0.08250367684228771,0.0049019215214732206,1.4506875912313826,1.4798073839992494,1,176.3523950196858
-0.41998677836983966,0.25908149246942913,-0.4486693138769808,-0.2516255219121911,0.43609867828981014,-0.24305261881865206,0.43255741395701036,0.23559664826141402,0.45185721969992254,1.7324375175032503,0.06350178813750866,-0.2186689458750624,-1.417919983644621,-1.3806910387566727,1,171.63772186464186
0.3893419115642102,0.22909615917818266,0.4257267415450065,-0.11118481708623867,-0.274292281722031,-0.3963690834737911,-0.5407763713871857,0.2784577413818471,0.6522222269131215,1.432223908910187,0.26957455276535236,-1.5024099831907585,0.21195763724392103,-0.22792794053719967,1,95.96804989889266
-0.3613445667097013,0.31461748536672157,-0.45521863857000766,-0.26627264428693526,0.38647654890365246,-0.30418451433146726,0.4300866563760565,0.2558396732516809,0.5478286868560194,1.4306762023682182,0.08250367684228771,0.0049019215214732206,1.4506875912313826,1.4798073839992494,1,162.33190737823375
-0.4186296664375834,0.2796514080305608,-0.415291221204129,-0.27877131993841986,0.4139046999170488,-0.27305053475923957,0.4200161877246636,0.2721704466670986,0.46831890568115786,1.5018118213283616,0.017187001154115,-0.07485984771113977,-1.4968572891336076,-1.4810381526016396,1,172.00492915764465
-0.412066245635369,0.32546021075413567,-0.3838391334492792,-0.31728424473508565,0.3702370364163178,-0.28513323186202255,0.4256683426683304,0.27695726584297253,0.5384492618037483,1.3033711627524853,0.14218684142176652,0.008657792329784659,1.5634163869799136,-1.477732598067174,1,175.8807296391637
-0.4930855885266872,0.2096116023310667,-0.27067443291486887,-0.38946493680806926,0.5128772757383824,-0.18009474848362014,0.25088274570317376,0.35994808296062275,0.7538816678840486,1.3423343840163895,0.09620151568723828,0.09700996816101533,1.5681647539248782,-1.5117102530976203,1,211.31384418994452
-0.4930855885266872,0.2096116023310667,-0.27067443291486887,-0.38946493680806926,0.5128772757383824,-0.18009474848362014,0.25088274570317376,0.35994808296062275,0.7538816678840486,1.3423343840163895,0.09620151568723828,0.09700996816101533,1.5681647539248782,-1.5117102530976203,1,226.8187165487235
-0.4930855885266872,0.2096116023310667,-0.27067443291486887,-0.38946493680806926,0.5128772757383824,-0.18009474848362014,0.25088274570317376,0.35994808296062275,0.7538816678840486,1.3423343840163895,0.09620151568723828,0.09700996816101533,1.5681647539248782,-1.5117102530976203,1,236.5608706856923
-0.5279517738617404,0.11547147785099401,-0.1261349492305072,-0.44503548425506456,0.5095290527307326,-0.11730279062780703,0.14455767036151498,0.44686679703187754,0.9253315160292892,1.163222528252168,0.047760454724854566,0.16411561993190962,1.5526165117279769,-1.5707963267891163,1,110.42355127230898
-0.5557941075273507,0.1283346465374234,-0.1512629950646343,-0.4032737856484398,0.5113161133382718,-0.13781067031643673,0.19574098925371325,0.41274980942745315,0.8707871187729954,1.3076953010977306,0.13000465195071906,0.39060704370027555,1.449598385696185,1.4688779593196457,1,99.22705090848353
-0.2697283846801793,0.39671368441145555,-0.4880753853854425,-0.19915100737785488,0.21309169151677088,-0.3540765816676639,0.544712078548851,0.15651390463406326,0.7754067748504072,1.3756004980297079,0.22476991879438965,0.1289107716851719,1.3081029814900242,1.3774384300705378,1,86.11727479580567
-0.4776193036253874,0.17088507799815164,-0.2566726068110979,-0.36670269978336284,0.4939817437572571,-0.2347976542765337,0.2403101666792282,0.430615276061745,0.7746749804281169,1.2185866577920903,0.025733638973545452,-0.3451576498462458,-1.0096329144997178,-1.1828162472745714,1,58.61980688930084
-0.5279517738617404,0.11547147785099401,-0.1261349492305072,-0.44503548425506456,0.5095290527307326,-0.11730279062780703,0.14455767036151498,0.44686679703187754,0.9253315160292892,1.163222528252168,0.047760454724854566,0.16411561993190962,1.5526165117279769,-1.5707963267891163,1,113.72946895587042
-0.39309759409606904,0.30787253736846404,-0.39174768416809996,-0.31069386825488954,0.39531709718061153,-0.30897624092718695,0.38952818108355763,0.3117975718136125,0.4907813965439843,1.2665470406949202,0.007142735671205983,-0.0,-1.5707963267920797,1.5679634731858918,1,215.664367968439
-0.4645436314202302,0.22645685561808496,-0.3520436850912048,-0.29726832967142597,0.45553654160430673,-0.2647899956092106,0.3610507749071283,0.3356014696625516,0.5822909544732101,1.453822214289282,0.05549850524773311,-0.12435499454816003,-1.2750446410373162,-1.3662885113294512,1,93.79883096476009
-0.3466627449050689,-0.05275554342368145,0.45956273927269164,-0.0038882143210611413,0.5169530641239267,0.016720996351415867,-0.6298530584915495,0.039922761393326754,0.10628404739776838,12.374051563414179,0.0807672966293356,1.28657081123887,-1.5707963266520395,-0.9097531579672866,1,62.764613834059425
-0.4645436314202302,0.22645685561808496,-0.3520436850912048,-0.29726832967142597,0.45553654160430673,-0.2647899956092106,0.3610507749071283,0.3356014696625516,0.5822909544732101,1.453822214289282,0.05549850524773311,-0.12435499454816003,-1.2750446410373162,-1.3662885113294512,1,83.63476657849614
-0.44602303975322716,0.220688774049143,0.2713693168947929,0.41306600468638927,0.46544351169474996,-0.26175861315138493,-0.2907897888363156,-0.37199616558414733,0.7155579090087506,1.1610119376072865,0.1172454219394049,-0.19118445959821803,-1.3615747742528128,-1.3854483767916548,1,77.15985378541548
-0.44602303975322716,0.220688774049143,0.2713693168947929,0.41306600468638927,0.46544351169474996,-0.26175861315138493,-0.2907897888363156,-0.37199616558414733,0.7155579090087506,1.1610119376072865,0.1172454219394049,-0.19118445959821803,-1.3615747742528128,-1.3854483767916548,1,75.6888969172972
-0.36582897310246404,0.32030377841212665,-0.45027180346987133,-0.2601564790360386,0.36382306870659276,-0.3079381510396761,0.4522777078657426,0.24779085166358802,0.5670194464272678,1.436627307131775,0.013382324890674653,-0.19462035883483056,-1.4620124642354169,-1.4322341812152848,1,152.40277610232516
-0.3393179496636442,0.348902574271067,-0.45154914805829804,-0.20218925633178322,0.2373156401952648,-0.34247825432510054,0.5535514575266774,0.1957649363858168,0.6949072895118502,1.453758281996058,0.3302973548295166,-0.0,-1.5707963267868965,1.5397504045570787,1,187.5029480745394
-0.44950065296232644,0.28301307245412033,-0.36639092153285563,-0.28171177853319335,0.3656073714632127,-0.29032587027890794,0.4502842030319694,0.28902457635798096,0.521290758197404,1.553092538751836,0.2912502564034148,-0.23737424697501402,-1.1755350613789535,-1.1939833770199606,1,202.13737827136632
-0.44950065296232644,0.28301307245412033,-0.36639092153285563,-0.28171177853319335,0.3656073714632127,-0.29032587027890794,0.4502842030319694,0.28902457635798096,0.521290758197404,1.553092538751836,0.2912502564034148,-0.23737424697501402,-1.1755350613789535,-1.1939833770199606,1,337.10251788139976
-0.2663490259441752,0.3124461984931126,0.6183293851431599,0.1700065096914976,0.12206055994109667,-0.4204025891615077,-0.47404091914008145,-0.06205011902310253,0.8005422531638822,1.490580761932102,0.3816348628498317,-0.5070985043957063,1.5385494443676988,-1.410420882804615,1,60.9550462546255
-0.37227537146580225,0.28155001295324594,-0.4959411089278634,-0.24454546855868212,0.43501269236309253,-0.24075700854151913,0.43320378803057324,0.2037524641469553,0.4897705883555253,1.7695529309917644,0.23494135906392918,-0.23494135906499694,-1.5707963267918936,-1.470440152923578,1,225.74708756312756
-0.4600963099805011,0.18787972327689814,-0.21627761118409902,-0.40098852717377914,0.43575489158222186,-0.26422671071443954,0.2406190295823783,0.4773355146113205,0.7868476481946088,1.0199552317183542,0.13524780989058838,0.1257694207612429,-1.5107592747940146,1.4458468020018935,1,132.3006222975352
-0.37227537146580225,0.28155001295324594,-0.4959411089278634,-0.24454546855868212,0.43501269236309253,-0.24075700854151913,0.43320378803057324,0.2037524641469553,0.4897705883555253,1.7695529309917644,0.23494135906392918,-0.23494135906499694,-1.5707963267918936,-1.470440152923578,1,175.86777549878744
-0.4600963099805011,0.18787972327689814,-0.21627761118409902,-0.40098852717377914,0.43575489158222186,-0.26422671071443954,0.2406190295823783,0.4773355146113205,0.7868476481946088,1.0199552317183542,0.13524780989058838,0.1257694207612429,-1.5107592747940146,1.4458468020018935,1,297.35089282390913
0.25583538948542783,0.018377354843665518,-0.46785464301123625,0.06925491707557319,-0.4780301554576178,-0.07548308942375963,0.6900494089834263,-0.012149182495479074,0.16906550758980568,8.070302974957917,0.12435499459637468,1.5707963266948965,0.0,-1.5707963266282299,1,46.172407731512365
-0.5391000165146405,0.1867308581933798,-0.25081782864454544,-0.30395953011737104,0.4297226907931275,-0.2559713905938472,0.36019515436605837,0.37320006251783844,0.6560475898162689,1.4307154736412033,0.4211200743812033,0.42112007438490806,-1.531134596863845,1.4764031236113278,1,94.73771238677253
-0.2663490259441752,0.3124461984931126,0.6183293851431599,0.1700065096914976,0.12206055994109667,-0.4204025891615077,-0.47404091914008145,-0.06205011902310253,0.8005422531638822,1.490580761932102,0.3816348628498317,-0.5070985043957063,1.5385494443676988,-1.410420882804615,1,65.23362840339445
-0.5349975948427347,0.13219295064640185,-0.24401403888438208,-0.32072414606905425,0.526260484591783,-0.20178382503066877,0.2527511491353337,0.3903150204533211,0.7545960602662564,1.4925451781018328,0.1383281674359153,0.07047134457962197,-1.2234103638689553,-1.386852870250229,1,77.65264339572468
-0.37227537146580225,0.28155001295324594,-0.4959411089278634,-0.24454546855868212,0.43501269236309253,-0.24075700854151913,0.43320378803057324,0.2037524641469553,0.4897705883555253,1.7695529309917644,0.23494135906392918,-0.23494135906499694,-1.5707963267918936,-1.470440152923578,1,200.71205915202637
-0.5531426300403175,0.10273620896840209,0.10632518204694506,0.409656431531503,0.5276266405889305,-0.04624161146719916,-0.08080919259555805,-0.4661510290327059,0.9465457903656339,1.2340261065291673,0.1684903525286555,0.31038740713509516,-1.5707963267843703,1.5177487970422503,1,83.93781792545259
-0.4924831038513779,0.15909889345559872,-0.21244781510800553,-0.41642104168901334,0.5236324656652169,-0.1658214755915628,0.1812984532941664,0.42314362382497744,0.8530947282447582,1.2102886308281182,0.07366375937701074,-0.26188526468309714,-1.1842017448374562,-1.2295496356795104,1,63.68395295007203
-0.5349975948427347,0.13219295064640185,-0.24401403888438208,-0.32072414606905425,0.526260484591783,-0.20178382503066877,0.2527511491353337,0.3903150204533211,0.7545960602662564,1.4925451781018328,0.1383281674359153,0.07047134457962197,-1.2234103638689553,-1.386852870250229,1,61.47450790630205
-0.3838423829151749,0.33952554116290645,-0.3890830949372405,-0.3299475277126468,0.37700070948347164,-0.3032890735898935,0.3959247683689438,0.2937110601396339,0.525541623339032,1.1725757163386472,0.023860018599291904,-0.23608012159129457,-1.377328476515688,-1.283857573860357,1,175.16390291850655
-0.2889020704863915,0.3970804813350172,-0.419906441176904,-0.27605799024909544,0.2943030107732729,-0.40734042366713635,0.41450550089002264,0.2863179325812146,0.6712184095820817,1.0372827668677915,0.020630733450813937,-0.3179958786752301,-1.263229218386001,-1.28883176272867,1,166.95571900384402
-0.2132261891785505,0.36796533504044576,-0.5085068549882951,-0.18656189137263268,0.28988074101113187,-0.43622356132962975,0.4318523031557136,0.25482011766181667,0.7562263935793236,1.1693262147594607,0.2866754300716682,-0.20011540808508976,-1.556908330860458,1.455241985125614,1,179.24188790543428
-0.3995964308719355,0.2926170318349129,-0.40970395204090004,-0.3074372739736607,0.43094007047517446,-0.2783758733483456,0.37836031243766116,0.29319611548709346,0.5049188685737523,1.399595888718076,0.10857605872612887,-0.10857605872642725,-1.5136196579151509,-1.4798073839920103,1,160.99782740330448
-0.3838423829151749,0.33952554116290645,-0.3890830949372405,-0.3299475277126468,0.37700070948347164,-0.3032890735898935,0.3959247683689438,0.2937110601396339,0.525541623339032,1.1725757163386472,0.023860018599291904,-0.23608012159129457,-1.377328476515688,-1.283857573860357,1,151.08401797594257
-0.366252658425667,0.3006336111950177,-0.45979929277497444,-0.2331022777405026,0.3586017682630125,-0.3169098157599925,0.4674501829376289,0.24937848230547735,0.5726168188737976,1.5015129871670645,0.016392373535778552,0.34268147468237786,1.156657776321755,1.1160111150127277,1,188.7119379162452
-0.06640967339224217,0.4706362072520157,-0.5022367030862472,-0.045531464355216274,0.061814391172204115,-0.5030001240889751,0.5068319853062854,0.07789538119217564,0.9824659358375709,1.0363917778240062,0.04748702333909321,-0.17184201788622783,-1.4187228693371248,-1.4994888620056581,1,171.33899697873616
-0.2664844223747303,0.36766582289523847,-0.49250737091968017,-0.21565817608024673,0.2997875193767299,-0.38619864257963044,0.4592042739176805,0.23419099576463864,0.7174615904215251,1.2624439649610824,0.11814116540987157,-0.008928334179876572,1.4220767659651443,1.3919583987626134,1,165.4569184199577
-0.4375366133156319,0.26076905721820715,-0.3392444565194912,-0.3727886295120393,0.48751620381125504,-0.2258435828682116,0.2892648660238681,0.33786315516204374,0.6573904354090103,1.3016963259314573,0.18426554753705524,-0.1938806358375056,-1.3988985954958342,-1.3286775224070226,1,174.758166788445
-0.4375366133156319,0.26076905721820715,-0.3392444565194912,-0.3727886295120393,0.48751620381125504,-0.2258435828682116,0.2892648660238681,0.33786315516204374,0.6573904354090103,1.3016963259314573,0.18426554753705524,-0.1938806358375056,-1.3988985954958342,-1.3286775224070226,1,153.39221523251993
-0.3995964308719355,0.2926170318349129,-0.40970395204090004,-0.3074372739736607,0.43094007047517446,-0.2783758733483456,0.37836031243766116,0.29319611548709346,0.5049188685737523,1.399595888718076,0.10857605872612887,-0.10857605872642725,-1.5136196579151509,-1.4798073839920103,1,156.06634485754694
-0.3580438286459784,0.3226003684121362,-0.4545701433781569,-0.2596860410798696,0.3653734987563778,-0.31267044844499053,0.44724047326775745,0.24975612111272394,0.5728939670870792,1.4195687771515133,0.01973215233119272,0.11281937996728843,1.3582295172352792,1.383911942541988,1,162.56996308292653
-0.3580438286459784,0.3226003684121362,-0.4545701433781569,-0.2596860410798696,0.3653734987563778,-0.31267044844499053,0.44724047326775745,0.24975612111272394,0.5728939670870792,1.4195687771515133,0.01973215233119272,0.11281937996728843,1.3582295172352792,1.383911942541988,1,162.2645026642468
-0.3822230488620104,0.32219686851036294,-0.458128594662134,-0.285404674781544,0.40297802718246356,-0.24686193433592835,0.4373736163416808,0.21006974060710945,0.5441085254272329,1.4738313634822242,0.049149214834882396,-0.10542775112344446,1.5072117444233368,-1.4536875822241644,1,138.79862256164725
-0.3822230488620104,0.32219686851036294,-0.458128594662134,-0.285404674781544,0.40297802718246356,-0.24686193433592835,0.4373736163416808,0.21006974060710945,0.5441085254272329,1.4738313634822242,0.049149214834882396,-0.10542775112344446,1.5072117444233368,-1.4536875822241644,1,151.1603045250521
-0.4048808225884543,0.31554051854190734,-0.4064008287595971,-0.2614722441419785,0.3290386285530841,-0.3104859773090528,0.48224302279496734,0.25641770290912397,0.5563145964482048,1.419498787102657,0.26130839263867334,0.06391283278898897,-1.5707963267917717,-1.570796326792306,1,268.84784079851244
-0.4048808225884543,0.31554051854190734,-0.4064008287595971,-0.2614722441419785,0.3290386285530841,-0.3104859773090528,0.48224302279496734,0.25641770290912397,0.5563145964482048,1.419498787102657,0.26130839263867334,0.06391283278898897,-1.5707963267917717,-1.570796326792306,1,285.8098451050641
-0.4048808225884543,0.31554051854190734,-0.4064008287595971,-0.2614722441419785,0.3290386285530841,-0.3104859773090528,0.48224302279496734,0.25641770290912397,0.5563145964482048,1.419498787102657,0.26130839263867334,0.06391283278898897,-1.5707963267917717,-1.570796326792306,1,216.56040827720122
-0.3988935903816392,0.34224305889432843,-0.34017214942484286,-0.36855173688478915,0.3672716609758795,-0.30207631854596234,0.37179407883060256,0.32838499653642306,0.5478007844471995,1.0842618344827275,0.08959965854273515,-0.0037453008398498594,1.5632776714863519,-1.4666449457064343,1,177.63952852703954
-0.31650104054673805,0.3084957542964679,-0.4537812973177422,-0.23937389020514957,0.36263454802462036,-0.38195889100374847,0.40764778983985994,0.31283702691243015,0.5985174133313621,1.239830380324034,0.18082015899772444,-0.17262362124856742,-1.470785091237315,1.4919089959526994,1,164.5972463184114
-0.3651205365926616,0.34557294141153394,-0.44371792046836017,-0.2934958658070333,0.3715187328327198,-0.2845053623517223,0.43731972422830184,0.23242828674722163,0.5630436767109517,1.3786272068749856,0.004237262781480045,0.004237262776264669,1.4331585933367281,-1.557329127544161,1,179.3513284879772
-0.3651205365926616,0.34557294141153394,-0.44371792046836017,-0.2934958658070333,0.3715187328327198,-0.2845053623517223,0.43731972422830184,0.23242828674722163,0.5630436767109517,1.3786272068749856,0.004237262781480045,0.004237262776264669,1.4331585933367281,-1.557329127544161,1,157.5558015977315
-0.37299348756869494,0.34657071385045857,-0.3933000144400146,-0.3528036321947533,0.4036892895772934,-0.28597090846627804,0.36260421243141616,0.2922038268105728,0.5573938733021333,1.139574690613238,0.09996784139359637,-0.22494126505209225,-1.4585429377790236,-1.301107865050207,1,147.87732887748095
-0.28263419270724377,0.4040320441000539,-0.44303721440224825,-0.2534885299117335,0.274841964497425,-0.39637971845929504,0.45082944261206703,0.2458362042709746,0.7154613864338611,1.116758522083859,0.028187955397536334,-0.15767599042565747,-1.455919721374202,-1.4399689307171442,1,150.56717886302812
-0.3267818593530147,0.35092148582356936,-0.47985333709412437,-0.25753741483693243,0.3485360270750872,-0.3091710618156504,0.45809916937205186,0.2157869908290135,0.61913545955785,1.4209409117262504,0.04070323531058971,0.173357448254605,1.21323047522168,1.3214811774112154,1,180.899322979936
-0.22282408005469723,0.43435037637635293,-0.48282134598122123,-0.21836755575676797,0.24138964448058786,-0.41110991665325536,0.4642557815553306,0.19512709603367034,0.8007161057686928,1.1201911377089178,0.0267793110205723,-0.026779311019885496,1.478621289242601,1.553556655604676,1,155.62886118023553
-0.28263419270724377,0.4040320441000539,-0.44303721440224825,-0.2534885299117335,0.274841964497425,-0.39637971845929504,0.45082944261206703,0.2458362042709746,0.7154613864338611,1.116758522083859,0.028187955397536334,-0.15767599042565747,-1.455919721374202,-1.4399689307171442,1,173.7301498166245
-0.35065322084248673,0.340044640893686,-0.43310040525993687,-0.24623252550961153,0.3115474047673403,-0.3541231518419815,0.47220622133508333,0.260311036457907,0.6284347027324384,1.3041610919850792,0.116036463390782,-0.1635266188217963,-1.403095006548098,-1.4503852206483019,1,149.68297571988302
-0.35983605987147815,0.30381806519402005,-0.44537102234641307,-0.24129319183770523,0.35894473491673073,-0.34084986864812633,0.4462623473011606,0.27832499529181154,0.574807442155412,1.3830893749182496,0.015545047618429923,0.2271914668020688,1.3111128412936277,1.2195758486276458,1,176.69044596614967
-0.35065322084248673,0.340044640893686,-0.43310040525993687,-0.24623252550961153,0.3115474047673403,-0.3541231518419815,0.47220622133508333,0.260311036457907,0.6284347027324384,1.3041610919850792,0.116036463390782,-0.1635266188217963,-1.403095006548098,-1.4503852206483019,1,158.4794616323086
-0.29564808121009006,0.3801854348761769,-0.45002578229838397,-0.21224082062058722,0.24589990148312546,-0.3971323342043496,0.4997739620253486,0.22918771994875994,0.7382962183309782,1.2218937763988482,0.1301869538653598,0.004761868769183861,-1.570796326790848,1.4987192367162052,1,153.03519994087236
-0.29564808121009006,0.3801854348761769,-0.45002578229838397,-0.21224082062058722,0.24589990148312546,-0.3971323342043496,0.4997739620253486,0.22918771994875994,0.7382962183309782,1.2218937763988482,0.1301869538653598,0.004761868769183861,-1.570796326790848,1.4987192367162052,1,178.8465497422907
-0.44891489827775916,0.2718270478292491,-0.397873493041337,-0.3000930773340154,0.44273829929871367,-0.22727238691088844,0.4040500920203825,0.2555384164156547,0.5099544083601614,1.5590519695769316,0.009049526715672891,-0.0,-1.5681989300359989,-1.4626922915599267,1,188.2688842527409
-0.38354522330521557,0.28717808200898914,-0.3807867248103745,-0.32220581463141185,0.42074524734727,-0.31857751931387324,0.34358670076832004,0.3536052519362959,0.5435484008018999,1.1901114237996957,0.10976116406621061,-0.0,-1.570796326791472,1.484220828049568,1,179.18295122317357
-0.2528080364793735,0.3849718615303057,-0.4875960829447568,-0.16850489830819174,0.20731689779846615,-0.40076524621770515,0.533087221625664,0.18429828299559115,0.8019887476598446,1.299013747098932,0.10686026150580873,0.12135200057174063,1.3708033701952056,1.2982484531744136,1,122.85786786883935
-0.33609677396633375,0.37496822729828705,-0.46045242596510083,-0.2615733242249075,0.2951417775059476,-0.3027192721225237,0.5014074224254869,0.18932436904914413,0.6518403954490976,1.4193265320854322,0.2040179795930019,0.32175055439942,1.1105157084443436,1.2742505177315475,1,97.89668949282961
-0.38354522330521557,0.28717808200898914,-0.3807867248103745,-0.32220581463141185,0.42074524734727,-0.31857751931387324,0.34358670076832004,0.3536052519362959,0.5435484008018999,1.1901114237996957,0.10976116406621061,-0.0,-1.570796326791472,1.484220828049568,1,217.70238272546482
-0.2528080364793735,0.3849718615303057,-0.4875960829447568,-0.16850489830819174,0.20731689779846615,-0.40076524621770515,0.533087221625664,0.18429828299559115,0.8019887476598446,1.299013747098932,0.10686026150580873,0.12135200057174063,1.3708033701952056,1.2982484531744136,1,80.83042355747389
-0.3978764056539183,0.2946853096893226,-0.39268361027333504,-0.24394932423864796,0.33263468542551056,-0.35666448465541273,0.4579253305017428,0.30592849920473814,0.567048225952077,1.2915949262998678,0.19652523805060168,-0.0,-1.4069881311470733,1.5672998375506624,1,142.25645892614696
-0.394849688227559,0.29345810284146545,-0.43336835015903,-0.26909342597006364,0.3972663014550037,-0.2895989332780153,0.4309517369315854,0.2652342564066134,0.5039479082375856,1.4823937171619999,0.00772634921806516,0.16934680556508083,1.3577664188964913,1.3672491015548869,1,174.73598086896587
-0.5071278446233619,0.21124558703740473,-0.2794090786659846,-0.3662753656109436,0.4985114588844341,-0.1893934428831429,0.2880254644049124,0.34442322145668175,0.7147064321026614,1.415001129602789,2.5156055414876605e-07,-0.0,-1.4187865889702362,-1.361156480916613,1,104.37551344737022
-0.3949885023237179,-0.2564628769778207,0.4292473760013312,-0.25691693703934754,0.42715914934080224,0.27669373002675807,-0.4614180230184155,0.23668608399041025,0.4752685577036262,1.6691296744812036,0.04554488953911273,-1.5707963267920064,-0.004464256057149955,-0.13444966351977505,1,250.05279182631207
-0.49108484406027497,0.08031017629684434,-0.47847325797472984,-0.0849989564744747,0.4963396715959188,-0.14918898161822727,0.47321843043908607,0.15387776179585763,0.29925553232715274,3.2581091034032066,1.8349011811209874e-06,-0.0,-1.4288992721813993,-1.5707963267853728,1,36.342695223565116
-0.29510048411557466,0.38044769509541615,-0.48459790078463133,-0.22086013792015094,0.259481658993185,-0.3385124115989591,0.520216725907021,0.17892485442369388,0.7224216312142991,1.397594410782505,0.1614702198917968,0.29512246721082575,1.127203335384123,1.2126981513846151,1,102.94017157659016
-0.26679359187518614,0.3760846385174848,-0.5089822676806475,-0.21706417726579866,0.293771620038506,-0.35330587790591017,0.4820042395173277,0.19428541665422394,0.7228161602537474,1.3586501125039712,0.056556705909968086,0.34939328104185996,1.0018693106171128,1.071932930360361,1,101.55923337649513
-0.29510048411557466,0.38044769509541615,-0.48459790078463133,-0.22086013792015094,0.259481658993185,-0.3385124115989591,0.520216725907021,0.17892485442369388,0.7224216312142991,1.397594410782505,0.1614702198917968,0.29512246721082575,1.127203335384123,1.2126981513846151,1,105.7698589263804
-0.2174256493152102,0.3752114842802761,-0.5471539277483244,-0.15823347878637845,0.2243623813581471,-0.35528279368003474,0.5402171957053874,0.13830478818613712,0.7943183837022112,1.4885416029402365,0.01562372862412057,-0.0,1.2672255874767184,1.3202233164415187,1,102.70437530838593
-0.26679359187518614,0.3760846385174848,-0.5089822676806475,-0.21706417726579866,0.293771620038506,-0.35330587790591017,0.4820042395173277,0.19428541665422394,0.7228161602537474,1.3586501125039712,0.056556705909968086,0.34939328104185996,1.0018693106171128,1.071932930360361,1,114.76755174826847
-0.29510048411557466,0.38044769509541615,-0.48459790078463133,-0.22086013792015094,0.259481658993185,-0.3385124115989591,0.520216725907021,0.17892485442369388,0.7224216312142991,1.397594410782505,0.1614702198917968,0.29512246721082575,1.127203335384123,1.2126981513846151,1,109.77024601790202
-0.4711827342983443,0.242225555827934,-0.39955700954788004,-0.28176255512962134,0.4707629130277192,-0.20147446297183141,0.3999768308185051,0.2410114622735187,0.49356832036707565,1.7976469840216736,0.022778097014430756,0.12554973710912878,1.4891071752053242,-1.559100953626284,1,204.87093577872633
-0.4711827342983443,0.242225555827934,-0.39955700954788004,-0.28176255512962134,0.4707629130277192,-0.20147446297183141,0.3999768308185051,0.2410114622735187,0.49356832036707565,1.7976469840216736,0.022778097014430756,0.12554973710912878,1.4891071752053242,-1.559100953626284,1,215.49580012321573
-0.3402794785849291,0.2743446327551538,-0.506235487418318,-0.22625139068631675,0.4248088234155619,-0.2905290325637809,0.42170614258768535,0.2424357904949438,0.5259224124350753,1.6482345841139554,0.3259362983386394,0.09691762779480892,1.22269273134571,1.1956153431295162,1,220.33013952590503
-0.3973933499527366,0.27818223931344355,-0.46114095408638606,-0.24438255747803725,0.40423622344233384,-0.26383553455650965,0.45429808059678883,0.23003585272110338,0.4961842276926333,1.6889465231869258,0.020368945738346002,-0.13998744521370912,-1.5297235482017075,-1.4957287372382158,1,182.51478105454143
-0.3973933499527366,0.27818223931344355,-0.46114095408638606,-0.24438255747803725,0.40423622344233384,-0.26383553455650965,0.45429808059678883,0.23003585272110338,0.4961842276926333,1.6889465231869258,0.020368945738346002,-0.13998744521370912,-1.5297235482017075,-1.4957287372382158,1,215.06857402538603
-0.4266033617076321,0.2699545319929126,-0.4546760149364697,-0.26555454060728517,0.4497724591504074,-0.20142532669187108,0.43150691749369424,0.1970253353062437,0.48434036357292753,1.688950795353048,0.09818376874204093,0.004484274874836087,1.4431518704312118,-1.542870627399493,1,203.856834312177
-0.4711827342983443,0.242225555827934,-0.39955700954788004,-0.28176255512962134,0.4707629130277192,-0.20147446297183141,0.3999768308185051,0.2410114622735187,0.49356832036707565,1.7976469840216736,0.022778097014430756,0.12554973710912878,1.4891071752053242,-1.559100953626284,1,194.13416334275038
-0.4420284925329448,0.16624915360948475,-0.50190419926201,-0.16902370560899124,0.5129757259658854,-0.15292303072394536,0.43095696582906945,0.15569758272345188,0.3402616942945896,3.02702678526854,0.4364798664897833,0.3564369522236752,1.0217711869901536,1.049720644275969,1,204.17701525963798
-0.41913244575250086,0.22569833707623088,-0.39742024847945917,-0.3144126890524587,0.5299661603587349,-0.22919260921902854,0.28658653387322514,0.31790696119525635,0.6001336986668505,1.5009791420200536,0.37838869951217596,0.008620476112173477,1.5107183364960066,1.4724306051657854,1,243.0307830398263
-0.39282982177864767,0.31679434109576077,-0.45379007800888616,-0.274624707305028,0.3841066229496129,-0.24651367901959106,0.4625132768379209,0.20434404522885838,0.541919258169949,1.5493301362621192,0.06947169453137084,-0.12485325060966673,1.5594008086931188,-1.417936516396215,1,215.20161365923354
-0.36753951703321386,0.2664455578137363,-0.4936102231311564,-0.24261557120900293,0.4542651440519826,-0.2560586708600271,0.40688459611238764,0.23222868425529375,0.49526888760888627,1.8141008534783845,0.3395001694532022,0.05902227621354808,1.2831865919653356,1.313160111836949,1,212.87015493091246
-0.39282982177864767,0.31679434109576077,-0.45379007800888616,-0.274624707305028,0.3841066229496129,-0.24651367901959106,0.4625132768379209,0.20434404522885838,0.541919258169949,1.5493301362621192,0.06947169453137084,-0.12485325060966673,1.5594008086931188,-1.417936516396215,1,171.42573257964756
-0.5464583714079047,0.15822008334504922,-0.20778302651084693,-0.3607882715499179,0.48718929527215743,-0.1935213673110812,0.2670521026465942,0.3960895555159498,0.7823449999085097,1.3656730712896261,0.22082876972978266,0.22082876973152915,-1.4496533126284048,-1.4979328466606363,1,57.462147552830906
-0.3445591085763497,0.33486373579677464,-0.44701361153887487,-0.3022337611568803,0.4076779307639639,-0.3025579101282679,0.3838947893512606,0.2699279354883735,0.5447988896528886,1.340857417953682,0.20096906856015329,0.33273912308164577,1.078987150810823,1.1675148450817003,1,106.79680588274549
-0.40043920817650186,0.3418837152938997,-0.4073402962718991,-0.2726842579265285,0.29918961434046054,-0.29141557728422096,0.5085898901079403,0.22221611991684972,0.5800579390852986,1.446283293087454,0.37588563639206807,0.3242075519119435,1.2618655828775915,1.3662507355786004,1,97.51464727500199
-0.40043920817650186,0.3418837152938997,-0.4073402962718991,-0.2726842579265285,0.29918961434046054,-0.29141557728422096,0.5085898901079403,0.22221611991684972,0.5800579390852986,1.446283293087454,0.37588563639206807,0.3242075519119435,1.2618655828775915,1.3662507355786004,1,101.97304487990927
-0.4225711443115765,0.20412458202343534,-0.4156400797669491,-0.2100596226896523,0.42454758068563037,-0.32223179664865176,0.4136636433928952,0.32816683731486873,0.5509648615431025,1.3024607998249886,2.7877519926234735e-07,-0.0,-1.4213400209261513,1.44026857114715,1,437.22696366899635
-0.4474192213199345,0.2757280327852177,0.3622861720145916,0.26471814584127745,0.47025584289316447,-0.21122323657110903,-0.38512279358782164,-0.3292229420553861,0.5551484246826279,1.516941210740083,0.15068160169462325,0.15068160169523498,-1.4848020355920988,1.5363272258022769,1,150.54667675603346
-0.48894732148335834,0.1922323498593413,-0.3217809666907151,-0.3210392093636264,0.5154448380928556,-0.2150574579159314,0.29528345008121787,0.3438643174202165,0.667823889176265,1.5105832938418708,0.0603859864165174,-0.08121630645167781,-1.3006431270763472,-1.365720426404482,1,65.73843169321214
-0.4474192213199345,0.2757280327852177,0.3622861720145916,0.26471814584127745,0.47025584289316447,-0.21122323657110903,-0.38512279358782164,-0.3292229420553861,0.5551484246826279,1.516941210740083,0.15068160169462325,0.15068160169523498,-1.4848020355920988,1.5363272258022769,1,123.31802449325684
-0.4225711443115765,0.20412458202343534,-0.4156400797669491,-0.2100596226896523,0.42454758068563037,-0.32223179664865176,0.4136636433928952,0.32816683731486873,0.5509648615431025,1.3024607998249886,2.7877519926234735e-07,-0.0,-1.4213400209261513,1.44026857114715,1,166.1022017091965
-0.4225711443115765,0.20412458202343534,-0.4156400797669491,-0.2100596226896523,0.42454758068563037,-0.32223179664865176,0.4136636433928952,0.32816683731486873,0.5509648615431025,1.3024607998249886,2.7877519926234735e-07,-0.0,-1.4213400209261513,1.44026857114715,1,225.69615716451642
-0.4474192213199345,0.2757280327852177,0.3622861720145916,0.26471814584127745,0.47025584289316447,-0.21122323657110903,-0.38512279358782164,-0.3292229420553861,0.5551484246826279,1.516941210740083,0.15068160169462325,0.15068160169523498,-1.4848020355920988,1.5363272258022769,1,489.3156143990597
-0.4474192213199345,0.2757280327852177,0.3622861720145916,0.26471814584127745,0.47025584289316447,-0.21122323657110903,-0.38512279358782164,-0.3292229420553861,0.5551484246826279,1.516941210740083,0.15068160169462325,0.15068160169523498,-1.4848020355920988,1.5363272258022769,1,197.71283714197918
-0.32869073726456166,0.3422252990437654,-0.48533335435531644,-0.20716490896351736,0.26926949795002453,-0.3104233765420537,0.5447545936698536,0.17536298646180562,0.6722855350155412,1.578319219142765,0.23811922801516916,0.0485056122408537,1.3805333136155096,1.4333045300437148,1,104.39070136230973
-0.4474192213199345,0.2757280327852177,0.3622861720145916,0.26471814584127745,0.47025584289316447,-0.21122323657110903,-0.38512279358782164,-0.3292229420553861,0.5551484246826279,1.516941210740083,0.15068160169462325,0.15068160169523498,-1.4848020355920988,1.5363272258022769,1,397.3113686814397
-0.5512439069104353,0.18584872476351272,-0.24219979081643864,-0.3531411724910931,0.49342614416112285,-0.17203688713041534,0.3000175535657511,0.3393293348579958,0.7234032002779204,1.5086130600287329,0.15902317975673713,-0.0,-1.291573307011577,-1.2285644654109207,1,94.77164674552431
-0.515073677411827,-0.16853515587738277,-0.18666362939200995,0.4230990469895202,0.48817080827139625,0.16946383730931108,0.21356649853244067,-0.4240277284214486,0.8498752661056648,1.1842908461918427,0.07338341263751916,-0.3719176312531822,-1.051650212542989,-1.029383778186396,1,106.6539977077839
-0.44245621319264783,0.20766680524064235,-0.3023386725586309,-0.34919655729670784,0.46780138590581366,-0.2772158834152258,0.27699349984546506,0.41874563547129123,0.6990252166354067,1.1853204677001736,0.02108713302284096,-0.26811078307263425,-1.149377119899914,-1.3415643935099983,1,82.84616364137749
-0.5080033359314101,0.08210358678378918,-0.2054429460311191,-0.35131124413338394,0.5577341405958395,-0.18005089753179915,0.15571214136668973,0.4492585548813939,0.8531972373859367,1.3312236832301203,0.04095656900512264,-0.16930377815720699,-1.012800511674987,-1.2973353396989995,1,94.65416691672796
-0.41374387717487654,0.32045262337474045,-0.40915278578499054,-0.3100944285296827,0.3913543803005064,-0.25329290674025823,0.4315422826593607,0.24293471189520052,0.5329926960990893,1.3405600062378273,0.08809145959317537,0.046695004043548316,1.4605441278787246,-1.5187600119822176,1,149.67988768809948
-0.4348518346926626,0.2614918071163641,-0.40436917979575565,-0.28622172771536264,0.4427627111661694,-0.25555743194459324,0.3964583033222488,0.2802873525435918,0.4971766091963669,1.5491623637482907,0.030602687929547637,-0.0,-1.5513812908893436,-1.5378050012310798,1,184.5000034703552
-0.3938573249318744,0.35250866655995616,-0.3954340476004918,-0.3311767925832206,0.36395089413481013,-0.2761519001969175,0.42534047839755607,0.25482002622018185,0.5611516086599986,1.2005148201143212,0.11280010155780573,-0.08242154867371915,-1.5630143827155145,-1.3719923171685995,1,161.42257770635405
-0.34850793013554665,0.328214535191811,-0.44339442427710973,-0.253909576603651,0.3450642054341532,-0.343954127155164,0.44683814897850316,0.269649168567004,0.5983864379429307,1.3244184430545096,0.0027869637031339893,-0.21243202050975243,-1.406233129403535,-1.4464413322446188,1,162.457062399047
-0.4471425939209865,0.2247227691410072,-0.44550086996282146,-0.22505226099299347,0.44615552254883895,-0.22570838890273498,0.44648794133496905,0.22603788075472128,0.4036942607538738,1.9781691521959108,0.0043859367931464565,0.0043859367888113635,-1.5707963267926843,1.568588824864114,1,262.77556500946645
-0.3814248014841378,0.2592140350730896,-0.49401308069440447,-0.21385839155145625,0.41006677253755003,-0.2590940590122785,0.4653711096409922,0.21373841549064515,0.4972565911883735,1.8509921054356155,0.11721225887763731,-0.04044036760780349,1.42758290612659,1.431241188287242,1,176.34025543164327
-0.4187921698690067,0.29508216247780084,-0.37053713217299133,-0.29615612943843983,0.3734558619662541,-0.31577997845895395,0.41587344007574384,0.31685394541959294,0.5280377799458282,1.3193500671408662,0.14838536016311585,0.028428358150909536,-1.491418012231559,-1.5438668114950778,1,230.27720861580937
-0.46157537173109725,0.2609878724682276,-0.4003872609920348,-0.26024524275727995,0.39668560762960897,-0.24219098357941532,0.465277025093523,0.24144835386846766,0.4831061621511251,1.778191695329305,0.25774016443548603,0.09686192369498861,1.5681438131245449,-1.5297235482021634,1,224.51310658289358
-0.4471425939209865,0.2247227691410072,-0.44550086996282146,-0.22505226099299347,0.44615552254883895,-0.22570838890273498,0.44648794133496905,0.22603788075472128,0.4036942607538738,1.9781691521959108,0.0043859367931464565,0.0043859367888113635,-1.5707963267926843,1.568588824864114,1,246.6238319402664
-0.4471425939209865,0.2247227691410072,-0.44550086996282146,-0.22505226099299347,0.44615552254883895,-0.22570838890273498,0.44648794133496905,0.22603788075472128,0.4036942607538738,1.9781691521959108,0.0043859367931464565,0.0043859367888113635,-1.5707963267926843,1.568588824864114,1,262.5324958284542
-0.46157537173109725,0.2609878724682276,-0.4003872609920348,-0.26024524275727995,0.39668560762960897,-0.24219098357941532,0.465277025093523,0.24144835386846766,0.4831061621511251,1.778191695329305,0.25774016443548603,0.09686192369498861,1.5681438131245449,-1.5297235482021634,1,256.4001445578024
-0.4348518346926626,0.2614918071163641,-0.40436917979575565,-0.28622172771536264,0.4427627111661694,-0.25555743194459324,0.3964583033222488,0.2802873525435918,0.4971766091963669,1.5491623637482907,0.030602687929547637,-0.0,-1.5513812908893436,-1.5378050012310798,1,177.54507373990356
-0.4471425939209865,0.2247227691410072,-0.44550086996282146,-0.22505226099299347,0.44615552254883895,-0.22570838890273498,0.44648794133496905,0.22603788075472128,0.4036942607538738,1.9781691521959108,0.0043859367931464565,0.0043859367888113635,-1.5707963267926843,1.568588824864114,1,302.0980249448506
-0.24261847031251202,0.37514755066025957,-0.535642606480294,-0.19143409117887916,0.271215139307693,-0.34613219832464687,0.5070459374851131,0.1624187388432665,0.7520701312608064,1.4456090655987992,0.04308246573952169,0.22952735424536097,1.0534030591379377,1.140469713679108,1,95.48280901667208
-0.2814188786074492,0.3613793630491217,-0.49453441123318564,-0.18741128323063438,0.25146066701020403,-0.3672193632492925,0.5244926228304307,0.19325128343080522,0.7424617990824015,1.3986121541012009,0.08290143672564619,-0.27147848240157774,-1.433209590316999,-1.4640606541386991,1,65.26738293314328
-0.34850793013554665,0.328214535191811,-0.44339442427710973,-0.253909576603651,0.3450642054341532,-0.343954127155164,0.44683814897850316,0.269649168567004,0.5983864379429307,1.3244184430545096,0.0027869637031339893,-0.21243202050975243,-1.406233129403535,-1.4464413322446188,1,187.20111750046198
-0.2598828003197643,0.35676922931072186,-0.5242553534476423,-0.17172785864418702,0.24676729536288622,-0.3514230048572154,0.5373708584045205,0.16638163419068058,0.751835438822827,1.4990650287198914,0.04758310327890577,-0.07677189127051334,1.4127063556802777,1.4181469984064627,1,86.65515171800601
-0.41374387717487654,0.32045262337474045,-0.40915278578499054,-0.3100944285296827,0.3913543803005064,-0.25329290674025823,0.4315422826593607,0.24293471189520052,0.5329926960990893,1.3405600062378273,0.08809145959317537,0.046695004043548316,1.4605441278787246,-1.5187600119822176,1,166.869711297692
-0.24261847031251202,0.37514755066025957,-0.535642606480294,-0.19143409117887916,0.271215139307693,-0.34613219832464687,0.5070459374851131,0.1624187388432665,0.7520701312608064,1.4456090655987992,0.04308246573952169,0.22952735424536097,1.0534030591379377,1.140469713679108,1,77.59377099029012
-0.2814188786074492,0.3613793630491217,-0.49453441123318564,-0.18741128323063438,0.25146066701020403,-0.3672193632492925,0.5244926228304307,0.19325128343080522,0.7424617990824015,1.3986121541012009,0.08290143672564619,-0.27147848240157774,-1.433209590316999,-1.4640606541386991,1,90.71810914635607
-0.5054979732499042,0.19941667809673663,-0.29071446782003074,-0.32971725875310837,0.4778061008680518,-0.2292185487584027,0.31840634020188313,0.3595191294147744,0.677728948515824,1.4266572267488073,0.12118604550136121,-0.2053953891914313,-1.1098368833565944,-1.1717353782136481,1,110.94953557357022
-0.37855762577737284,0.33066765495297984,-0.42713323253284097,-0.28477070251359804,0.36328450402398543,-0.3013937996597312,0.44240635428622843,0.2554968472203493,0.5496024560881967,1.375720003922515,0.062368129795675846,-0.1152280374887095,-1.5133057923079993,-1.4430240025316639,1,171.21659097882906
-0.5054979732499042,0.19941667809673663,-0.29071446782003074,-0.32971725875310837,0.4778061008680518,-0.2292185487584027,0.31840634020188313,0.3595191294147744,0.677728948515824,1.4266572267488073,0.12118604550136121,-0.2053953891914313,-1.1098368833565944,-1.1717353782136481,1,87.2989736001645
-0.45235867474330965,-0.20457030365609635,0.44720408552385305,-0.2074882119374084,0.4638629031665254,0.20514957333084094,-0.45870831394706874,0.20690894226266382,0.38231088691877035,2.2262971831803986,0.0013366593397378993,-1.5336903961072237,-0.0,-0.055779641027178535,1,232.56241468525008
-0.45235867474330965,-0.20457030365609635,0.44720408552385305,-0.2074882119374084,0.4638629031665254,0.20514957333084094,-0.45870831394706874,0.20690894226266382,0.38231088691877035,2.2262971831803986,0.0013366593397378993,-1.5336903961072237,-0.0,-0.055779641027178535,1,227.12491177823824
-0.49202092071456954,0.20871001015346669,-0.33980836948093646,-0.2883689539926787,0.46592856610652045,-0.24440953083607797,0.3659007240889856,0.32406847467529,0.5866841205025085,1.5641589523759165,0.12297359445526349,-0.13010205771116726,-1.1980503260384714,-1.2772073393808199,1,114.47361052531838
-0.5036825240852421,0.19772797440334797,-0.319106732526457,-0.29806178103719594,0.47549163078870404,-0.23688384374836596,0.3472976258229949,0.33721765038221396,0.6220492003689017,1.5413282824003438,0.13669849156116434,-0.14803194696331948,-1.1432155451050292,-1.228846499812172,1,88.81954697438871
-0.5036825240852421,0.19772797440334797,-0.319106732526457,-0.29806178103719594,0.47549163078870404,-0.23688384374836596,0.3472976258229949,0.33721765038221396,0.6220492003689017,1.5413282824003438,0.13669849156116434,-0.14803194696331948,-1.1432155451050292,-1.228846499812172,1,109.67156272927168
-0.3543089066809799,0.3260947029993275,-0.47510971780560607,-0.25583135375975663,0.3686853014749828,-0.28640443699390555,0.46073332301160325,0.21614108775433466,0.5732030576691929,1.5279091507419071,0.02352535709462349,0.20726071066094093,1.1950717422887134,1.292950594225699,1,147.93182274522937
-0.3543089066809799,0.3260947029993275,-0.47510971780560607,-0.25583135375975663,0.3686853014749828,-0.28640443699390555,0.46073332301160325,0.21614108775433466,0.5732030576691929,1.5279091507419071,0.02352535709462349,0.20726071066094093,1.1950717422887134,1.292950594225699,1,163.6756940330112
-0.3947067656074733,0.31612681507908846,-0.41732915665310205,-0.2900436455294081,0.3802592045350001,-0.2910821413457472,0.4317767177255753,0.2649989717960668,0.5155846918756744,1.3983750822420307,0.055077319633328556,-0.3631470099475045,-1.2436501413036396,-1.183169012058927,1,206.91042230949745
-0.42068942543585425,0.20525279655157913,-0.4225453667416905,-0.24218179940826678,0.4739164149402331,-0.2832144489259292,0.3693183772373117,0.32014345178261683,0.5408872986610483,1.4857877565358382,0.17580175290497732,0.01562372862055819,-1.5448281395807446,1.406607341986793,1,182.56924798406908
-0.3834788891335338,0.3095881269612794,-0.44614204734195556,-0.2639076432354657,0.37720217999743794,-0.28779457147866355,0.45241875647805135,0.24211408775284993,0.5367846776983599,1.504162752229997,0.032167118537077044,-0.2895834358611955,-1.3610424493317492,-1.309500574088291,1,210.42618384640798
-0.3947067656074733,0.31612681507908846,-0.41732915665310205,-0.2900436455294081,0.3802592045350001,-0.2910821413457472,0.4317767177255753,0.2649989717960668,0.5155846918756744,1.3983750822420307,0.055077319633328556,-0.3631470099475045,-1.2436501413036396,-1.183169012058927,1,193.78300863368673
-0.3834788891335338,0.3095881269612794,-0.44614204734195556,-0.2639076432354657,0.37720217999743794,-0.28779457147866355,0.45241875647805135,0.24211408775284993,0.5367846776983599,1.504162752229997,0.032167118537077044,-0.2895834358611955,-1.3610424493317492,-1.309500574088291,1,185.31864057361375
-0.35089596584585864,0.34704277456382193,-0.4582419266448628,-0.2685745634340766,0.34642410603471646,-0.3010766487275418,0.46271378645600497,0.22260843759779647,0.5968892856518211,1.4209660750852853,0.045879133517063665,-0.2959260384653423,-1.4071357435169634,-1.2957407764387436,1,159.14768362168692
-0.4156483860618675,0.26481601350682066,-0.46961669096811204,-0.23137645137185134,0.40390303428968305,-0.22603750608359163,0.4813620427402964,0.19259794394862229,0.4718684819259734,1.9165521466371722,0.07461922031139662,-0.2975617247390516,-1.3876855095300251,-1.3012371379830867,1,169.94252910714363
-0.4415075443886481,0.23257985226032613,-0.4422240013070523,-0.2333100253595859,0.44359352385367723,-0.23467225734794192,0.4401380218420231,0.23540243044720166,0.4164003965833967,1.8844186852851026,0.00888865479156959,-0.0,-1.5707963267925382,1.5660570257877997,1,206.97085440869117
0.32957810073135685,0.21383390921134499,-0.8168497344515829,0.017796719601737374,0.24557919670420292,0.011743246303242843,0.2416924370160233,-0.24337387511632527,0.5241557304155595,2.5074547601344457,1.7553905838371289,-1.2115298707464035,1.3865878151347406,0.0,1,118.05869379882795
0.32957810073135685,0.21383390921134499,-0.8168497344515829,0.017796719601737374,0.24557919670420292,0.011743246303242843,0.2416924370160233,-0.24337387511632527,0.5241557304155595,2.5074547601344457,1.7553905838371289,-1.2115298707464035,1.3865878151347406,0.0,1,312.6358813479265
-0.31249682530021294,0.3580955688740249,-0.46725615858904557,-0.2395867138855115,0.3118959459507767,-0.3552204079006062,0.4678570379384818,0.23671155291209287,0.6670311831758808,1.3109382475292182,0.004255293468755456,0.0042552934644942385,1.4605074297328904,1.467486511980973,1,161.79715310082742
-0.20131779085244608,0.41093210624343557,-0.5138044184097132,-0.19358394727313064,0.2587114353841001,-0.41711671086988317,0.4564107738780593,0.1997685518995783,0.8033855423192611,1.1716883983604536,0.16695382687116783,-0.15865526218702541,1.5340236131953597,1.563014382723296,1,165.29004558706401
-0.16414221062401507,0.33949359796299133,-0.6061992768975585,-0.18300250246904545,0.37585165106348717,-0.35000143659965627,0.3944898364580864,0.19351034110571042,0.6899701747996155,1.4513362144665627,0.667916850179591,0.01260437448770463,1.0244363023483838,1.111603031323521,1,149.30069462459107
-0.31249682530021294,0.3580955688740249,-0.46725615858904557,-0.2395867138855115,0.3118959459507767,-0.3552204079006062,0.4678570379384818,0.23671155291209287,0.6670311831758808,1.3109382475292182,0.004255293468755456,0.0042552934644942385,1.4605074297328904,1.467486511980973,1,161.67136758272557
-0.3775106249021321,0.29390591711802605,-0.4250854410516616,-0.31513069652622616,0.4565600997991757,-0.27459524663315454,0.346035966154618,0.2958200260413547,0.5386419802313047,1.4430714430545801,0.26934578398319076,-0.27346098709130134,-1.4212365869185146,-1.3779373527995222,1,197.3604072113518
-0.23546964139645685,0.47361754712677623,-0.445345172408749,-0.22786510834844662,0.16886728835148618,-0.39598981880128953,0.5119475254537197,0.15023738002295986,0.8324687814103532,1.1008332442548059,0.2701066556109742,-0.06656816377610035,-1.5277607137667435,-1.386596481916788,1,232.79678399673554
-0.4109342186165582,0.27099236105034624,-0.44226435175664586,-0.23103886513297797,0.3768628023657619,-0.2836052911567532,0.47633576800744204,0.24365179523938496,0.5094534697383235,1.656336113411929,0.12414358263075717,0.004545423241079906,1.5680108186816741,1.534729499481291,1,268.2203154258775
-0.4109342186165582,0.27099236105034624,-0.44226435175664586,-0.23103886513297797,0.3768628023657619,-0.2836052911567532,0.47633576800744204,0.24365179523938496,0.5094534697383235,1.656336113411929,0.12414358263075717,0.004545423241079906,1.5680108186816741,1.534729499481291,1,200.78686360259852
-0.42867600445597026,0.31385575912643643,-0.37273287309066877,-0.32794503441059136,0.3885323916196033,-0.26657009111143987,0.4128764859270357,0.2806593663955948,0.5401090561308751,1.311236288358459,0.13140289290187224,-0.13443022037144559,-1.4298682641321259,-1.3099938149751822,1,175.27518551891916
-0.4275042206234122,0.26052676533025354,-0.4389673704983189,-0.273195040581662,0.4639097331845152,-0.2224556465944237,0.40256185793721583,0.23512392184583208,0.481885198294122,1.6916623860630557,0.1547501135653004,-0.1644585463999658,-1.4839506459098992,-1.3972183902829893,1,208.09949094939444
-0.3552816820615988,0.3626028047636759,-0.4388170400006056,-0.27567714480893474,0.3175532741970951,-0.3099418803646014,0.4765454478651093,0.22301622040986022,0.6156221761798838,1.3610433746734971,0.15977890397923056,0.00418407600209223,1.481746744163942,-1.5388583087551542,1,185.46510541182326
-0.36527868493135685,0.31187973890802967,-0.43975015465175243,-0.291301386045243,0.412724390396609,-0.29891512569991396,0.3923044491865002,0.2783367728371273,0.5206870743245323,1.3956806031687037,0.15820251409698788,-0.2899141809706786,-1.3947938991038658,-1.3594776160654862,1,185.7616830031427
-0.46659947922249945,0.24813593584387045,-0.3453289909494342,-0.3172558038314198,0.4438717531150615,-0.2534795320676275,0.3680567170568722,0.3225994000551769,0.5825697560002311,1.422933230529647,0.08043469724277778,-0.0722146311530139,-1.3679296969103696,-1.3762726717403027,1,186.09624559204875
-0.4354144328252502,0.23237484125256339,-0.3034179001788734,-0.39497456144103643,0.4973080647136849,-0.22649898704511542,0.24152426829043874,0.38909870723358847,0.7313227774117126,1.1895858905068688,0.1864220634387561,-0.0,-1.5707963267920477,1.5506648186678484,1,203.44062822082216
-0.36808637093224555,0.2504414210907154,-0.46105235530884825,-0.22494440053248133,0.4161031938306738,-0.32464351864805396,0.41303553241042,0.29914649808981997,0.5471608746794614,1.4061711883858445,0.1980395000472933,0.24621018959909613,1.2446405145540829,1.0691922726085317,1,199.9174021466123
-0.477377643101649,0.26479424328825873,-0.39404780579424203,-0.2877661550887613,0.4283769308825736,-0.19326868108049267,0.4430485180133174,0.2162405928809952,0.508591046262317,1.6657476066298662,0.18549077349972443,0.03527947359372951,-1.5707963267922511,-1.403694526861448,1,185.28035921457544
-0.4058848205920675,0.2209788721597268,-0.43730089082094464,-0.25222523986752443,0.479721488221351,-0.2749358412888829,0.3634642231916611,0.3061822089966805,0.5328982569772878,1.5780311394417499,0.26374406576536435,-0.009523521593658203,1.5387875584936455,1.4037291865089663,1,220.311587129724
-0.477377643101649,0.26479424328825873,-0.39404780579424203,-0.2877661550887613,0.4283769308825736,-0.19326868108049267,0.4430485180133174,0.2162405928809952,0.508591046262317,1.6657476066298662,0.18549077349972443,0.03527947359372951,-1.5707963267922511,-1.403694526861448,1,205.44657383121148
-0.3012601728360698,0.2092306493603003,0.5211851411773523,0.3126402445070499,0.22655153867816016,-0.49465053398507436,-0.44647650701944264,-0.02722035988227581,0.7811843252897627,1.1986531668356413,0.7321153118377809,-0.7321153118409025,-1.3137037188178444,-1.5145177904920948,1,149.833650028843
-0.3012601728360698,0.2092306493603003,0.5211851411773523,0.3126402445070499,0.22655153867816016,-0.49465053398507436,-0.44647650701944264,-0.02722035988227581,0.7811843252897627,1.1986531668356413,0.7321153118377809,-0.7321153118409025,-1.3137037188178444,-1.5145177904920948,1,269.541542626384
-0.5545759362663296,0.16827285283803975,-0.21061127999183069,-0.34766075170108696,0.46422817692244006,-0.20756899447760874,0.3009590393357203,0.38695689334065597,0.7484314783895754,1.3868494992805114,0.3200009935727089,0.24017100786253068,-1.4276382388024222,-1.4732052336345822,1,85.51661178205808
-0.6168851233586202,-0.08814334298549972,0.1258803857089403,-0.3632081916861002,0.5085655912504305,-0.0013825792887522364,-0.017560853600750537,0.4527341139603521,0.9183028509695563,1.379326340625741,0.3574027652358638,0.5041659614827994,1.5253730473846598,1.5485777614755813,1,92.33112325640269
-0.5545759362663296,0.16827285283803975,-0.21061127999183069,-0.34766075170108696,0.46422817692244006,-0.20756899447760874,0.3009590393357203,0.38695689334065597,0.7484314783895754,1.3868494992805114,0.3200009935727089,0.24017100786253068,-1.4276382388024222,-1.4732052336345822,1,68.3241924015523
-0.5545759362663296,0.16827285283803975,-0.21061127999183069,-0.34766075170108696,0.46422817692244006,-0.20756899447760874,0.3009590393357203,0.38695689334065597,0.7484314783895754,1.3868494992805114,0.3200009935727089,0.24017100786253068,-1.4276382388024222,-1.4732052336345822,1,74.10525718134774
-0.12260380785417464,0.44088760228543517,-0.5272531325555053,-0.10020110345550332,0.12035575605027836,-0.4438936506506626,0.5295011843594016,0.10320715182073074,0.9349964085656015,1.1943678885692097,2.471078031029856e-07,-0.0,1.4165899735827503,1.4064879853219612,1,341.92908571245545
-0.4611400301399007,0.24822297345790167,-0.41786363185131736,-0.2656718688338486,0.4492359628450076,-0.20792990124024122,0.42976769914621044,0.22537879661618815,0.4678375273411749,1.7715219497534211,0.03911520626495862,0.10965017216940896,1.4786665729434938,-1.570796326792258,1,266.2461393576209
0.48917879027697125,0.013118257433558532,-0.47894596200058975,0.13465350941680665,-0.5028155693597297,-0.13146938456639432,0.49258274108334826,-0.016302382283970865,0.26489827904110064,3.740370832228784,0.24007072707440955,1.3307255997156748,0.20464180982602365,0.0,1,227.77785881167617
0.48917879027697125,0.013118257433558532,-0.47894596200058975,0.13465350941680665,-0.5028155693597297,-0.13146938456639432,0.49258274108334826,-0.016302382283970865,0.26489827904110064,3.740370832228784,0.24007072707440955,1.3307255997156748,0.20464180982602365,0.0,1,174.93439496919152
-0.12260380785417464,0.44088760228543517,-0.5272531325555053,-0.10020110345550332,0.12035575605027836,-0.4438936506506626,0.5295011843594016,0.10320715182073074,0.9349964085656015,1.1943678885692097,2.471078031029856e-07,-0.0,1.4165899735827503,1.4064879853219612,1,119.36261000202468
-0.4611400301399007,0.24822297345790167,-0.41786363185131736,-0.2656718688338486,0.4492359628450076,-0.20792990124024122,0.42976769914621044,0.22537879661618815,0.4678375273411749,1.7715219497534211,0.03911520626495862,0.10965017216940896,1.4786665729434938,-1.570796326792258,1,201.4889268532164
0.48917879027697125,0.013118257433558532,-0.47894596200058975,0.13465350941680665,-0.5028155693597297,-0.13146938456639432,0.49258274108334826,-0.016302382283970865,0.26489827904110064,3.740370832228784,0.24007072707440955,1.3307255997156748,0.20464180982602365,0.0,1,173.0213462999412
-0.4583352505885246,0.2512396702123163,-0.3630003641611558,-0.3059182185478771,0.443051348108397,-0.25600137777425813,0.37828426664128334,0.3106799261098189,0.5557933043758331,1.461870436209836,0.055669973009682065,-0.1325515322979217,-1.3306253189283057,-1.3397056595928065,1,79.68524356230235
-0.5364605337950455,0.1748539615397245,-0.26736796881533864,-0.31428985752111066,0.48230012921211673,-0.21808176399916734,0.3215283733982674,0.3575176599805535,0.6844110719431913,1.5164472508371993,0.23057232520966597,0.09232933473244904,-1.2878194334155397,-1.3699485366951962,1,94.50708675941648
-0.3600386308337416,0.32087025553364223,-0.44210428479484554,-0.24810412911086394,0.34256993595366597,-0.3357103645567938,0.4595729796749211,0.26294423813401563,0.5920238174270075,1.3732925354171608,0.04976386066365486,0.20418498026000156,1.33455106607996,1.2939225223401376,1,164.85594045142523
-0.45831702345958547,0.2660161987881,-0.3888121941720132,-0.2793824985194663,0.4086336512370497,-0.24885768201680447,0.43849556639454895,0.26222398174817074,0.48912041823546965,1.6443247743006535,0.18511781935559085,0.08279782530887572,-1.5650983827590685,-1.5226103054647178,1,194.49225093495173
-0.49458753093571173,0.23275586382885974,-0.3903702174415255,-0.2587341302083294,0.43629671605967263,-0.19900926747573497,0.4486610323175646,0.22498753385520465,0.46359723072894005,1.9191612742820239,0.23810176396634933,0.21259709148867303,1.4950254361943873,-1.5662092030032058,1,226.84276245334854
-0.49458753093571173,0.23275586382885974,-0.3903702174415255,-0.2587341302083294,0.43629671605967263,-0.19900926747573497,0.4486610323175646,0.22498753385520465,0.46359723072894005,1.9191612742820239,0.23810176396634933,0.21259709148867303,1.4950254361943873,-1.5662092030032058,1,234.66591433187574
-0.45831702345958547,0.2660161987881,-0.3888121941720132,-0.2793824985194663,0.4086336512370497,-0.24885768201680447,0.43849556639454895,0.26222398174817074,0.48912041823546965,1.6443247743006535,0.18511781935559085,0.08279782530887572,-1.5650983827590685,-1.5226103054647178,1,211.33073258126535
-0.49458753093571173,0.23275586382885974,-0.3903702174415255,-0.2587341302083294,0.43629671605967263,-0.19900926747573497,0.4486610323175646,0.22498753385520465,0.46359723072894005,1.9191612742820239,0.23810176396634933,0.21259709148867303,1.4950254361943873,-1.5662092030032058,1,233.96742716197375
-0.49458753093571173,0.23275586382885974,-0.3903702174415255,-0.2587341302083294,0.43629671605967263,-0.19900926747573497,0.4486610323175646,0.22498753385520465,0.46359723072894005,1.9191612742820239,0.23810176396634933,0.21259709148867303,1.4950254361943873,-1.5662092030032058,1,242.25508597862495
-0.3723196391406279,0.2769019413788983,-0.46457127581786395,-0.24180465561659745,0.4087989904422315,-0.29987134761929857,0.42809192451626027,0.26477406185699776,0.5148642900243692,1.5476847096796031,0.1418540721984979,0.22601759821399944,1.2351577764702493,1.183920609067045,1,177.56311511917283
-0.37375720585206085,0.3383766432560911,-0.43866825574754476,-0.3026375749741898,0.3901085517560525,-0.27342047132540603,0.422316909843553,0.23768140304350474,0.5519037328292465,1.3431607928574738,0.03798476102382541,-0.3377608311246332,-1.3691932181385502,-1.2081329426193599,1,169.20967583279736
-0.12260380785417464,0.44088760228543517,-0.5272531325555053,-0.10020110345550332,0.12035575605027836,-0.4438936506506626,0.5295011843594016,0.10320715182073074,0.9349964085656015,1.1943678885692097,2.471078031029856e-07,-0.0,1.4165899735827503,1.4064879853219612,1,134.98861454817862
-0.12260380785417464,0.44088760228543517,-0.5272531325555053,-0.10020110345550332,0.12035575605027836,-0.4438936506506626,0.5295011843594016,0.10320715182073074,0.9349964085656015,1.1943678885692097,2.471078031029856e-07,-0.0,1.4165899735827503,1.4064879853219612,1,284.68792454337716
-0.35625166310513573,0.3577145078605756,-0.4273698492887494,-0.29706913987948125,0.34919033206588385,-0.314687548797035,0.4344311803280012,0.25404218081594065,0.5794767847439495,1.2816751838931133,0.04058280138684897,-0.08550529367855193,-1.5707963267914484,-1.4631064559587366,1,186.02913557429684
-0.32728248976558033,0.35161901988187116,-0.5020688453441379,-0.28817119425240195,0.4225206126447691,-0.24158905516630108,0.40683072246494917,0.1781412295368318,0.5915432873130142,1.4451447326996203,0.3040491872290816,-0.31085180338511437,1.564623565693202,-1.29457783023412,1,165.23564835873898
-0.4571431057124897,0.1973792586809573,-0.3897321484912574,-0.26613844000801845,0.49952212426065823,-0.2456207042551153,0.34735312994308887,0.31437988558217644,0.5553616974543706,1.6479500952886135,0.12090276430356994,-0.0,-1.4494443262181247,-1.570796326788274,1,90.9047291650395
-0.4571431057124897,0.1973792586809573,-0.3897321484912574,-0.26613844000801845,0.49952212426065823,-0.2456207042551153,0.34735312994308887,0.31437988558217644,0.5553616974543706,1.6479500952886135,0.12090276430356994,-0.0,-1.4494443262181247,-1.570796326788274,1,75.5226462774049
-0.4559495790910352,0.2550781161184697,-0.38954614472316496,-0.29553746380113316,0.45426043686720796,-0.23247615411158473,0.3912352869469921,0.27293550179424814,0.5174297870864019,1.6011491681138237,0.004041289202250269,0.04542327942198939,-1.5707963267889442,-1.517276058329646,1,78.59717774322536
-0.5008290389127169,0.24353628731742763,-0.3264334110433889,-0.32650578118759943,0.45100655448672905,-0.21177221153305864,0.37625589546937677,0.29474170540323036,0.5913254700470968,1.5321359264127703,0.15037142800790076,0.15037142800863068,-1.5707963267873208,-1.4825904223914637,1,95.45032112889257
-0.20449768744239166,0.15866376065714088,0.2312867845804364,0.26908867730044617,0.5838872201991055,-0.24361078938391686,-0.6106763173371501,-0.18414164857367016,0.6124520886154243,2.3299488592440323,0.2979119972670767,-0.09204684886411078,-1.1244737168557708,0.5448639154549016,1,254.75775769315675
-0.20449768744239166,0.15866376065714088,0.2312867845804364,0.26908867730044617,0.5838872201991055,-0.24361078938391686,-0.6106763173371501,-0.18414164857367016,0.6124520886154243,2.3299488592440323,0.2979119972670767,-0.09204684886411078,-1.1244737168557708,0.5448639154549016,1,249.55574688001246
-0.4162522213513068,0.27206549268439956,-0.405353701463806,-0.2417823804553509,0.3656471397252974,-0.3216455014498644,0.4559587830898154,0.2913623892208157,0.5346722280522076,1.4228381358792181,0.16747964208717833,0.005128160174260693,-1.4515024446616251,1.5647541042572168,1,182.97880934114363
-0.40376112280446513,0.30381886581520895,-0.4249730839346866,-0.2792861386562639,0.3877223158006341,-0.27773498102987143,0.44101189093851767,0.2532022538709264,0.5049601726456681,1.4851269809596888,0.06367229886732957,-0.34268147468237786,-1.2663850749529206,-1.2046305571480662,1,146.9707829956237
-0.40062331923201494,0.29494894025048274,-0.3982159793442205,-0.2880123277516944,0.3893367429255461,-0.3130482723468601,0.4095025556506894,0.3061116598480717,0.501597481761735,1.3084274882109945,0.03668760427750444,-0.31434328246692567,-1.2205447202031865,-1.2661016876195677,1,145.31617933384905
-0.4162522213513068,0.27206549268439956,-0.405353701463806,-0.2417823804553509,0.3656471397252974,-0.3216455014498644,0.4559587830898154,0.2913623892208157,0.5346722280522076,1.4228381358792181,0.16747964208717833,0.005128160174260693,-1.4515024446616251,1.5647541042572168,1,167.9313924582199
-0.3813940002726346,0.27134804093293374,-0.48659156282012306,-0.2071357919671791,0.37005888612938104,-0.27116271885183335,0.49792667696337667,0.20695046988607868,0.534111738286908,1.8147441723996263,0.044913595470484464,0.04491359547004132,1.3840720504987631,1.3825748214931892,1,173.3592048349465
-0.40376112280446513,0.30381886581520895,-0.4249730839346866,-0.2792861386562639,0.3877223158006341,-0.27773498102987143,0.44101189093851767,0.2532022538709264,0.5049601726456681,1.4851269809596888,0.06367229886732957,-0.34268147468237786,-1.2663850749529206,-1.2046305571480662,1,149.4931434341744
-0.4362555481957581,0.28322977286401363,-0.4094785162367426,-0.29239327137208426,0.4229556112141867,-0.23895516541498782,0.42277845321831403,0.24811866392305837,0.4945817432211796,1.4926628946035214,0.04612111601518545,0.04612111601474738,1.5070530142657412,-1.5295825641331458,1,169.6501089625064
-0.3655049961092251,0.3381805990596952,-0.4372522593721005,-0.28968188337513223,0.37159576165098035,-0.29972634581635693,0.4311614938303452,0.2512276301317939,0.553967164193718,1.3613486421145358,0.006083219303628713,0.12313622610755039,1.346298970653562,1.4425970455674408,1,178.91599731699242
-0.2964997142837824,0.40143767839927147,-0.44448232604107746,-0.24667524768112867,0.25974624331216206,-0.3786209750086602,0.4812357970126977,0.2238585442905174,0.7221144325046459,1.1867288684119897,0.12781347878142202,-0.0,1.5315308045806533,-1.5707963267916916,1,187.10964300757627
-0.4362555481957581,0.28322977286401363,-0.4094785162367426,-0.29239327137208426,0.4229556112141867,-0.23895516541498782,0.42277845321831403,0.24811866392305837,0.4945817432211796,1.4926628946035214,0.04612111601518545,0.04612111601474738,1.5070530142657412,-1.5295825641331458,1,172.4448131128496
-0.3948235489897042,0.34569692624449483,-0.42043783107226124,-0.28244153073383305,0.3178975514105513,-0.27415249905825173,0.4973638286514141,0.2108971035475899,0.5765065183509778,1.4611454680529796,0.3136206522169739,0.31362065221934204,1.2051939950947437,1.3663751214235962,1,96.06736752416097
-0.40062331923201494,0.29494894025048274,-0.3982159793442205,-0.2880123277516944,0.3893367429255461,-0.3130482723468601,0.4095025556506894,0.3061116598480717,0.501597481761735,1.3084274882109945,0.03668760427750444,-0.31434328246692567,-1.2205447202031865,-1.2661016876195677,1,178.4189538824407
-0.4787161896128042,0.26548183986114293,0.3457111473232649,0.35058382780412095,0.42044265916598433,-0.24183571106628776,-0.28743761687644503,-0.37422995659897607,0.6517227279628858,1.2405377327630007,0.08203178817305458,0.02558077266974025,1.5678377555484952,-1.408692442056305,2,326.976276049737
-0.46445337052338037,0.18194163570540936,-0.48503986412659866,-0.17599925457834004,0.4672431290023212,-0.13343562720901345,0.48225010564765786,0.1274932460819441,0.34623263294353845,2.702373481295919,4.897021271334632e-07,-0.0,1.4686792706652563,-1.570796326791363,2,26.947294675036236
-0.5035175074731832,0.21262274939185152,-0.3507757124278721,-0.2733013683207175,0.45547060211280244,-0.22963237217392748,0.39882261778825295,0.29031099110279346,0.5404975511028499,1.7015029808198023,0.19603130421629394,-0.0,-1.3203532371791793,-1.352127380917033,2,384.63750430543536
-0.4180297811950593,0.29133675102261347,-0.4672512170812156,-0.2727214395804523,0.4348440982071941,-0.17591686985309057,0.45043690006908077,0.15730155841092947,0.5176294988977304,1.6269387315680062,0.04028212920407598,-0.13706617431096554,1.513918240244273,-1.3676454348050606,2,113.92961180365367
-0.48638638080919133,0.16979215440914466,-0.4466367816327766,-0.19848716181004145,0.5263288007544747,-0.14826143316471502,0.4066943616874932,0.17695644056561188,0.38021743594677665,2.697382976179696,0.2449786631281473,-0.2449786631310658,-1.269876092428181,-1.2263224115498503,2,90.54352078682396
0.31088340873015063,0.08037803989100002,-0.8591552381838229,0.004684275375062034,0.23625307195908937,-0.07361325350292391,0.312018757494583,-0.011449061763138155,0.1803505983838476,7.605455931085889,0.6225009337731056,-1.5185563183502575,-1.48707639126041,0.0,2,82.1703631987946
-0.2874023675920882,0.27092696361147345,0.42316060548461276,0.2350146764732121,0.4147091566338813,-0.31091542583249043,-0.5504673945264059,-0.19502621425219502,0.5664980419559589,1.6733535020393815,0.06900076029895752,-0.4433343763084361,-1.0924438954104012,1.5506648186712029,2,150.07646497049626
-0.5121848772226256,0.21620561955630824,-0.2354806003889984,-0.3825066128343238,0.4417727787425622,-0.2222982045803752,0.30589269886906173,0.38859919785839075,0.7356022916695579,1.237129383201263,0.2140606835640645,0.2140606835653257,1.5573743140615157,-1.5596236073505714,2,187.7984950222135
-0.2874023675920882,0.27092696361147345,0.42316060548461276,0.2350146764732121,0.4147091566338813,-0.31091542583249043,-0.5504673945264059,-0.19502621425219502,0.5664980419559589,1.6733535020393815,0.06900076029895752,-0.4433343763084361,-1.0924438954104012,1.5506648186712029,2,76.67726201874603
-0.40651755156160596,0.31648840128221567,-0.39593803400355954,-0.32381670012280755,0.4057665364263125,-0.271034644083711,0.39668904913885294,0.27836294292430286,0.5201096453287909,1.268589124474444,2.9802322387695424e-07,-0.0,1.5215750316814756,-1.506844245993113,2,94.80261477439257
-0.5121848772226256,0.21620561955630824,-0.2354806003889984,-0.3825066128343238,0.4417727787425622,-0.2222982045803752,0.30589269886906173,0.38859919785839075,0.7356022916695579,1.237129383201263,0.2140606835640645,0.2140606835653257,1.5573743140615157,-1.5596236073505714,2,88.55305701236799
-0.7677964052614797,0.03383634567328772,0.12093027223590357,-0.23306150483017232,0.34529586451954714,-0.1353159128193831,0.3015702685060291,0.3345410719762677,0.6317940405510399,1.9610416077455652,1.1862564348553852,0.9631430738038913,1.4758446204678706,-1.5290088201576129,2,40.312280805725585
-0.4376989063758082,0.2904454703498478,-0.4337520392379723,-0.29358155305768185,0.4399499991175271,-0.18548295465220935,0.43150094649625337,0.1886190373600434,0.5125706778721489,1.5027539314408034,0.015823133373257768,-0.2167773970592766,-1.4703602147422088,-1.230642942160285,2,11.846540945037969
-0.47601050401316414,0.2633345721774863,-0.39080481324310423,-0.3052705185291995,0.4637728604620624,-0.17871003231058893,0.40304245679420597,0.22064597866230212,0.5343656052020704,1.652787461517844,0.002170980286703666,0.005128160174260693,1.5673833707667713,-1.378656960323033,2,8.462379225796772
-0.43537520254080314,0.24868433778516338,-0.47106332493896214,-0.2534464524914558,0.4960839794851218,-0.15248544021804317,0.41035454799464344,0.15724755492433562,0.4856344402843673,1.9260864363471744,0.34097895349646273,-0.34097895349804375,-1.4047852088843102,-1.1930739068527016,2,21.04949596145893
-0.3106129883019513,0.338341724275891,-0.5697819305402877,-0.2527337472117088,0.4492594287809175,-0.11041480776531903,0.4311354900613214,0.02480683070113688,0.6023303519261461,1.7240460964426667,0.5464617228118883,-0.5464617228158621,1.5652715211347488,-1.0376406212811873,2,45.05518900587367
-0.5466842846356013,0.30476064203639763,-0.12888673110962565,-0.3184425320620771,0.036751813933551904,-0.19403904755454143,0.638819201811675,0.2077209375802209,0.7388095356587506,1.9022744679730246,1.572940053101961,0.5294863783059768,0.9877197917905786,-1.4280243817722242,2,32.686002611835974
-0.3875345572314576,0.3254172767406283,-0.4551497830548758,-0.28010796411859823,0.3815511993265221,-0.24519365072374236,0.4611331409598113,0.19988433810171224,0.5548324382591897,1.51320351685836,0.06573160535177935,-0.004328977287078243,1.4222178571413753,-1.5308176396685345,2,8.257219835782978
-0.4736734374219986,0.30339423527816,-0.377744323098325,-0.3187340111039692,0.38175428445945925,-0.1832037619231204,0.4696634760608643,0.1985435377489296,0.5868765397326238,1.5163061940502827,0.3793255256312084,0.10487693873084272,1.44232128493553,-1.411988718475457,2,18.009774703804485
-0.31613186662836773,0.3821132978244091,-0.4803309887264163,-0.31861469693087713,0.41361909662693125,-0.25774791753047743,0.38284375872785276,0.19424931663694545,0.6264158507209682,1.2757447854863282,0.2981561136360601,-0.2981561136373175,-1.5707963267911513,-1.2402483454000888,2,11.97984324676554
-0.4736734374219986,0.30339423527816,-0.377744323098325,-0.3187340111039692,0.38175428445945925,-0.1832037619231204,0.4696634760608643,0.1985435377489296,0.5868765397326238,1.5163061940502827,0.3793255256312084,0.10487693873084272,1.44232128493553,-1.411988718475457,2,188.95912624189464
-0.45180935566708286,0.24215355383666357,-0.4237921749831246,-0.23506240445477447,0.41121324705800477,-0.24603048786855308,0.4643882835922026,0.238939338486664,0.44727306653437604,1.8767463927313686,0.16785214946382027,-0.03656905591376416,-1.462450349576046,-1.4720767407666489,2,174.85452654268565
0.39104086508598274,0.4290604235124912,0.15418970905989934,-0.29344185003968765,0.12383034089380218,-0.2689795491739488,-0.6690609150396842,0.13336097570114522,0.7659259463375064,1.4672642826626436,1.4179996248913933,-1.5517510108033599,-0.3805063771813304,0.569756453486527,2,122.23709431411403
-0.5003522017353512,-0.006018191926981384,0.49957494348900056,-0.006027555265484116,0.5003522017353512,0.006018191926981384,-0.49957494348900056,0.006027555265484116,0.012063602192665947,83.01080283751897,1.794337418495463e-07,-1.5063694873653275,-0.0,-0.0,2,14.821952279198515
-0.48464677907002146,0.22117324762536675,-0.42611732522366724,-0.2171507267651417,0.4109125950244367,-0.18743064813808466,0.49985150926925204,0.18340812727785963,0.43152920252552307,2.246051655532242,0.3681307713255608,-0.0,-1.4735431285372909,-1.3997104841928543,2,69.59710859546476
-0.4296318323113007,0.22045414385293916,-0.4715205112554388,-0.19995065524003988,0.42865112410618467,-0.23081377293505742,0.4725012194605549,0.21031028432215818,0.4260067198228056,2.091931855992081,0.00023126834141751475,0.3168244858730724,1.188933098418867,1.165904540516518,2,8.169547036828668
-0.354450649380695,0.3118360517064828,-0.47498018445806817,-0.2600021512305283,0.39848102077753156,-0.2886596740389448,0.4309498130612316,0.23682577356299025,0.5440070913349054,1.5086368789631603,0.14602517631457493,0.009999666686715234,1.3858591387428283,1.4482787210890495,2,11.62774914378453
-0.30002590913907573,0.3399826696225525,-0.4608173343911253,-0.2147277527733237,0.305228341817621,-0.3997787140254334,0.45561490171258007,0.2745237971762045,0.6779411789996949,1.2388214042540344,0.06269921222696206,-0.08163634212943946,-1.5342677321363605,1.4567105476301643,2,240.43024716242397
-0.4150149521809252,0.3133001026379819,-0.37429304026195354,-0.31935111204356015,0.3809781508282575,-0.29330986618832317,0.40832984161462127,0.2993608755939014,0.5208900838964763,1.3014197628783404,0.11039557806121574,-0.21135497633634798,-1.329628620825285,-1.2782345603882876,2,226.353199833954
-0.4539871425193372,-0.1203333673639709,0.4921099650776295,-0.10247889366295322,0.48153427512042535,0.11145427248626708,-0.5196570976787176,0.11135798854065704,0.2345150995545013,4.365060464009502,0.018773304438833006,1.3134726118402156,0.2267988480707398,-0.0,2,102.21664850678505
-0.11855910592847282,0.2833068274846374,-0.6473183612143733,-0.05995714685077253,0.20422444198336287,-0.33635325092245094,0.5616530251594833,0.11300357028858608,0.7491513040723502,1.9510235183806977,0.32304877325205933,-0.6244975487935811,1.5141559436606593,1.4456263365100792,2,133.9016130978948
0.42958627273201505,0.23593593669368806,0.5050313980221423,-0.22019584308485327,-0.4800966666314689,-0.105442886221659,-0.4545210041226884,0.08970279261282417,0.4493482174402416,2.159744416694459,0.29423456511236906,-1.5707963267825509,-0.2798806853573495,-0.0,2,88.64316090199645
-0.39207195231776165,0.343833001119722,-0.3803072209065234,-0.37021173276273417,0.41612697239853874,-0.2569429496329817,0.3562522008257463,0.2833216812759939,0.5770901861231379,1.1318603532329161,0.0938997957595184,0.5564039291916844,0.8895945986636528,1.1115539756453163,2,38.5484243610882
-0.4981725193050673,0.24090365683737086,-0.3487009323590009,-0.3055595083169431,0.4522664156703151,-0.2090025557750571,0.3946070359937531,0.27365840725462937,0.5505112587945062,1.6409004442438369,0.14809683414207245,0.15333238839900884,1.5644872622436896,-1.4938059518027922,2,30.604599332662975
-0.41951685652343956,0.23685010813966162,-0.38075307372572464,-0.2881196791764168,0.4473040079509111,-0.30142918253425144,0.35296592229825313,0.3526987535710066,0.5670117430515826,1.3251549377870744,0.06952576879456972,0.059070981860978575,-1.5400892583614247,1.4365717559098223,2,127.18199365770698
-0.41259737561084286,0.278081309201874,-0.3984016931878733,-0.25843746880181595,0.3739623782047821,-0.32277438242493023,0.43703669059393413,0.3031305420248722,0.5317901460178794,1.3574490837432571,0.1268866347079224,-0.0,-1.4612368000176588,1.5677751879532908,2,7.238094026848274
-0.47280477376390384,0.1623946962227232,-0.4777284186602904,-0.16084892507943285,0.4730017195597593,-0.14946495137063698,0.477531472864435,0.14791918022734662,0.308781666621157,2.9552319939881637,9.324841408230413e-07,-0.0,1.5435921554044811,-1.570796326788094,2,102.37425496935916
-0.3042495299224292,0.37786638841124487,-0.5294760545422607,-0.2686998697869481,0.3605561610773871,-0.2162248238616966,0.4731694233873028,0.10705830523739987,0.6482767349642568,1.5507234799472336,7.529142556583928e-07,-0.0,1.1767084418681006,-1.5707963267849956,2,87.63971441027613
0.1230252971346655,0.3387698924330096,0.054386010981270105,0.03284241162949465,-0.7106898411142486,-0.12436765526982235,0.533278532998313,-0.24724464879268185,0.728983556054842,2.122760250130846,1.4485456158163055,0.30850629573509225,0.8389184318536368,-1.1399911139508472,2,98.3097791538518
-0.36670459749235673,0.3526813203389311,0.4855670560560483,0.2360162760970352,0.30648225014500785,-0.3220314195455413,-0.4253447087086994,-0.26666617689042504,0.6146037725974229,1.3500734622570167,0.06053201978219432,-0.0,1.3963069765717833,-1.5291537476933372,2,96.0704128294017
0.6520864306094131,0.03454986727931736,-0.4829528300915277,0.05173838146163156,-0.4842980181579697,-0.037090778071485545,0.31516441764008424,-0.049197470669463374,0.11470193268486038,11.25848174632194,4.6337580101091717e-07,1.570796326786201,0.0,1.3120254348037133,2,133.94093655051623
-0.5139540814112437,0.19415075201837864,0.4765625222539543,0.243767446747007,0.41544729773773664,-0.22929130400373463,-0.3780557385804473,-0.208626894761651,0.46857254712772606,2.0938553659418697,0.07608602032141262,-0.0760860203214254,1.4683524732970203,-1.2193515327815505,2,91.54704323019632
-0.48767951333281556,0.2213034385928143,-0.38270074574369173,-0.2381213060305715,0.41663425397888326,-0.24695443885127977,0.45374600509762403,0.26377230628903703,0.4808111908200138,1.843305696026929,0.29718083041644244,-0.0,-1.3351024479177485,-1.3912332713709574,2,47.816127114571536
-0.4594711507184256,0.24655002859858338,-0.374663388484173,-0.28628080691279784,0.43592601866891745,-0.2597586468515621,0.3982085205336812,0.2994894251657766,0.5244970077145226,1.5285808672968475,0.09049927286781644,0.43199591398179726,1.263933009954765,1.2349951748461998,2,43.580393008503826
0.2754066715655493,0.020364261914512044,-0.862697152626791,0.00011287747376232844,0.2353861369302162,-0.01454639432989935,0.3519043441310255,-0.005930745058375023,0.04240253532725969,34.79171197053203,0.05601610355830813,1.5147802232424008,-1.4836390522309781,-1.1659045403891235,2,66.03962359618195
-0.3852651288685395,0.3154302149148344,-0.48154888047553773,-0.27687324558912063,0.41997558872536667,-0.20195176182505928,0.4468384206187104,0.1633947924993455,0.5498870111260503,1.567418330300383,0.08775363712723482,-0.43727482811903357,-1.377584842943601,-1.1139513339454865,2,27.626008849930997
-0.3201977622372116,0.314701967644817,-0.49862970441807025,-0.1945674924261001,0.31306636336261773,-0.3347734314244821,0.5057611032926641,0.2146389562057653,0.652327120659465,1.546464745470006,0.00032091858465647173,0.0043859367888113635,1.4004516640235418,1.3499675570683238,2,18.805582009880478
-0.3559633371733649,0.3195162476294306,-0.43361800201869716,-0.24193559323978,0.33274691308176246,-0.3567639795038702,0.4568344261102996,0.2791833251142196,0.6021953703464771,1.316691502135964,0.05526261203199783,-0.24603351505734938,-1.3134726118207316,-1.4126196479621216,2,135.68942992800586
0.4828911827027019,0.00013979566127380556,-0.515191254033021,0.0017295734321267596,-0.4842828852408961,-0.0017876913684881444,0.5165829565712152,-8.167772491242079e-05,0.003629023113140509,293.3456162936202,0.003297366918424302,-0.8710774609052876,0.9827937233627136,0.8760580506965541,2,190.51776466555054
